SN,ZONE,STATE,LGAs,NAME OF WARD (INEC),NAME OF WARD (STATE),HEALTH FACILITY,,,,,,,
1,SEZ,ABIA,ABA NORTH,ARIARIA MARKET,ARIARIA,UMUNNE-ATO PHC,,,,,,,
2,SEZ,ABIA,ABA NORTH,EZIAMA ,EZIAMA,EZIAMA PHC,,,,,,,
3,SEZ,ABIA,ABA NORTH,INDUSTRIAL AREA,INDUSTRIAL,INDUSTRIAL,,,,,,,
4,SEZ,ABIA,ABA NORTH,OGBOR 1,OGBOR I,OGBOR 1,,,,,,,
5,SEZ,ABIA,ABA NORTH,OGBOR 11,OGBOR II,OGBOR 2 CLINIC,,,,,,,
6,SEZ,ABIA,ABA NORTH,OLD ABA GRA,OLD ABA GRA,OLD GRA HC,,,,,,,
7,SEZ,ABIA,ABA NORTH,OSUSU 1,OSUSU I,OSUSU I PHC,,,,,,,
8,SEZ,ABIA,ABA NORTH,OSUSU 11,OSUSU II,OSUSU 2 HP,,,,,,,
9,SEZ,ABIA,ABA NORTH,ST. EUGENES BY OKIGWE RD,ST.EUGENES BY OKIGWE RD.,ST EUGENE HP,,,,,,,
10,SEZ,ABIA,ABA NORTH,UMUOGOR,UMUOGOR,UMUOGOR PHC,,,,,,,
11,SEZ,ABIA,ABA NORTH,UMUOLA,UMUOLA,UMUOLA EGBELU PHC,,,,,,,
12,SEZ,ABIA,ABA NORTH,URATTA,URATTA,URATTA PHC,,,,,,,
13,SEZ,ABIA,ABA SOUTH,ABA RIVER,ABA RIVER,ABA RIVER PHC,,,,,,,
14,SEZ,ABIA,ABA SOUTH,ABA TOWN HALL,ABA TOWN HALL,MCH HEALTH OFFICE,,,,,,,
15,SEZ,ABIA,ABA SOUTH,ASA,ASA,ASA CLINIC,,,,,,,
16,SEZ,ABIA,ABA SOUTH,EKEOHA,EKEOHA,EKEOHA HC,,,,,,,
17,SEZ,ABIA,ABA SOUTH,ENYIMBA,ENYIMBA,ABA UKWU,,,,,,,
18,SEZ,ABIA,ABA SOUTH,EZIUKWU,EZIUKWU,EZIUKWU PHC,,,,,,,
19,SEZ,ABIA,ABA SOUTH,GLOUCHESTER,GLOUCESTER,ABSUTH PHC,,,,,,,
20,SEZ,ABIA,ABA SOUTH,IGWEBIKE,IGWEBUIKE,IGWEBUIKE PHC,,,,,,,
21,SEZ,ABIA,ABA SOUTH,MOSQUE,MOSQUE,MOSQUE PHC,,,,,,,
22,SEZ,ABIA,ABA SOUTH,NGWA,NGWA,AMAUFURU,,,,,,,
23,SEZ,ABIA,ABA SOUTH,OHAZU 2,ELUOHAZU,ASAEMA PHC,,,,,,,
24,SEZ,ABIA,ABA SOUTH,OHAZU 1,OHAZU I,UMUOGELE WARD PHC,,,,,,,
25,SEZ,ABIA,AROCHUKWU,AROCHUKWU 1,AROCHUKWU I,HEALTH OFFICE,,,,,,,
26,SEZ,ABIA,AROCHUKWU,AROCHUKWU 11 ,AROCHUKWU II,OBINKITA,,,,,,,
27,SEZ,ABIA,AROCHUKWU,AROCHUKWU 111 ,AROCHUKWU III,AMUVI,,,,,,,
28,SEZ,ABIA,AROCHUKWU,ELEOCHA IHECHIOWA,ELEOHA IHECHIOWA,ADUANU HC,,,,,,,
29,SEZ,ABIA,AROCHUKWU,IKWUN IHECHIOWA,IKWUN IHECHIOWA,NDI OKPO,,,,,,,
30,SEZ,ABIA,AROCHUKWU,ISU,ISU,IKE ISU HC,,,,,,,
31,SEZ,ABIA,AROCHUKWU,OHAEKE,OHAEKE,IDIMA ABAM HC,,,,,,,
32,SEZ,ABIA,AROCHUKWU,OHAFOR 1,OHAFOR I,OZU ABAM,,,,,,,
33,SEZ,ABIA,AROCHUKWU,OHAFOR 11,OHAFOR II,AMAEKE HC,,,,,,,
34,SEZ,ABIA,AROCHUKWU,OVUKWU,OVUKWU,NDI OJI ABAM,,,,,,,
35,SEZ,ABIA,AROCHUKWU,UTUTU ,UTUTU,UKWUAKWU HC,,,,,,,
36,SEZ,ABIA,BENDE,AMANKALU/ AKOLIUFU,AMANKALU/AKOLIUFU,AMANKALU ALAYI,,,,,,,
37,SEZ,ABIA,BENDE,BENDE,BENDE,BENDE MATERNITY,,,,,,,
38,SEZ,ABIA,BENDE,IGBERE ' A',IGBERE 'A',IGBERE PHC,,,,,,,
39,SEZ,ABIA,BENDE,IGBERE 'B',IGBERE 'B',AMAIYI IGBERE PHC,,,,,,,
40,SEZ,ABIA,BENDE,ITEM 'A',ITEM A,UMUNNATO PHC,,,,,,,
41,SEZ,ABIA,BENDE,ITEM 'B',ITEM B,OKOKO MATERNITY,,,,,,,
42,SEZ,ABIA,BENDE,ITEM 'C',ITEM C,AKANU ITEM MPHC,,,,,,,
43,SEZ,ABIA,BENDE,ITUMBAUZO,ITUMBAUZO,NTALAKWU HC,,,,,,,
44,SEZ,ABIA,BENDE,OZUITEM,OZUITEM,ISIEGBU OZUITEM PHC,,,,,,,
45,SEZ,ABIA,BENDE,UGWUEKE/EZEUKWU,UGWUEKE/EZEUKWU,AMABA UGWUEKE,,,,,,,
46,SEZ,ABIA,BENDE,UMUHU/EZECHI,UMUHU / EZECHI,UMUHU PHC,,,,,,,
47,SEZ,ABIA,BENDE,UMU-IMENYI,UMU - IMENYI,AKOLI PHC,,,,,,,
48,SEZ,ABIA,BENDE,UZUAKOLI ,UZUAKOLI,NGWU PHC,,,,,,,
49,SEZ,ABIA,IKWUANO,ARIAM,ARIAM,ARIAM 1 HC,,,,,,,
50,SEZ,ABIA,IKWUANO,IBERE 1,IBERE I,AHIAORIE HC,,,,,,,
51,SEZ,ABIA,IKWUANO,IBERE II,IBERE II,NGWUGWO PHC,,,,,,,
52,SEZ,ABIA,IKWUANO,OBORO 1 ,OBORO I,AMAWOM HC,,,,,,,
53,SEZ,ABIA,IKWUANO,OBORO 11 ,OBORO II,AMAOBA HC,,,,,,,
54,SEZ,ABIA,IKWUANO,OBORO 111 ,OBORO III,OBORO PHC,,,,,,,
55,SEZ,ABIA,IKWUANO,OBORO 1V,OBORO IV,OGBUEBULLE PHC,,,,,,,
56,SEZ,ABIA,IKWUANO,OLOKO 1,OLOKO I,AWOMUKWU PHC,,,,,,,
57,SEZ,ABIA,IKWUANO,OLOKO 11,OLOKO II,NCHARA OTORO PHC,,,,,,,
58,SEZ,ABIA,IKWUANO,USAKA,USAKA,AKWETE,,,,,,,
59,SEZ,ABIA,ISIALA NGWA NORTH,AMAPU NTIGHA,AMAPU NTIGHA,OHAMAPU PHC,,,,,,,
60,SEZ,ABIA,ISIALA NGWA NORTH,AMASAA NSULU ,AMASAA NSULU,OHURU PHC,,,,,,,
61,SEZ,ABIA,ISIALA NGWA NORTH,AMASAA NTIGHA,AMASAA NTIGHA,AKIRIKA UKU,,,,,,,
62,SEZ,ABIA,ISIALA NGWA NORTH,IHIE,IHIE,AMATO UMUODUDU PHC,,,,,,,
63,SEZ,ABIA,ISIALA NGWA NORTH,ISIALA NSULU ,ISIALA NSULU,UMUEZEGU PHC,,,,,,,
64,SEZ,ABIA,ISIALA NGWA NORTH,MBAWSI/UMUOMAINTA,NBAWSI/UMUOMAINTA,BASIC HF,,,,,,,
65,SEZ,ABIA,ISIALA NGWA NORTH,NGWA UKWU 1 ,NGWA UKWU I,OKPUALA NGWA PHC,,,,,,,
66,SEZ,ABIA,ISIALA NGWA NORTH,NGWA UKWU II,NGWA UKWU II,AHIABA OKPUALA,,,,,,,
67,SEZ,ABIA,ISIALA NGWA NORTH,UMUNNA NSULU,UMUNNA NSULU,UMUOSU PHC,,,,,,,
68,SEZ,ABIA,ISIALA NGWA NORTH,UMUOHA,UMUOHA,URATTA PHC,,,,,,,
69,SEZ,ABIA,ISIALA NGWA SOUTH,"AKUNAEKPU, EZIAMA NA OBU",AKUNEKPU EZIAMA NA OBUBA,OBUBA PHC,,,,,,,
70,SEZ,ABIA,ISIALA NGWA SOUTH,AMAISE/AMAISE AHABA,AMAISE /AMAISE ANABA,UGBA PHC,,,,,,,
71,SEZ,ABIA,ISIALA NGWA SOUTH,EHI NA GURU OSOKWA,EHINAGURU OSOKWA,AMAIYI PHC,,,,,,,
72,SEZ,ABIA,ISIALA NGWA SOUTH,MBUTU NGWA,MBUTU NGWA,MBUTU NGWA HC,,,,,,,
73,SEZ,ABIA,ISIALA NGWA SOUTH,MBUTU UKWU,MBUTU UKWU,MBUTU UKWU,,,,,,,
74,SEZ,ABIA,ISIALA NGWA SOUTH,NGWAOBI,NGWAOBI,NGWAOBI,,,,,,,
75,SEZ,ABIA,ISIALA NGWA SOUTH,OKPORO AHABA,OKPORO AHABA,UMUAJUJU,,,,,,,
76,SEZ,ABIA,ISIALA NGWA SOUTH,OMOBA,OMOBA,OMOBA,,,,,,,
77,SEZ,ABIA,ISIALA NGWA SOUTH,OVUNGWU,OVUNGWU,AFRICARE,,,,,,,
78,SEZ,ABIA,ISIALA NGWA SOUTH,OVUOKWU,OVUOKWU,EKETA,,,,,,,
79,SEZ,ABIA,ISUIKWUATO,ACHARA/ MBAUGWU,ACHARA / MGBUGWU,ACHARA PHC,,,,,,,
80,SEZ,ABIA,ISUIKWUATO,EZERE,EZERE,EZERE HC,,,,,,,
81,SEZ,ABIA,ISUIKWUATO,IKEAGHA 1 ,IKEAGHA I,ONUAKU PHC,,,,,,,
82,SEZ,ABIA,ISUIKWUATO,IKEAGHA 11,IKEAGHA II,NVURUNVU,,,,,,,
83,SEZ,ABIA,ISUIKWUATO,IMEYI,IMENYI,OHIYINTA,,,,,,,
84,SEZ,ABIA,ISUIKWUATO,ISIALA-AMAWU,ISIALA AMAWU,AMABA PHC,,,,,,,
85,SEZ,ABIA,ISUIKWUATO,ISU-AMAWU,ISU AMAWU,UMUASUA HC,,,,,,,
86,SEZ,ABIA,ISUIKWUATO,OGUDUASA,OGUNDUASA,AMAIYI UHU PHC,,,,,,,
87,SEZ,ABIA,ISUIKWUATO,UMUANYI/ ABSU,UMUANYI / ABSU,MBAUGWU PHC,,,,,,,
88,SEZ,ABIA,ISUIKWUATO,UMUNNEKWU ,UMUNNEKWU 1,AGBO UMUNNEKWU,,,,,,,
89,SEZ,ABIA,OBINGWA,ABAYI 1,ABAYI I,OSUSU AMAUKWA,,,,,,,
90,SEZ,ABIA,OBINGWA,ABAYI 11 ,ABAYI II,EHERE,,,,,,,
91,SEZ,ABIA,OBINGWA,AHIABA,AHIABA,UMUAGU PHC,,,,,,,
92,SEZ,ABIA,OBINGWA,AKUMAIMO,AKUMAIMO,AKUMAIMO PHC,,,,,,,
93,SEZ,ABIA,OBINGWA,ALAUKWU OHANZE,ALAUKWU OHANZE,OHANZE PHC,,,,,,,
94,SEZ,ABIA,OBINGWA,IBEME,IBEME,ABALA PHC,,,,,,,
95,SEZ,ABIA,OBINGWA,MGBOKO AMAIRI,MABOKO AMAIRI,MGBOKO AMAIRI PHC,,,,,,,
96,SEZ,ABIA,OBINGWA,MGBOKO ITUN GWA,MGBOKO ITUNGWA,ITUNGWA,,,,,,,
97,SEZ,ABIA,OBINGWA,MGBOKO- UMUANUNU,MGBOKO UMUANUNU,MGBOKO OKENGWA,,,,,,,
98,SEZ,ABIA,OBINGWA,NDIAKATA/AMAIRINABUA,NDIARATA / AMAIRINABUA,NDIAKATA PHC,,,,,,,
99,SEZ,ABIA,OBINGWA,NTIGHAUZO AMAIRI ,NTIGHAUZO AMAIRI,MBANO NTIGHAUZOR,,,,,,,
100,SEZ,ABIA,OHAFIA,AGBOJI ABIRIBA,AGBOJI ABIRIBA,AGBOJI,,,,,,,
101,SEZ,ABIA,OHAFIA,AMAEKE ABIRIBA,AMAEKE ABIRIBA,EKPANKUMA PHC,,,,,,,
102,SEZ,ABIA,OHAFIA,AMAOGUDU ABIRIBA,AMAOGUDU ABIRIBA,AMOGUDU PHC,,,,,,,
103,SEZ,ABIA,OHAFIA,ANIA OHAFIA,ANIA OHAFIA,ABIA HC,,,,,,,
104,SEZ,ABIA,OHAFIA,EBEM OHAFIA,EBEMOHA,EZIUKWU PHC,,,,,,,
105,SEZ,ABIA,OHAFIA,ISIAMA OHAFIA,ISIAMA OHAFIA,ISIAMA PHC,,,,,,,
106,SEZ,ABIA,OHAFIA,NDI AGBO NKPORO,NDI AGBO NKPORO,BASIC H/C,,,,,,,
107,SEZ,ABIA,OHAFIA,NDI ELU NKPORO,NDI ELU NKPORO,ETITIAMA PHC,,,,,,,
108,SEZ,ABIA,OHAFIA,NDI ETITI NKPORO ,NDI ETITI NKPORO,NKPORO PHC,,,,,,,
109,SEZ,ABIA,OHAFIA,OHAFOR OHAFIA,OHAFOR OHOAFIA,ASAGA MODEL HC,,,,,,,
110,SEZ,ABIA,OHAFIA,OKAMU OHAFIA,OKANU OHAFIA,OKON -AKU PHC,,,,,,,
111,SEZ,ABIA,OSISIOMA,AMA-ASAA,AMA - ASAA,UMUOBASI PHC,,,,,,,
112,SEZ,ABIA,OSISIOMA,AMAITOLU-MBUTU UMUOJIMA,AMAITOLU MBUTU UMUOJIMA,ABAYI ARIARIA HP,,,,,,,
113,SEZ,ABIA,OSISIOMA,AMASATOR,AMASATOR,UMUOCHAM PHC,,,,,,,
114,SEZ,ABIA,OSISIOMA,AMATOR,AMATOR,UMUOYORO PHC,,,,,,,
115,SEZ,ABIA,OSISIOMA,AMAVO,AMAVO,AMAVO TANK PHC,,,,,,,
116,SEZ,ABIA,OSISIOMA,ARO-NGWA,ARO - NGWA,EKEARO PHC,,,,,,,
117,SEZ,ABIA,OSISIOMA,OKPU-UMUOBO,OKPOR - UMUOBO,OKPU UMUOBO PHC,,,,,,,
118,SEZ,ABIA,OSISIOMA,OSO-OKWA,OSO - OKWA,OSOKWA PHC,,,,,,,
119,SEZ,ABIA,OSISIOMA,UMUNNEISE,UMUNNEISE,OKPUALOR UMUGWUOR,,,,,,,
120,SEZ,ABIA,OSISIOMA,URATTA,URTTA,LGA HEALTH OFFICE (HEALTH POST),,,,,,,
121,SEZ,ABIA,UGWUNAGBO,EIGHT,WARD EIGHT,UMUGO,,,,,,,
122,SEZ,ABIA,UGWUNAGBO,FIVE,WARD FIVE,UKEBE,,,,,,,
123,SEZ,ABIA,UGWUNAGBO,FOUR,WARD FOUR,AZA PHC,,,,,,,
124,SEZ,ABIA,UGWUNAGBO,NINE,WARD NINE,IHIE UKWU,,,,,,,
125,SEZ,ABIA,UGWUNAGBO,ONE,WARD ONE,OBEGU PHC,,,,,,,
126,SEZ,ABIA,UGWUNAGBO,SEVEN,WARD SEVEN,ASA UMUNKA PHC,,,,,,,
127,SEZ,ABIA,UGWUNAGBO,SIX,WARD SIX,ASA- UMUAKWA,,,,,,,
128,SEZ,ABIA,UGWUNAGBO,TEN,WARD TEN,NGWAIYIEKWE PHC,,,,,,,
129,SEZ,ABIA,UGWUNAGBO,THREE,WARD THREE,ABAYI NCHOKORO,,,,,,,
130,SEZ,ABIA,UGWUNAGBO,TWO,WARD TWO,UGWUNAGBO PHC,,,,,,,
131,SEZ,ABIA,UKWA EAST,AKWETE,AKWETE OHANDU,AKWETE,,,,,,,
132,SEZ,ABIA,UKWA EAST,AZUMINI ,AZUMINI,OHURU PHC,,,,,,,
133,SEZ,ABIA,UKWA EAST,IKWUEKE EAST,IKWUEKE EAST,OHAMBELE,,,,,,,
134,SEZ,ABIA,UKWA EAST,IKWUEKE WEST,IKWUEKE WEST,OBUNKU,,,,,,,
135,SEZ,ABIA,UKWA EAST,IKWUORIE,IKWUORIE,OHANKU,,,,,,,
136,SEZ,ABIA,UKWA EAST,IKWURIATOR EAST,IKWURIATOR EAST,AKANU,,,,,,,
137,SEZ,ABIA,UKWA EAST,IKWURIATOR WEST,IKWURIATOR WEST,ABAKI,,,,,,,
138,SEZ,ABIA,UKWA EAST,NKPOROBE/OHURU,OHURU/MKPOROBE,OHURU PHC,,,,,,,
139,SEZ,ABIA,UKWA EAST,OBOHIA ,OBOHIA,OBOHIA,,,,,,,
140,SEZ,ABIA,UKWA EAST,UMUIGUBE ACHARA,UMUIGUBE ACHARA,AKIRIKA UKU,,,,,,,
141,SEZ,ABIA,UKWA WEST,ASA NORTH ,ASA NORTH,OMUMA -UZOR PHC,,,,,,,
142,SEZ,ABIA,UKWA WEST,ASA SOUTH,ASA SOUTH,UMUAKA PHC,,,,,,,
143,SEZ,ABIA,UKWA WEST,IPU EAST,IPU EAST,OBEHIE PHC,,,,,,,
144,SEZ,ABIA,UKWA WEST,IPU SOUTH ,IPU SOUTH,IMO RIVER,,,,,,,
145,SEZ,ABIA,UKWA WEST,IPU WEST,IPU WEST,OWAZA,,,,,,,
146,SEZ,ABIA,UKWA WEST,OBOKWE,OBOKWE,OBOKWE HC,,,,,,,
147,SEZ,ABIA,UKWA WEST,OBUZOR,OBUZOR,UMUELECHI PHC,,,,,,,
148,SEZ,ABIA,UKWA WEST,OGWE,OGWE,OGWE PHC,,,,,,,
149,SEZ,ABIA,UKWA WEST,OZAA UKWU,OZAA UKWU,UMUADIENWE PHC,,,,,,,
150,SEZ,ABIA,UKWA WEST,OZAA WEST,OZAA WEST,UMUORIE PHC,,,,,,,
151,SEZ,ABIA,UMUAHIA NORTH,AFUGIRI,AFUGIRI,UMUEGWU OKPUALA,,,,,,,
152,SEZ,ABIA,UMUAHIA NORTH,IBEKU EAST I ,IBEKU EAST I,NKATA HC,,,,,,,
153,SEZ,ABIA,UMUAHIA NORTH,IBEKU EAST II ,IBEKU EAST II,AMATO UMUODUDU PHC,,,,,,,
154,SEZ,ABIA,UMUAHIA NORTH,IBEKU WEST,IBEKU WEST,AJATA,,,,,,,
155,SEZ,ABIA,UMUAHIA NORTH,ISINGWU,ISINGWU,UMUDA PHC,,,,,,,
156,SEZ,ABIA,UMUAHIA NORTH,NDUME ,NDUME,UMUANA NDUME,,,,,,,
157,SEZ,ABIA,UMUAHIA NORTH,NKWOACHARA,NKWOACHARA,UMUAWA ALAOCHA,,,,,,,
158,SEZ,ABIA,UMUAHIA NORTH,NKWOEGWU ,NKWOEGWU,NKWOEGWU PHC,,,,,,,
159,SEZ,ABIA,UMUAHIA NORTH,UMUAHIA URBAN I,UMUAHIA URBAN I,ISIAMA AFARA,,,,,,,
160,SEZ,ABIA,UMUAHIA NORTH,UMUAHIA URBAN II,UMUAHIA URBAN II,AMUZUKWU,,,,,,,
161,SEZ,ABIA,UMUAHIA NORTH,UMUAHIA URBAN III,UMUAHIA URBAN III,WORLD BANK PHC,,,,,,,
162,SEZ,ABIA,UMUAHIA NORTH,UMUHU,UMUHU,AMAOGWUGWU,,,,,,,
163,SEZ,ABIA,UMUAHIA SOUTH,AHIAUKWU 1,AHIAUKWU I,AMIZI PHC,,,,,,,
164,SEZ,ABIA,UMUAHIA SOUTH,AHIAUKWU 11,AHIAUKWU II,UMUOPARAOZARA PHC,,,,,,,
165,SEZ,ABIA,UMUAHIA SOUTH,AMAKAMA,AMAKAMA,AMAKAMA PHC,,,,,,,
166,SEZ,ABIA,UMUAHIA SOUTH,EZELEKE/ OGBODIUKWU,EZELEKE/OGBODIUKWU,EZELEKE PHC,,,,,,,
167,SEZ,ABIA,UMUAHIA SOUTH,NSIRIMO,NSIRIMO,NSIRIMO PHC,,,,,,,
168,SEZ,ABIA,UMUAHIA SOUTH,OHIAOCHA,OHIAOCHA,UMUNWANWA PHC,,,,,,,
169,SEZ,ABIA,UMUAHIA SOUTH,OLD UMUAHIA,OLD UMUAHIA,OLD UMUAHIA,,,,,,,
170,SEZ,ABIA,UMUAHIA SOUTH,OMAEGWU,OMAEGWU,EKENOBIZI PHC,,,,,,,
171,SEZ,ABIA,UMUAHIA SOUTH,UBAKALA 'A',UBAKALA 'A',UBAKALA PHC,,,,,,,
172,SEZ,ABIA,UMUAHIA SOUTH,UBAKALA 'B',UBAKALA 'B',AMUZU PHC,,,,,,,
173,SEZ,ABIA,UMUNNEOCHI,AMUDA,AMUDA,ISUOCHI PHC,,,,,,,
174,SEZ,ABIA,UMUNNEOCHI,EZIAMA AGBO,EZIAMA - AGBO,EZIAMA NNEATO PHC,,,,,,,
175,SEZ,ABIA,UMUNNEOCHI,EZIAMA UGWU,EZIAMA - UGWU,EZIOBA PHC,,,,,,,
176,SEZ,ABIA,UMUNNEOCHI,EZINGODO ,EZINGODO,EZINGODO PHC,,,,,,,
177,SEZ,ABIA,UMUNNEOCHI,MBALA/ACHARA,MBALA/ACHARA,MBALA PHC,,,,,,,
178,SEZ,ABIA,UMUNNEOCHI,NDIAWA/UMUELEM/IHIE/AMORIE,NDIAWA/UMUELEM/I,UMUELEM PHC,,,,,,,
179,SEZ,ABIA,UMUNNEOCHI,OBINOLU/OBIAGU/LOMARA,OBINOLU/OBIAGU/LA,OBINOLU HC,,,,,,,
180,SEZ,ABIA,UMUNNEOCHI,UBAHU/AKAWA/AROIKPA,UBAHU/AKAWA/AROKPA,NNEATO PHC,,,,,,,
181,SEZ,ABIA,UMUNNEOCHI,UMUAKU,UMUAKU,UMUAKU PHC,,,,,,,
182,SEZ,ABIA,UMUNNEOCHI,UMUCHIEZE 1 ,UMUCHIEZE I,UMUCHIEZE PHC,,,,,,,
183,SEZ,ABIA,UMUNNEOCHI,UMUCHIEZE 11,UMUCHIEZE II,AMORJI PHC,,,,,,,
184,SEZ,ABIA,UMUNNEOCHI,UMUCHIEZE 111 ,UMUCHIEZE III,LOKPANTA PHC,,,,,,,
185,NEZ,ADAMAWA,DEMSA,BILLE,BILLE,BILLE PHCC,,,,,,,
186,NEZ,ADAMAWA,DEMSA,BORRONG,BORRONG,BORRONG PHCC,,,,,,,
187,NEZ,ADAMAWA,DEMSA,DEMSA,DEMSA,DEMSA PHCC,,,,,,,
188,NEZ,ADAMAWA,DEMSA,DILLI,DILLI,DILLI PHCC,,,,,,,
189,NEZ,ADAMAWA,DEMSA,DONG,DONG,DONG PHCC,,,,,,,
190,NEZ,ADAMAWA,DEMSA,DWAM,DWAM,DWAM PHCC,,,,,,,
191,NEZ,ADAMAWA,DEMSA,GWAMBA,GWAMBA,GWAMBA PHCC,,,,,,,
192,NEZ,ADAMAWA,DEMSA,KPASHAM,KPASHAM,KPSHAM PHCC,,,,,,,
193,NEZ,ADAMAWA,DEMSA,MBULA-KULI,MBULA,TAHAU PHCC,,,,,,,
194,NEZ,ADAMAWA,DEMSA,NASSARAWO-DEMSA,NASSARAWO DEMSA,N/DEMSA PHCC,,,,,,,
195,NEZ,ADAMAWA,FUFORE,BETI,BETI,CHIGARI HC,,,,,,,
196,NEZ,ADAMAWA,FUFORE,FARANG,FARANG,FARANG HC,,,,,,,
197,NEZ,ADAMAWA,FUFORE,FUFORE,FUFORE,FUFORE HC,,,,,,,
198,NEZ,ADAMAWA,FUFORE,GURIN,GURIN,GURIN HC,,,,,,,
199,NEZ,ADAMAWA,FUFORE,KARLAHI,KARLAHI,KARLAHI HC,,,,,,,
200,NEZ,ADAMAWA,FUFORE,MAYO-INE,MAYO-INE,MAYO-INE HC,,,,,,,
201,NEZ,ADAMAWA,FUFORE,PARIYA,PARIYA,PARIYA HC,,,,,,,
202,NEZ,ADAMAWA,FUFORE,RIBADU,RIBADU,RIBADU PRIMARY HEALTH CENTRE,,,,,,,
203,NEZ,ADAMAWA,FUFORE,UKI-TUKI,UKI-TUKI,CHOLI HC,,,,,,,
204,NEZ,ADAMAWA,FUFORE,WURO-BOKKI,WURO-BOKKI,WURO-BOKKI HC,,,,,,,
205,NEZ,ADAMAWA,FUFORE,YADIM,YADIM,YADIM HC,,,,,,,
206,NEZ,ADAMAWA,GANYE,BAKARI-GUSO,BAKARI-GUSO,DIRDIU HC,,,,,,,
207,NEZ,ADAMAWA,GANYE,GAMU,GAMU,GAMU HC,,,,,,,
208,NEZ,ADAMAWA,GANYE,GANYE I,GANYE I,OLD MARKET HEALTH POST,,,,,,,
209,NEZ,ADAMAWA,GANYE,GANYE II,GANYE II,GANGDONA HEALTH POST,,,,,,,
210,NEZ,ADAMAWA,GANYE,GURUMPAWO,GURUMPAWO,GURUMPAWO HC,,,,,,,
211,NEZ,ADAMAWA,GANYE,JAGGU,JAGGU,JAGGU PHCC,,,,,,,
212,NEZ,ADAMAWA,GANYE,SANGASUMI,SANGASUMI,SANGASUMI HC,,,,,,,
213,NEZ,ADAMAWA,GANYE,SUGU,SUGU,SUGU HC,,,,,,,
214,NEZ,ADAMAWA,GANYE,TIMDORE,TIMDORE,YELWA HC,,,,,,,
215,NEZ,ADAMAWA,GANYE,YEBBI,YEBBI,YEBBI HC,,,,,,,
216,NEZ,ADAMAWA,GIREI,DAKRI,DAKRI,DAKRI PHCC,,,,,,,
217,NEZ,ADAMAWA,GIREI,DAMARE,DAMARE,DAMARE PHCC,,,,,,,
218,NEZ,ADAMAWA,GIREI,GERENG,GERENG,GERENG PHCC,,,,,,,
219,NEZ,ADAMAWA,GIREI,GIREI I,GIREI I,GIREI A PHCC,,,,,,,
220,NEZ,ADAMAWA,GIREI,GIREI II,GIREI II,GIREI B PHCC,,,,,,,
221,NEZ,ADAMAWA,GIREI,JERA-BAKARI,JERA-BAKARI,NAWA PHCC,,,,,,,
222,NEZ,ADAMAWA,GIREI,JERA-BONYO,JERA-BONYO,JERA BONYO PHCC,,,,,,,
223,NEZ,ADAMAWA,GIREI,MODIRE/VINIKILANG,MODIRE,VUNOKLANG PHCC,,,,,,,
224,NEZ,ADAMAWA,GIREI,TAMBO,TAMBO,TAMBO PHCC,,,,,,,
225,NEZ,ADAMAWA,GIREI,WURO-DOLE,WURO-DOLE,JABBILAMBA PHCC,,,,,,,
226,NEZ,ADAMAWA,GOMBI,BOGA-DINGARI,BOGA-DINGARI,BOGA PHCC,,,,,,,
227,NEZ,ADAMAWA,GOMBI,DUWA,DUWA,FOTTA PHCC,,,,,,,
228,NEZ,ADAMAWA,GOMBI,GA'ANDA,GA'ANDA,GA'ANDA PHCC,,,,,,,
229,NEZ,ADAMAWA,GOMBI,GABUN,GABUN,GABUN PHCC,,,,,,,
230,NEZ,ADAMAWA,GOMBI,GARKIDA,GARKIDA,WUYAKU PHCC,,,,,,,
231,NEZ,ADAMAWA,GOMBI,GOMBI NORTH,GOMBI NORTH,GOMBI B PHCC,,,,,,,
232,NEZ,ADAMAWA,GOMBI,GOMBI SOUTH,GOMBI SOUTH,NYAKO PHCC,,,,,,,
233,NEZ,ADAMAWA,GOMBI,GUYAKU,GUYAKU,GUYAKU PHCC,,,,,,,
234,NEZ,ADAMAWA,GOMBI,TAWA,TAWA,MUCHALLA PHCC,,,,,,,
235,NEZ,ADAMAWA,GOMBI,YANG,YANG,YANG PHCC,,,,,,,
236,NEZ,ADAMAWA,GUYUK,BANJIRAM,BANJIRAM,BANJIRAM HC,,,,,,,
237,NEZ,ADAMAWA,GUYUK,BOBINI,BOBINI,BOBINI MODEL HC,,,,,,,
238,NEZ,ADAMAWA,GUYUK,BODENO,BODENO,BODENO HC,,,,,,,
239,NEZ,ADAMAWA,GUYUK,CHIKILA,CHIKILA,CHIKILA MCH,,,,,,,
240,NEZ,ADAMAWA,GUYUK,DUKUL,DUKUL,DUKUL MODEL HEALTH CENTRE,,,,,,,
241,NEZ,ADAMAWA,GUYUK,DUMNA TSALBU,DUMNA TSALBU,BOSHIKIRI MCH,,,,,,,
242,NEZ,ADAMAWA,GUYUK,GUYUK,GUYUK,GUYUK MCH,,,,,,,
243,NEZ,ADAMAWA,GUYUK,KOLA,KOLA,KOLA MCH,,,,,,,
244,NEZ,ADAMAWA,GUYUK,LOKORO,LOKORO,LOKORO HC,,,,,,,
245,NEZ,ADAMAWA,GUYUK,PURAKAYO,PURAKAYO,PURAKAYO HC,,,,,,,
246,NEZ,ADAMAWA,HONG,BANGSHIKA,BANGSHIKA,KALA'A PHCC,,,,,,,
247,NEZ,ADAMAWA,HONG,DAKSIRI,DAKSIRI,DAKSIRI GARI HC,,,,,,,
248,NEZ,ADAMAWA,HONG,GARAHA,GARAHA,GARAHA MCH,,,,,,,
249,NEZ,ADAMAWA,HONG,GAYA SKALMI,GAYA SKALMI,KUVA GAYA HC,,,,,,,
250,NEZ,ADAMAWA,HONG,HILDI,HILDI,HILDI HC,,,,,,,
251,NEZ,ADAMAWA,HONG,HONG,HONG,HONG C HC,,,,,,,
252,NEZ,ADAMAWA,HONG,HOSHERI-ZUM,HOSHERI-ZUM,KWAKWAAH HC,,,,,,,
253,NEZ,ADAMAWA,HONG,KWARHI,KWARHI,KWARHI HC,,,,,,,
254,NEZ,ADAMAWA,HONG,MAYO-LOPE,MAYO-LOPE,KURMI MCH,,,,,,,
255,NEZ,ADAMAWA,HONG,SHANGUI,SHANGUI,MUNGA HC,,,,,,,
256,NEZ,ADAMAWA,HONG,THILBANG,THILBANG,PELLA HC,,,,,,,
257,NEZ,ADAMAWA,HONG,UBA,UBA,UBA B HC,,,,,,,
258,NEZ,ADAMAWA,JADA,DANABA,DANABA,DANABA PRIMARY HEALTH CARE CENTER,,,,,,,
259,NEZ,ADAMAWA,JADA,JADA I,JADA I,JADA 1 PRIMARY HEALTH CARE CENTER,,,,,,,
260,NEZ,ADAMAWA,JADA,JADA II,JADA II,JADA 2 PRIMARY HEALTH CARE CENTRE,,,,,,,
261,NEZ,ADAMAWA,JADA,KOMA I,KOMA I,CHONCHA HEALTH POST,,,,,,,
262,NEZ,ADAMAWA,JADA,KOMA II,KOMA II,BETTI PRIMARY HEALTH CARE CENTER,,,,,,,
263,NEZ,ADAMAWA,JADA,LEKO,LEKO,SO'O PHCC,,,,,,,
264,NEZ,ADAMAWA,JADA,MAPEO,MAPEO,MAPEO PHCC NOT LENGDO HEALTH POST,,,,,,,
265,NEZ,ADAMAWA,JADA,MAYO-KALAYE,MAYO-KALAYE,WURO ABBO PHC,,,,,,,
266,NEZ,ADAMAWA,JADA,MBURO,MBULO,MBULO PHCC,,,,,,,
267,NEZ,ADAMAWA,JADA,NYIBANGO,NYIBANGO,DASHEN HC,,,,,,,
268,NEZ,ADAMAWA,JADA,YELLI,YELLI,KOJOLI PHCC,,,,,,,
269,NEZ,ADAMAWA,LAMURDE,DUBWANGE,DUBWANGE,DUBWANGE PHCC,,,,,,,
270,NEZ,ADAMAWA,LAMURDE,GYAWANA,GYAWANA,GYAWANA PRIMARY HEALTH CARE CENTRE,,,,,,,
271,NEZ,ADAMAWA,LAMURDE,LAFIYA,LAFIYA,LAFIYA WAJA PRIMARY HEALTH CARE CINIC,,,,,,,
272,NEZ,ADAMAWA,LAMURDE,LAMURDE,LAMURDE,LAMURDE MCH,,,,,,,
273,NEZ,ADAMAWA,LAMURDE,NGBAKOWO,NGBAKOWO,NGBAKAWO PRIMARY HEALTH CENTRE,,,,,,,
274,NEZ,ADAMAWA,LAMURDE,NGBEBONGUN,NGBEBONGUN,SABON LAYI PHCC,,,,,,,
275,NEZ,ADAMAWA,LAMURDE,OPALO,OPALO,OPALO PHCC,,,,,,,
276,NEZ,ADAMAWA,LAMURDE,RIGANGE,RIGANGE,RIGANGE PHCC,,,,,,,
277,NEZ,ADAMAWA,LAMURDE,SUWA,SUWA,SUWA PHCC,,,,,,,
278,NEZ,ADAMAWA,LAMURDE,WADUKU,WADUKU,WADUKU PHCC,,,,,,,
279,NEZ,ADAMAWA,MADAGALI,BEBEL,BEBEL,HUMBUTUDI PHCC,,,,,,,
280,NEZ,ADAMAWA,MADAGALI,DUHHU/SHUWA,DUHU,DUHU HC,,,,,,,
281,NEZ,ADAMAWA,MADAGALI,GULAK,GULAK,BAKIN NDUTSE HEALT POST,,,,,,,
282,NEZ,ADAMAWA,MADAGALI,HYAMBULA,HYAMBULA,HYAMBULA II HC,,,,,,,
283,NEZ,ADAMAWA,MADAGALI,K/WURO NGAYANDI,K/WURO NGAYANDI,KIRCHINGA MCH,,,,,,,
284,NEZ,ADAMAWA,MADAGALI,MADAGALI,MADAGALI,MADAGALI HC,,,,,,,
285,NEZ,ADAMAWA,MADAGALI,PALLAM,PALLAM,PALLAM MCH,,,,,,,
286,NEZ,ADAMAWA,MADAGALI,SHELMI/VAPURA,SUKUR,MILDU MODEL HEALTH CENTRE,,,,,,,
287,NEZ,ADAMAWA,MADAGALI,WAGGA,WAGGA,WAGGA MCH,,,,,,,
288,NEZ,ADAMAWA,MADAGALI,WULA,WULA,WULA MCH,,,,,,,
289,NEZ,ADAMAWA,MAIHA,BELEL,BELEL,BELEL MCH,,,,,,,
290,NEZ,ADAMAWA,MAIHA,HUMBUTUDI,HUMBUTUDI,HUMBUTUDI PHCC,,,,,,,
291,NEZ,ADAMAWA,MAIHA,KONKOL,KONKOL,KONKOL MCH,,,,,,,
292,NEZ,ADAMAWA,MAIHA,MAIHA GARI,MAIHA GARI,MAIHA GARI MCH,,,,,,,
293,NEZ,ADAMAWA,MAIHA,MANJEKIN,MANJEKIN,MANJEKIN PHCC,,,,,,,
294,NEZ,ADAMAWA,MAIHA,MAYO-NGULI,MAYO-NGULI,MAYO-NGULI MCH,,,,,,,
295,NEZ,ADAMAWA,MAIHA,PAKKA,PAKKA,PAKKA HC,,,,,,,
296,NEZ,ADAMAWA,MAIHA,SORAU A,SORAU A,WURO-LADDE MCH,,,,,,,
297,NEZ,ADAMAWA,MAIHA,SORAU B,SORAU B,SORAU MCH,,,,,,,
298,NEZ,ADAMAWA,MAIHA,TAMBAJAM,TAMBAJAM,TAMBAJAM MCH,,,,,,,
299,NEZ,ADAMAWA,MAYO-BELWA,BAJAMA,BAJAMA,BAJAMA PHCC,,,,,,,
300,NEZ,ADAMAWA,MAYO-BELWA,BINYERE,BINYERE,BINYERE PHCC,,,,,,,
301,NEZ,ADAMAWA,MAYO-BELWA,GANGFADA,GANGFADA,GANGFADA PHCC,,,,,,,
302,NEZ,ADAMAWA,MAYO-BELWA,GENGLE,GENGLE,GENLE PHCC,,,,,,,
303,NEZ,ADAMAWA,MAYO-BELWA,GOROBI,GOROBI,YELWA PHCC,,,,,,,
304,NEZ,ADAMAWA,MAYO-BELWA,MAYO BELWA,MBILLA,MAYO BELWA PHCC,,,,,,,
305,NEZ,ADAMAWA,MAYO-BELWA,MAYO-FARANG,MAYO-FARANG,MAYO FARANG PHCC,,,,,,,
306,NEZ,ADAMAWA,MAYO-BELWA,NASSARAWA JERENG,JERENG,JERENG PHCC,,,,,,,
307,NEZ,ADAMAWA,MAYO-BELWA,NDIKONG,NDIKONG,NDIKONG PHCC,,,,,,,
308,NEZ,ADAMAWA,MAYO-BELWA,RIBADU,RIBADU,RIBADU PRIMARY HEALTH CENTRE,,,,,,,
309,NEZ,ADAMAWA,MAYO-BELWA,TOLA,TOLA,TOLA PHCC,,,,,,,
310,NEZ,ADAMAWA,MAYO-BELWA,YOFFO,YOFFO,BINKOLA PHCC,,,,,,,
311,NEZ,ADAMAWA,MICHIKA, MUNKAVA-CITTA,MUNKAVA CHITA,NKAFAMIYA PHCC,,,,,,,
312,NEZ,ADAMAWA,MICHIKA,BAZZA MARGHI,BAZZA MARGHI,BAZZA TOWN HC,,,,,,,
313,NEZ,ADAMAWA,MICHIKA,FUTUDOU/FUTULESS,FUTU,FUTU PHC,,,,,,,
314,NEZ,ADAMAWA,MICHIKA,GARTA/GHUMCHI,GARTA,GARTA HC,,,,,,,
315,NEZ,ADAMAWA,MICHIKA,JEGALAMBU,JEGALAMBU,JEGALAMBU MODEL HEALTH CENTRE,,,,,,,
316,NEZ,ADAMAWA,MICHIKA,MADZI,MADZI,KUBUROSHOSHO MCH,,,,,,,
317,NEZ,ADAMAWA,MICHIKA,MICHIKA I,MICHIKA I,MICHIKA TOWN HC,,,,,,,
318,NEZ,ADAMAWA,MICHIKA,MICHIKA II,MICHIKA II,MICHIKA PHC,,,,,,,
319,NEZ,ADAMAWA,MICHIKA,MINKISI/WURO NGIKI,MINKISSI-WURO NGIKI,MINKISSI HC,,,,,,,
320,NEZ,ADAMAWA,MICHIKA,MODA/OLAKA/GENJAYO,MODA-NDAKKA,MODA HC,,,,,,,
321,NEZ,ADAMAWA,MICHIKA,SINA/KWANDE/KAMALE,SINA KAMALE,KAMALE HC,,,,,,,
322,NEZ,ADAMAWA,MICHIKA,THUKUDOU/SUFUKU/ZAH,ZAH,ZAHGRETIA PHCC,,,,,,,
323,NEZ,ADAMAWA,MICHIKA,TSUKUMU/TILLIJO,TSUKUMU TILIJO,TSUKUMU PHCC,,,,,,,
324,NEZ,ADAMAWA,MICHIKA,TUMBARA NGABILLI,TUMBARA NGABILI,KWAPALE MCH,,,,,,,
325,NEZ,ADAMAWA,MICHIKA,VI/BOKKA,VI-BOKKA,BOKKA HC,,,,,,,
326,NEZ,ADAMAWA,MICHIKA,WAMBILIMI/TILLI,WABILIMI-TILLI,WABILIMI MCH,,,,,,,
327,NEZ,ADAMAWA,MUBI NORTH,BAHULI,BAHULI,BAHULI PHCC,,,,,,,
328,NEZ,ADAMAWA,MUBI NORTH,BETSO,BETSO,BETSO PHCC,,,,,,,
329,NEZ,ADAMAWA,MUBI NORTH,DIGIL,DIGIL,DIGIL PHCC,,,,,,,
330,NEZ,ADAMAWA,MUBI NORTH,KOLERE,KOLERE,KOLERE PHCC,,,,,,,
331,NEZ,ADAMAWA,MUBI NORTH,LOKUWA,LOKUWA,LOKUWA PHCC,,,,,,,
332,NEZ,ADAMAWA,MUBI NORTH,MAYO BANI,MAYO BANI,MAYO BANI PHCC,,,,,,,
333,NEZ,ADAMAWA,MUBI NORTH,MIJILU,MIJILU,MIZA PHCC,,,,,,,
334,NEZ,ADAMAWA,MUBI NORTH,MUCHALLA,MUCHALLA,MUCHALLA FMHC,,,,,,,
335,NEZ,ADAMAWA,MUBI NORTH,SABON LAYI,SABON LAYI,WURO ALKALI PHCC,,,,,,,
336,NEZ,ADAMAWA,MUBI NORTH,VIMTIM,VIMTIM,VIMTIM PHCC,,,,,,,
337,NEZ,ADAMAWA,MUBI NORTH,YELWA,YELWA,KOCHIFA PHCC,,,,,,,
338,NEZ,ADAMAWA,MUBI SOUTH,DIRBISHI,DIRBISHI,DIRBISHI PHCC,,,,,,,
339,NEZ,ADAMAWA,MUBI SOUTH,DUVU,DUVU,LAMORDE PHCC,,,,,,,
340,NEZ,ADAMAWA,MUBI SOUTH,GELLA,GELLA,MUJARA PHCC,,,,,,,
341,NEZ,ADAMAWA,MUBI SOUTH,GUDE,GUDE,DIRMA PHCC,,,,,,,
342,NEZ,ADAMAWA,MUBI SOUTH,KWAJA,KWAJA,KWAJA MCH,,,,,,,
343,NEZ,ADAMAWA,MUBI SOUTH,LAMORDE,LAMORDE,LAMORDE PHCC,,,,,,,
344,NEZ,ADAMAWA,MUBI SOUTH,MUGULBU,MUGULBU,MUGULBU HC,,,,,,,
345,NEZ,ADAMAWA,MUBI SOUTH,MUJARA,MUJARA,MUJARA PHCC,,,,,,,
346,NEZ,ADAMAWA,MUBI SOUTH,NASSARAWO,NASSARAWO,NASSARAWO H POST,,,,,,,
347,NEZ,ADAMAWA,MUBI SOUTH,NDUKU,NDUKU,KAGI MCH,,,,,,,
348,NEZ,ADAMAWA,NUMAN,BARE,BARE,BARE MCH,,,,,,,
349,NEZ,ADAMAWA,NUMAN,BOLKI,BOLKI,NZUMOSU MCH,,,,,,,
350,NEZ,ADAMAWA,NUMAN,GAMADIO,GAMADIO,GAMADIO HC,,,,,,,
351,NEZ,ADAMAWA,NUMAN,IMBURU,IMBURU,IMBURU HC,,,,,,,
352,NEZ,ADAMAWA,NUMAN,KODOMTI,KODOMTI,SHAFURON HC,,,,,,,
353,NEZ,ADAMAWA,NUMAN,NUMAN I,NUMAN I,BAMATATO HC,,,,,,,
354,NEZ,ADAMAWA,NUMAN,NUMAN II,NUMAN II,PARE HC,,,,,,,
355,NEZ,ADAMAWA,NUMAN,NUMAN III,NUMAN III,MAKERA HC,,,,,,,
356,NEZ,ADAMAWA,NUMAN,SABON PEGI,SABON PEGI,SABON PEGI NUMAN HC,,,,,,,
357,NEZ,ADAMAWA,NUMAN,VULPI,VULPI,VULPI HC,,,,,,,
358,NEZ,ADAMAWA,SHELLENG,BAKTA,BAKTA,BAKTA HC,,,,,,,
359,NEZ,ADAMAWA,SHELLENG,BODWAI,BODWAI,BODWAI HC,,,,,,,
360,NEZ,ADAMAWA,SHELLENG,GUNDO,GUNDO,BOBERE HC,,,,,,,
361,NEZ,ADAMAWA,SHELLENG,GWAPOPOLOK,GWAPOPOLOK,KARLAJE HC,,,,,,,
362,NEZ,ADAMAWA,SHELLENG,JUMBUL,JUMBUL,JAMALI HC,,,,,,,
363,NEZ,ADAMAWA,SHELLENG,KETEMBERE,KETEMBERE,KETEMBERE HC,,,,,,,
364,NEZ,ADAMAWA,SHELLENG,KIRI,KIRI,KIRI PRIMARY HEALTH CENTRE,,,,,,,
365,NEZ,ADAMAWA,SHELLENG,LIBBO,LIBBO,WUROYANKA HC,,,,,,,
366,NEZ,ADAMAWA,SHELLENG,SHELLENG,SHELLENG,SHELLENG NYCS HC,,,,,,,
367,NEZ,ADAMAWA,SHELLENG,TALUM,TALUM,GWAGARAP HC,,,,,,,
368,NEZ,ADAMAWA,SONG,DIRMA,DIRMA,DIRMA PHCC,,,,,,,
369,NEZ,ADAMAWA,SONG,DUMNE,DUMNE,DUMNE HC,,,,,,,
370,NEZ,ADAMAWA,SONG,GUDU-MBOI,GUDU-MBOI,GUDU MCH,,,,,,,
371,NEZ,ADAMAWA,SONG,KILANGE FURNA,KILANGE FURNA,WURO DEE HC,,,,,,,
372,NEZ,ADAMAWA,SONG,KILANGE HIRNA,KILANGE HIRNA,WURO DAUDU MCH,,,,,,,
373,NEZ,ADAMAWA,SONG,SIGIRE,SIGIRE,SIGIRE HC,,,,,,,
374,NEZ,ADAMAWA,SONG,SONG GARI,SONG GARI,CLINIC B HC,,,,,,,
375,NEZ,ADAMAWA,SONG,SONG WAJE,SONG WAJE,MURKE MCH,,,,,,,
376,NEZ,ADAMAWA,SONG,SUKTU,SUKTU,SUKTU SARKI HC,,,,,,,
377,NEZ,ADAMAWA,SONG,WALTANDI,WALTANDI,WALTANDI HC,,,,,,,
378,NEZ,ADAMAWA,SONG,ZUMO,ZUMO,ZUMO HC,,,,,,,
379,NEZ,ADAMAWA,TOUNGO,DAWO I,DAWO I,GANSEINI HEALTH CLINIC,,,,,,,
380,NEZ,ADAMAWA,TOUNGO,DAWO II,DAWO II,DADUKEN HEALTH POST,,,,,,,
381,NEZ,ADAMAWA,TOUNGO,GUMTI,GUMTI,GUMTI HEALTH POST,,,,,,,
382,NEZ,ADAMAWA,TOUNGO,KIRI I,KIRI I,KIRI HEALTH POST,,,,,,,
383,NEZ,ADAMAWA,TOUNGO,KIRI II,KIRI II,TIMBO HEALTH CLINIC,,,,,,,
384,NEZ,ADAMAWA,TOUNGO,KOGIN BABA I,KOGIN BABA I,KOGIN BABA HEALTH CLINIC,,,,,,,
385,NEZ,ADAMAWA,TOUNGO,KOGIN BABA II,KOGIN BABA II,KILALAI HEALTH CLINIC,,,,,,,
386,NEZ,ADAMAWA,TOUNGO,TOUNGO I,TOUNGO I,TOUNGO I PHCC,,,,,,,
387,NEZ,ADAMAWA,TOUNGO,TOUNGO II,TOUNGO II,TOUNGO II PHCCC,,,,,,,
388,NEZ,ADAMAWA,TOUNGO,TOUNGO III,TOUNGO III,WURO HAUSA PHCC,,,,,,,
389,NEZ,ADAMAWA,YOLA NORTH,AIKALAWA,AIKALAWA,ATIKU ABUBAKAR HEALTH CLINIC,,,,,,,
390,NEZ,ADAMAWA,YOLA NORTH,AJIYA,AJIYA,AJIYA HC,,,,,,,
391,NEZ,ADAMAWA,YOLA NORTH,DOUBELI,DOUBELI,MAJOR AMINU HC,,,,,,,
392,NEZ,ADAMAWA,YOLA NORTH,GWADABAWA,GWADABAWA,GWADABAWA CLINIC,,,,,,,
393,NEZ,ADAMAWA,YOLA NORTH,JAMBUTU,JAMBUTU,JAMBUTU CLINIC,,,,,,,
394,NEZ,ADAMAWA,YOLA NORTH,KAREWA,KAREWA,MALAMRE HC,,,,,,,
395,NEZ,ADAMAWA,YOLA NORTH,LIMAWA,LIMAWA,MOH'D GAMBO JIMETA HC,,,,,,,
396,NEZ,ADAMAWA,YOLA NORTH,LUGGERE,LUGGERE,LUGGERE OHC,,,,,,,
397,NEZ,ADAMAWA,YOLA NORTH,NASSARAWO,NASSARAWO,NASSARAWO H POST,,,,,,,
398,NEZ,ADAMAWA,YOLA NORTH,RUMDE,RUMDE,RUMDE CLINIC,,,,,,,
399,NEZ,ADAMAWA,YOLA NORTH,YELWA,YELWA,ABUBAKAR ADAMU NAMTARI HC,,,,,,,
400,NEZ,ADAMAWA,YOLA SOUTH,BAKO,BAKO,BAKO HC,,,,,,,
401,NEZ,ADAMAWA,YOLA SOUTH,BOLE/YOLDE PATE,BOLE-YOLDE PATE,SHAGARI HC,,,,,,,
402,NEZ,ADAMAWA,YOLA SOUTH,DARAWO,ADARAWO,WURO HAUSA PHCC,,,,,,,
403,NEZ,ADAMAWA,YOLA SOUTH,MAKAMA A,MAKAMA A,LAMIDO ALIYU HC,,,,,,,
404,NEZ,ADAMAWA,YOLA SOUTH,MAKAMA B,MAKAMA B,NANA ASMA'U PHCC,,,,,,,
405,NEZ,ADAMAWA,YOLA SOUTH,MBAMBA,MBAMBA,ARDO YAHAYA PHCC,,,,,,,
406,NEZ,ADAMAWA,YOLA SOUTH,MBAMOI,MBAMOI,BAKARI MBAMOI HC,,,,,,,
407,NEZ,ADAMAWA,YOLA SOUTH,NAMTARI,NAMTARI,NAMTARI MANGA HC,,,,,,,
408,NEZ,ADAMAWA,YOLA SOUTH,NSORORE,NGURORE,NGURORE MCH,,,,,,,
409,NEZ,ADAMAWA,YOLA SOUTH,TOUNGO,TOUNGO,TOUNGO HC,,,,,,,
410,NEZ,ADAMAWA,YOLA SOUTH,YOLDE KOHI,YOLDE KOHI,WURO-ARDO HC,,,,,,,
411,SSZ,AKWA IBOM,ABAK,ABAK URBAN 1,,IBANANG EDIENE HEALTH CENTRE,,,,,,,
412,SSZ,AKWA IBOM,ABAK,ABAK URBAN 11,,HEALTH CENTRE ITUNG,,,,,,,
413,SSZ,AKWA IBOM,ABAK,ABAK URBAN III,,OPERATIONAL BASE PRIMARY HEALTH CENTRE ABAK,,,,,,,
414,SSZ,AKWA IBOM,ABAK,ABAK URBAN IV,,HEALTH POST UTU IKOT EBAK,,,,,,,
415,SSZ,AKWA IBOM,ABAK,AFAHA OBONG I,,IKOT AKPAN IKPONG HEALTH CENTRE,,,,,,,
416,SSZ,AKWA IBOM,ABAK,AFAHA OBONG II,,AFAHA OBONG HEALTH CENTRE,,,,,,,
417,SSZ,AKWA IBOM,ABAK,MIDIM I,,HEALTH CENTRE MIDIM,,,,,,,
418,SSZ,AKWA IBOM,ABAK,MIDIM II,,HEALTH POST IKOT EDONG,,,,,,,
419,SSZ,AKWA IBOM,ABAK,OTORO I,,ABIAKPO HEALTH CENTRE,,,,,,,
420,SSZ,AKWA IBOM,ABAK,OTORO II,,HEALTH POST IKOT OSSOM,,,,,,,
421,SSZ,AKWA IBOM,ABAK,OTORO III,,IBONG OTORO HEALTH CENTRE,,,,,,,
422,SSZ,AKWA IBOM,EASTERN OBOLO,EASTERN OBOLO I,,OKOROETTE PRIMARY HEALTH CENTRE,,,,,,,
423,SSZ,AKWA IBOM,EASTERN OBOLO,EASTERN OBOLO II,,H/P OKOROMBOKHO,,,,,,,
424,SSZ,AKWA IBOM,EASTERN OBOLO,EASTERN OBOLO III,,PHC AMADAKA,,,,,,,
425,SSZ,AKWA IBOM,EASTERN OBOLO,EASTERN OBOLO IV,,ELEKPON HEALTH POST,,,,,,,
426,SSZ,AKWA IBOM,EASTERN OBOLO,EASTERN OBOLO IX,,IKONTA OBIANGA PRIMARY HEALTH CENTRE,,,,,,,
427,SSZ,AKWA IBOM,EASTERN OBOLO,EASTERN OBOLO V,,EMEREOKO HEALTH CENTRE,,,,,,,
428,SSZ,AKWA IBOM,EASTERN OBOLO,EASTERN OBOLO VI,,AMAUKA PHC,,,,,,,
429,SSZ,AKWA IBOM,EASTERN OBOLO,EASTERN OBOLO VII,,PHC OKOROINYONG,,,,,,,
430,SSZ,AKWA IBOM,EASTERN OBOLO,EASTERN OBOLO VIII,,PHC IKO,,,,,,,
431,SSZ,AKWA IBOM,EASTERN OBOLO,EASTERN OBOLO X,,ATABRIKANG HEALTH POST,,,,,,,
432,SSZ,AKWA IBOM,EKET,CENTRAL I,,AFAHA ATAI HEALTH POST,,,,,,,
433,SSZ,AKWA IBOM,EKET,CENTRAL II,,IDUNG INIANG HEALTH CENTRE,,,,,,,
434,SSZ,AKWA IBOM,EKET,CENTRAL III,,HEALTH POST IKOT USOEKONG,,,,,,,
435,SSZ,AKWA IBOM,EKET,CENTRAL IV,,EFFOI HEALTH CENTRE,,,,,,,
436,SSZ,AKWA IBOM,EKET,CENTRAL V,,ODIO HEALTH CENTRE,,,,,,,
437,SSZ,AKWA IBOM,EKET,OKON I,,NDUO EDUO HEALTH POST,,,,,,,
438,SSZ,AKWA IBOM,EKET,OKON II,,IKOT UKPONG HEALTH POST ,,,,,,,
439,SSZ,AKWA IBOM,EKET,URBAN I,,IKOT OKUDOMO HEALTH CENTRE,,,,,,,
440,SSZ,AKWA IBOM,EKET,URBAN II,,IDUA HEALTH POST,,,,,,,
441,SSZ,AKWA IBOM,EKET,URBAN III,,IKOT EBOK POLY CLINIC OPERATIONAL BASE,,,,,,,
442,SSZ,AKWA IBOM,EKET,URBAN IV,,MKPOK MODEL HEALTH CENTRE,,,,,,,
443,SSZ,AKWA IBOM,ESIT EKET,AKPAUTONG,,IKO EFAK HEALTH POST,,,,,,,
444,SSZ,AKWA IBOM,ESIT EKET,EBI EKPI,,EBE EKPI HEALTH POST,,,,,,,
445,SSZ,AKWA IBOM,ESIT EKET,EBIGHE OKPONO,,EBIGHI OKPONO HEALTH POST,,,,,,,
446,SSZ,AKWA IBOM,ESIT EKET,EDOR,,EDOR HEALTH CENTRE,,,,,,,
447,SSZ,AKWA IBOM,ESIT EKET,EKPENE OBO,,EKPENE OBO HEALTH POST,,,,,,,
448,SSZ,AKWA IBOM,ESIT EKET,ETEBI AKWATA,,ETEBI HEALTH CENTRE,,,,,,,
449,SSZ,AKWA IBOM,ESIT EKET,ETEBI IDUNG ASSAN,,ETEBI IDUNG ASSAN HEALTH CENTRE,,,,,,,
450,SSZ,AKWA IBOM,ESIT EKET,IKPA,,IKPA HEALTH CENTRE,,,,,,,
451,SSZ,AKWA IBOM,ESIT EKET,NTAK INYANG,,AFAHA EKPENEDI HEATH POST,,,,,,,
452,SSZ,AKWA IBOM,ESIT EKET,UQUO,,PRIMARY HEALTH CENTRE BASE UQUO,,,,,,,
453,SSZ,AKWA IBOM,ESSIEN UDIM,ADIASIM,,ADIASIM HEALTH CENTRE,,,,,,,
454,SSZ,AKWA IBOM,ESSIEN UDIM,AFAHA,,AFAHA IKOT EBAK PRIMARY HEALTH CENTRE,,,,,,,
455,SSZ,AKWA IBOM,ESSIEN UDIM,EKPEYONG ATAI I,,MIDIM ATAN HEALTH CENTRE,,,,,,,
456,SSZ,AKWA IBOM,ESSIEN UDIM,EKPEYONG ATAI II,,EKPENYONG ATAI HEALTH CENTRE,,,,,,,
457,SSZ,AKWA IBOM,ESSIEN UDIM,IKPE ANNANG,,HEALTH CENTRE IKPE ANNANG,,,,,,,
458,SSZ,AKWA IBOM,ESSIEN UDIM,ODORO IKOT I,,ODORO IKOT 1 HEALTH CENTRE,,,,,,,
459,SSZ,AKWA IBOM,ESSIEN UDIM,ODORO IKOT II,,ODORO IKOT 2 HEALTH CENTRE,,,,,,,
460,SSZ,AKWA IBOM,ESSIEN UDIM,OKON,,"HEALTH CENTRE OKON, IKOT OCHO",,,,,,,
461,SSZ,AKWA IBOM,ESSIEN UDIM,UKANA EAST,,UKANA EAST PRIMARY HEALTH CENTRE,,,,,,,
462,SSZ,AKWA IBOM,ESSIEN UDIM,UKANA WEST I,,HEALTH CENTRE IKOT OTU UKANA WEST,,,,,,,
463,SSZ,AKWA IBOM,ESSIEN UDIM,UKANA WEST II,,"HEALTH CENTRE, UKANA IKOT IDEH",,,,,,,
464,SSZ,AKWA IBOM,ETIM EKPO,ETIM EKPO 1,,IKOT OBIOMA HEALTH CENTRE,,,,,,,
465,SSZ,AKWA IBOM,ETIM EKPO,ETIM EKPO II,,H/C UTU ETIM EKPO,,,,,,,
466,SSZ,AKWA IBOM,ETIM EKPO,ETIM EKPO III,,PRIMARY HEALTH CENTRE URUK ATA IKOT EKPOR OPERATIONAL BASE,,,,,,,
467,SSZ,AKWA IBOM,ETIM EKPO,ETIM EKPO IV,,IKOT EDET HEALTH POST,,,,,,,
468,SSZ,AKWA IBOM,ETIM EKPO,ETIM EKPO IX,,MODEL PRIMARY HEALTH CARE CENTRE IKPE ANNANG,,,,,,,
469,SSZ,AKWA IBOM,ETIM EKPO,ETIM EKPO V,,IKOT EBO HEALTH CENTRE,,,,,,,
470,SSZ,AKWA IBOM,ETIM EKPO,ETIM EKPO VI,,ATAN EKA URUK ESHIET HEALTH CENTRE,,,,,,,
471,SSZ,AKWA IBOM,ETIM EKPO,ETIM EKPO VII,,OBONG NTAK HEALTH CENTRE,,,,,,,
472,SSZ,AKWA IBOM,ETIM EKPO,ETIM EKPO VIII,,IKOT UDOBONG HEALTH CENTRE,,,,,,,
473,SSZ,AKWA IBOM,ETIM EKPO,ETIM EKPO X,,IWUKEM PRIMARY HEALTH CENTRE,,,,,,,
474,SSZ,AKWA IBOM,ETINAN,ETINAN URBAN I,,ETINAN PRIMARY HEALTH CENTRE,,,,,,,
475,SSZ,AKWA IBOM,ETINAN,ETINAN URBAN II,,EKPENE UKPA HEALTH CENTRE,,,,,,,
476,SSZ,AKWA IBOM,ETINAN,ETINAN URBAN III,,IKOT UDO OTO PRIMARY HEALTH CENTRE,,,,,,,
477,SSZ,AKWA IBOM,ETINAN,ETINAN URBAN IV,,EDEM EKPAT PRIMARY HEALTH CENTRE,,,,,,,
478,SSZ,AKWA IBOM,ETINAN,ETINAN URBAN V,,IKOT UDOBIA PRIMARY HEALTH CENTRE,,,,,,,
479,SSZ,AKWA IBOM,ETINAN,NORTHERN IMAN I,,IKOT OBIO INYANG HEALTH CENTRE,,,,,,,
480,SSZ,AKWA IBOM,ETINAN,NORTHERN IMAN II,,IKOT EKAN HEALTH POST,,,,,,,
481,SSZ,AKWA IBOM,ETINAN,SOUTHERN IMAN I,,NKANA HEALTH CENTRE,,,,,,,
482,SSZ,AKWA IBOM,ETINAN,SOUTHERN IMAN II,,IKOT ESEN OKU HEALTH CENTRE,,,,,,,
483,SSZ,AKWA IBOM,ETINAN,SOUTHERN IMAN III,,AKPASAK EFA HEALTH POST,,,,,,,
484,SSZ,AKWA IBOM,ETINAN,SOUTHERN IMAN IV,,IWO ETOR HEALTH CENTRE,,,,,,,
485,SSZ,AKWA IBOM,IBENO,IBENO I,,UPENEKAN PRIMARY HEALTH CENTRE OPERATIONAL BASE,,,,,,,
486,SSZ,AKWA IBOM,IBENO,IBENO II,,ITAK ABASI HEALTH CENTER,,,,,,,
487,SSZ,AKWA IBOM,IBENO,IBENO III,,MKPANAK HEALTH CENTRE,,,,,,,
488,SSZ,AKWA IBOM,IBENO,IBENO IV,,IWUOKPOM OPOLOM HEALTH POST,,,,,,,
489,SSZ,AKWA IBOM,IBENO,IBENO IX,,NDITO EKA IBA HEALTH CENTRE,,,,,,,
490,SSZ,AKWA IBOM,IBENO,IBENO V,,INUA IYIET IKOT HEALTH POST,,,,,,,
491,SSZ,AKWA IBOM,IBENO,IBENO VI,,OKOROUTIP HEALTH CENTRE,,,,,,,
492,SSZ,AKWA IBOM,IBENO,IBENO VII,,IWUOCHANG HEALTH POST,,,,,,,
493,SSZ,AKWA IBOM,IBENO,IBENO VIII,,ATABRIKAN HEALTH POST,,,,,,,
494,SSZ,AKWA IBOM,IBENO,IBENO X,,ATIA HEALTH CENTRE,,,,,,,
495,SSZ,AKWA IBOM,IBESIKPO ASUTAN,ASUTAN I,,OKOP NDUA ERONG HEALTH CENTRE,,,,,,,
496,SSZ,AKWA IBOM,IBESIKPO ASUTAN,ASUTAN II,,IKOT OBIO EDIM HEALTH CENTRE,,,,,,,
497,SSZ,AKWA IBOM,IBESIKPO ASUTAN,ASUTAN III,,IKOT AKPAEDUNG HEALTH POST,,,,,,,
498,SSZ,AKWA IBOM,IBESIKPO ASUTAN,ASUTAN IV,,IKOT ATANG ESEN HEALTH POST,,,,,,,
499,SSZ,AKWA IBOM,IBESIKPO ASUTAN,ASUTAN V,,IKOT NKWO HEALTH POST,,,,,,,
500,SSZ,AKWA IBOM,IBESIKPO ASUTAN,IBESIKPO I,,AFAHA ATAI HEALTH CENTRE,,,,,,,
501,SSZ,AKWA IBOM,IBESIKPO ASUTAN,IBESIKPO II,,IKOT UDO EKOP HEALTH CENTRE,,,,,,,
502,SSZ,AKWA IBOM,IBESIKPO ASUTAN,IBESIKPO III,,NUNG UDOE PRIMARY HEALTH CENTRE OPERATIONAL BASE,,,,,,,
503,SSZ,AKWA IBOM,IBESIKPO ASUTAN,IBESIKPO IV,,NUNG UDOE MODEL HEALTH CENTRE,,,,,,,
504,SSZ,AKWA IBOM,IBESIKPO ASUTAN,IBESIKPO V,,AFAHA UDOEYOP HEALTH CENTRE,,,,,,,
505,SSZ,AKWA IBOM,IBIONO IBOM,IBIONO CENTRAL I,,IKOT EDUNG HEALTH CENTRE,,,,,,,
506,SSZ,AKWA IBOM,IBIONO IBOM,IBIONO CENTRAL II,,IKPA PRIMARY HEALTH CENTRE OPERATIONAL BASE,,,,,,,
507,SSZ,AKWA IBOM,IBIONO IBOM,IBIONO EASTERN I,,HEALTH CENTRE OKOPEDI USE,,,,,,,
508,SSZ,AKWA IBOM,IBIONO IBOM,IBIONO EASTERN II,,IDIDEP MODEL HEALTH CENTER,,,,,,,
509,SSZ,AKWA IBOM,IBIONO IBOM,IBIONO NORTHERN I,,IKOT ESEN MODEL HEALTH CENTRE,,,,,,,
510,SSZ,AKWA IBOM,IBIONO IBOM,IBIONO NORTHERN II,,IDORO COMPREHENSIVE HEALTH CENTRE,,,,,,,
511,SSZ,AKWA IBOM,IBIONO IBOM,IBIONO SOUTHERN I,,IKOT ADAIDEM PRIMARY HEALTH CENTRE,,,,,,,
512,SSZ,AKWA IBOM,IBIONO IBOM,IBIONO SOUTHERN II,,IKOT IDAHA HEALTH CENTRE,,,,,,,
513,SSZ,AKWA IBOM,IBIONO IBOM,IBIONO WESTERN I,,NSAN HEALTH CENTRE,,,,,,,
514,SSZ,AKWA IBOM,IBIONO IBOM,IBIONO WESTERN II,,IBIAKU HEALTH CENTRE,,,,,,,
515,SSZ,AKWA IBOM,IBIONO IBOM,IKPANYA CLAN,,IKPANYA HEALTH CENTRE,,,,,,,
516,SSZ,AKWA IBOM,IKA,ACHAN I,,ACHAN IKA HEALTH CENTRE,,,,,,,
517,SSZ,AKWA IBOM,IKA,ACHAN II,,IKOT OKORO ATA LEPROSY CLINIC,,,,,,,
518,SSZ,AKWA IBOM,IKA,ACHAN III,,IKOT INYANG ESE HEALTH POST,,,,,,,
519,SSZ,AKWA IBOM,IKA,ITO I,,ITAK NTO URUA HEALTH POST,,,,,,,
520,SSZ,AKWA IBOM,IKA,ITO II,,IKOT AKPAN ANWA HEALTH CENTRE,,,,,,,
521,SSZ,AKWA IBOM,IKA,ITO III,,IKOT UDOM HEALTH CENTRE,,,,,,,
522,SSZ,AKWA IBOM,IKA,ODORO I,,NTO USO HEALTH CENTRE,,,,,,,
523,SSZ,AKWA IBOM,IKA,ODORO II,,NTO ETUKUDO HEALTH CENTRE,,,,,,,
524,SSZ,AKWA IBOM,IKA,URBAN I,,URUA INYANG PRIMARY HEALTH CENTRE OPERATIONAL BASE,,,,,,,
525,SSZ,AKWA IBOM,IKA,URBAN II,,EFEN IKOT UDONYA HEALTH POST,,,,,,,
526,SSZ,AKWA IBOM,IKONO,EDIENE II,,ETIP EDIENE HEALTH CENTRE,,,,,,,
527,SSZ,AKWA IBOM,IKONO,EDINE I,,EDIENE I HEALTH CENTRE,,,,,,,
528,SSZ,AKWA IBOM,IKONO,IKONO MIDDLE 1,,NUNG UKIM HEALTH CENTRE,,,,,,,
529,SSZ,AKWA IBOM,IKONO,IKONO MIDDLE II,,ASANTING IKONO IMMUNIZATION CENTRE,,,,,,,
530,SSZ,AKWA IBOM,IKONO,IKONO MIDDLE III,,IBIAKU NTOK OKPO PRIMARY HEALTH CENTRE,,,,,,,
531,SSZ,AKWA IBOM,IKONO,IKONO MIDDLE IV,,MBIABONG UKAM HEALTH CENTRE,,,,,,,
532,SSZ,AKWA IBOM,IKONO,IKONO SOUTH,,PRIMARY HEALTH CENTRE UKPOM,,,,,,,
533,SSZ,AKWA IBOM,IKONO,ITAK,,NUNG UDOE ITAK HEALTH CENTRE,,,,,,,
534,SSZ,AKWA IBOM,IKONO,NDIYA/IKOT IDAHA,,PHC IKOT IDAHA,,,,,,,
535,SSZ,AKWA IBOM,IKONO,NKWOT I,,NKWOT NUNG IMO HEALTH CENTRE,,,,,,,
536,SSZ,AKWA IBOM,IKONO,NKWOT II,,NKWOT EDEM EDET HEALTH POST,,,,,,,
537,SSZ,AKWA IBOM,IKOT ABASI,EDEMAYA I,,EDEMAYA PRIMARY HEALTH CENTRE,,,,,,,
538,SSZ,AKWA IBOM,IKOT ABASI,EDEMAYA II,,IKOT OKPOK HEALTH POST,,,,,,,
539,SSZ,AKWA IBOM,IKOT ABASI,EDEMAYA III,,IKOT EKARA HEALTH CENTRE,,,,,,,
540,SSZ,AKWA IBOM,IKOT ABASI,IKPA IBEKWE I,,IKOT ABASI OPERATIONAL BASE PRIMARY HEALTH CENTRE,,,,,,,
541,SSZ,AKWA IBOM,IKOT ABASI,IKPA IBEKWE II,,H/C IKOT ETETUK,,,,,,,
542,SSZ,AKWA IBOM,IKOT ABASI,IKPA NUNG ASANG I,,H/C ESSENE,,,,,,,
543,SSZ,AKWA IBOM,IKOT ABASI,IKPA NUNG ASANG II,,IKOT USOP PRIMARY HEALTH CENTRE,,,,,,,
544,SSZ,AKWA IBOM,IKOT ABASI,UKPUM ETE I,,IKOT AKAN PRIMARY HEALTH CENTRE,,,,,,,
545,SSZ,AKWA IBOM,IKOT ABASI,UKPUM ETE II,,PHC IKOT OKWO,,,,,,,
546,SSZ,AKWA IBOM,IKOT ABASI,UKPUM OKON,,IKOT UMIANG OKON HEALTH CENTRE,,,,,,,
547,SSZ,AKWA IBOM,IKOT EKPENE,IKOT EKPENE I,,UTU EDEM USUNG HEALTH POST,,,,,,,
548,SSZ,AKWA IBOM,IKOT EKPENE,IKOT EKPENE II,,H/C URUK USO,,,,,,,
549,SSZ,AKWA IBOM,IKOT EKPENE,IKOT EKPENE III,,ABIAKPO IKOT ESSIEN HEALTH CENTRE,,,,,,,
550,SSZ,AKWA IBOM,IKOT EKPENE,IKOT EKPENE IV,,UTU IKOT EKPENYONG HEALTH POST,,,,,,,
551,SSZ,AKWA IBOM,IKOT EKPENE,IKOT EKPENE IX,,AMAYAM HEALTH CENTRE,,,,,,,
552,SSZ,AKWA IBOM,IKOT EKPENE,IKOT EKPENE V,,IKOT EKPENE PRIMARY HEALTH CENTRE OPERATIONAL BASE,,,,,,,
553,SSZ,AKWA IBOM,IKOT EKPENE,IKOT EKPENE VI,,IKOT INYANG HEALTH POST,,,,,,,
554,SSZ,AKWA IBOM,IKOT EKPENE,IKOT EKPENE VII,,IKOT UDOE HEALTH POST,,,,,,,
555,SSZ,AKWA IBOM,IKOT EKPENE,IKOT EKPENE VIII,,IKOT OSURA HEALTH POST,,,,,,,
556,SSZ,AKWA IBOM,IKOT EKPENE,IKOT EKPENE X,,H/P MBIASO,,,,,,,
557,SSZ,AKWA IBOM,IKOT EKPENE,IKOT EKPENE XI,,ABIAKPO IKOT NTUEN HEALTH POST,,,,,,,
558,SSZ,AKWA IBOM,INI,HEALTH POST MBIAFUN IKOT ABASI,,HEALTH POST MBIAFUN IKOT ABASI,,,,,,,
559,SSZ,AKWA IBOM,INI,IKONO NORTH I,,MBIABONG IKOT UDOFIA HEALTH CENTRE,,,,,,,
560,SSZ,AKWA IBOM,INI,IKONO NORTH II,,EDEM IDIM IBAKESI MODEL HEALTH CENTRE,,,,,,,
561,SSZ,AKWA IBOM,INI,IKPE I,,ODORO IKPE PRIMARY HEALTH CENTRE OPERATIONAL BASE,,,,,,,
562,SSZ,AKWA IBOM,INI,IKPE II,,IKPE IKOT NKON HEALTH CENTRE,,,,,,,
563,SSZ,AKWA IBOM,INI,ITU MBONUSO,,HEALTH CENTRE OGU ITUMBONUSO,,,,,,,
564,SSZ,AKWA IBOM,INI,IWERRE,,IWERRE HEALTH CENTRE,,,,,,,
565,SSZ,AKWA IBOM,INI,ODORO UKWOK,,ODORO UKWOK HEALTH CENTRE,,,,,,,
566,SSZ,AKWA IBOM,INI,USUK IBAKESI (WARD 7 ),Ward 7,HEALTH CENTRE USUK IBAKESI,,,,,,,
567,SSZ,AKWA IBOM,INI,USUK UKWOK,,USUK UKWOK HEALTH POST,,,,,,,
568,SSZ,AKWA IBOM,ITU,EAST ITAM I,,MBIABONG HEALTH POST,,,,,,,
569,SSZ,AKWA IBOM,ITU,EAST ITAM II,,EKRITAM PHC,,,,,,,
570,SSZ,AKWA IBOM,ITU,EAST ITAM III,,IKOT ANDEM HEALTH CENTRE,,,,,,,
571,SSZ,AKWA IBOM,ITU,EAST ITAM IV,,NKIM ITAM HEALTH CENTRE,,,,,,,
572,SSZ,AKWA IBOM,ITU,EAST ITAM V,,MBAK ATAI PRIMARY HEALTH CENTRE OPERATIONAL BASE,,,,,,,
573,SSZ,AKWA IBOM,ITU,MBIABO AYADEHE,,AYADEHE HEALTH POST,,,,,,,
574,SSZ,AKWA IBOM,ITU,OKU IBOKU,,OMA OKU IBOKU HEALTH CENTRE,,,,,,,
575,SSZ,AKWA IBOM,ITU,WEST ITAM I,,WEST ITAM PRIMARY HEALTH CENTRE,,,,,,,
576,SSZ,AKWA IBOM,ITU,WEST ITAM II,,MBAK ITAM 3 HEALTH CENTRE,,,,,,,
577,SSZ,AKWA IBOM,ITU,WEST ITAM III,,NTAK INYANG HEALTH CENTRE,,,,,,,
578,SSZ,AKWA IBOM,MBO,EBUGHU 1,,PHC-EBUGHU 1,,,,,,,
579,SSZ,AKWA IBOM,MBO,EBUGHU 11,,ODUO PRIMARY HEALTH CENTRE,,,,,,,
580,SSZ,AKWA IBOM,MBO,EFFIAT 1,,ASIAK OBUFA HEALTH POST,,,,,,,
581,SSZ,AKWA IBOM,MBO,EFFIAT 11,,ESUK ENWANG HEALTH CENTRE,,,,,,,
582,SSZ,AKWA IBOM,MBO,ENWANG 1,,"EYO UKUT HEALTH POST, ENWANG 1",,,,,,,
583,SSZ,AKWA IBOM,MBO,ENWANG 11,,ENWANG PRIMARY HEALTH CENTRE,,,,,,,
584,SSZ,AKWA IBOM,MBO,IBAKA,,IBAKA PRIMARY HEALTH CENTRE,,,,,,,
585,SSZ,AKWA IBOM,MBO,UDA 1,,UDA MBO PRIMARY HEALTH CENTRE,,,,,,,
586,SSZ,AKWA IBOM,MBO,UDA 11,,UNYENGE HEALTH POST,,,,,,,
587,SSZ,AKWA IBOM,MBO,UDESI,,UDESI PRIMARY HEALTH CENTRE,,,,,,,
588,SSZ,AKWA IBOM,MKPAT ENIN,IBIAKU 1,,IBEKWE AKPAN NYA HEALTH CENTRE,,,,,,,
589,SSZ,AKWA IBOM,MKPAT ENIN,IBIAKU 11,,IKOT ABIA ENIN HEALTH POST,,,,,,,
590,SSZ,AKWA IBOM,MKPAT ENIN,IBIAKU 111,,IKOT IDIONG HEALTH CENTRE,,,,,,,
591,SSZ,AKWA IBOM,MKPAT ENIN,IKPA IBOM 1,,IKOT AKATA HEALTH CENTRE,,,,,,,
592,SSZ,AKWA IBOM,MKPAT ENIN,IKPA IBOM 11,,UKAM HEALTH CENTRE,,,,,,,
593,SSZ,AKWA IBOM,MKPAT ENIN,IKPA IBOM 111,,IKOT AKPADEN HEALTH CENTRE,,,,,,,
594,SSZ,AKWA IBOM,MKPAT ENIN,IKPA IBOM IV,,NDON HEALTH POST,,,,,,,
595,SSZ,AKWA IBOM,MKPAT ENIN,IKPA IKONO 1,,HEALTH POST ASANA/IBIANGA,,,,,,,
596,SSZ,AKWA IBOM,MKPAT ENIN,IKPA IKONO 11,,IKOT ABASI OBIO NKAN HEALTH CENTRE,,,,,,,
597,SSZ,AKWA IBOM,MKPAT ENIN,IKPA IKONO 111,,IKOT EDA HEALTH CENTRE,,,,,,,
598,SSZ,AKWA IBOM,MKPAT ENIN,UKPAN MIYA 1,,ETUK NUNG UKIM HEALTH CENTRE,,,,,,,
599,SSZ,AKWA IBOM,MKPAT ENIN,UKPAN MIYA 11,,MINYA HEALTH CENTRE,,,,,,,
600,SSZ,AKWA IBOM,MKPAT ENIN,UKPAN MIYA 111,,HEALTH POST IKOT OBIOKOI,,,,,,,
601,SSZ,AKWA IBOM,MKPAT ENIN,UKPAN MIYA IV,,PRIMARY HEALTH CENTRE OPERATIONAL BASE MKPAT ENIN,,,,,,,
602,SSZ,AKWA IBOM,NDUNG UKO,UDUNG UKO 1,,EYONSEK HEALTH CENTRE,,,,,,,
603,SSZ,AKWA IBOM,NDUNG UKO,UDUNG UKO 11,,EYOFIN PRIMARY HEALTH CENTRE,,,,,,,
604,SSZ,AKWA IBOM,NDUNG UKO,UDUNG UKO 111,,HEALTH POST UKUKUDUNG,,,,,,,
605,SSZ,AKWA IBOM,NDUNG UKO,UDUNG UKO IV,,EYO OKPONUNG PRIMARY HEALTH CENTRE,,,,,,,
606,SSZ,AKWA IBOM,NDUNG UKO,UDUNG UKO IX,,EYOBIOSIIO HEALTH POST,,,,,,,
607,SSZ,AKWA IBOM,NDUNG UKO,UDUNG UKO V,,EYOTAI HEALTH CENTRE,,,,,,,
608,SSZ,AKWA IBOM,NDUNG UKO,UDUNG UKO VI,,UBORO ISONG INYANG HEALTH POST,,,,,,,
609,SSZ,AKWA IBOM,NDUNG UKO,UDUNG UKO VII,,EYIBIA HEALTH POST,,,,,,,
610,SSZ,AKWA IBOM,NDUNG UKO,UDUNG UKO VIII,,EDIKOR EYOKPU PRIMARY HEALTH CENTRE,,,,,,,
611,SSZ,AKWA IBOM,NDUNG UKO,UDUNG UKO X,,EKIM HEALTH CENTRE,,,,,,,
612,SSZ,AKWA IBOM,NSIT ATAI,EASTERN NSIT 1,,ODOT PRIMARY HEALTH CENTRE OPERATIONAL BASE,,,,,,,
613,SSZ,AKWA IBOM,NSIT ATAI,EASTERN NSIT 11,,IWOK HEALTH POST,,,,,,,
614,SSZ,AKWA IBOM,NSIT ATAI,EASTERN NSIT 111,,H/P IKOT OTU,,,,,,,
615,SSZ,AKWA IBOM,NSIT ATAI,EASTERN NSIT IV,,IKOT MKPO HEALTH CENTRE,,,,,,,
616,SSZ,AKWA IBOM,NSIT ATAI,EASTERN NSIT IX,,IKOT OBON HEALTH CENTRE,,,,,,,
617,SSZ,AKWA IBOM,NSIT ATAI,EASTERN NSIT V,,IKOT ITIE UDUNG HEALTH CENTRE,,,,,,,
618,SSZ,AKWA IBOM,NSIT ATAI,EASTERN NSIT VI,,IKOT EDEBE HEALTH CENTRE,,,,,,,
619,SSZ,AKWA IBOM,NSIT ATAI,EASTERN NSIT VII,,IBEDU HEALTH CENTRE,,,,,,,
620,SSZ,AKWA IBOM,NSIT ATAI,EASTERN NSIT VIII,,OKORO NSIT HEALTH POST,,,,,,,
621,SSZ,AKWA IBOM,NSIT ATAI,EASTERN NSIT X,,IKOT UYO HEALTH CENTRE,,,,,,,
622,SSZ,AKWA IBOM,NSIT IBOM,ASANG 1,,MBIOKPORO 1 PRIMARY HEALTH CENTRE,,,,,,,
623,SSZ,AKWA IBOM,NSIT IBOM,ASANG 11,,IKOT OFFIOK HEALTH CENTRE,,,,,,,
624,SSZ,AKWA IBOM,NSIT IBOM,ASANG 111,,OBOATAI HEALTH CENTRE,,,,,,,
625,SSZ,AKWA IBOM,NSIT IBOM,ASANG IV,,ASANG PRIMARY HEALTH CENTRE,,,,,,,
626,SSZ,AKWA IBOM,NSIT IBOM,ASANG V,,OBOETOK HEALTH POST,,,,,,,
627,SSZ,AKWA IBOM,NSIT IBOM,MBIASO 111,,AFAHA ABIA HEALTH CENTRE,,,,,,,
628,SSZ,AKWA IBOM,NSIT IBOM,MBIASO I,,AFAHA OFFIONG OPERATIONAL BASE PRIMARY HEALTH CENTRE,,,,,,,
629,SSZ,AKWA IBOM,NSIT IBOM,MBIASO I1,,AFIA NSIT URUA NKO HEALTH CENTRE,,,,,,,
630,SSZ,AKWA IBOM,NSIT IBOM,MBIASO V,,MBIASO PRIMARY HEALTH CENTRE,,,,,,,
631,SSZ,AKWA IBOM,NSIT IBOM,MBIASOIV,,IKOT NYA HEALTH POST,,,,,,,
632,SSZ,AKWA IBOM,NSIT UBIUM,IBIAKPAN OBOTIMI 1,,IKOT UKOBO HEALTH CENTRE,,,,,,,
633,SSZ,AKWA IBOM,NSIT UBIUM,IBIAKPAN OBOTIMI 11,,HEALTH POST NTIT OTON,,,,,,,
634,SSZ,AKWA IBOM,NSIT UBIUM,IRETO,,ITRETO HEALTH CENTRE,,,,,,,
635,SSZ,AKWA IBOM,NSIT UBIUM,NDIYA,,IKOT EDIBON OPERATIONAL BASE PRIMARY HEALTH CENTRE,,,,,,,
636,SSZ,AKWA IBOM,NSIT UBIUM,UBIUM NORTH 1,,IKOT EYO HEALTH CENTRE,,,,,,,
637,SSZ,AKWA IBOM,NSIT UBIUM,UBIUM NORTH 11,,HEALTH POST IKOT OKWOT,,,,,,,
638,SSZ,AKWA IBOM,NSIT UBIUM,UBIUM NORTH 111,,IKOT EKWERE MODEL HEALTH CENTRE,,,,,,,
639,SSZ,AKWA IBOM,NSIT UBIUM,UBIUM SOUTH 1,,IKOT UBO HEALTH CENTRE,,,,,,,
640,SSZ,AKWA IBOM,NSIT UBIUM,UBIUM SOUTH 11,,NUNG OBONG PRIMARY HEALTH CENTRE,,,,,,,
641,SSZ,AKWA IBOM,NSIT UBIUM,UBIUM SOUTH 111,,HEALTH POST ODORO ATASUNG,,,,,,,
642,SSZ,AKWA IBOM,OBOT AKARA,IKOT ABIA 1,,IKOT ABIA ANWAN HEALTH CENTRE,,,,,,,
643,SSZ,AKWA IBOM,OBOT AKARA,IKOT ABIA 11,,NTO ETON HEALTH POST,,,,,,,
644,SSZ,AKWA IBOM,OBOT AKARA,IKOT ABIA 111,,UBON AKWA HEALTH POST,,,,,,,
645,SSZ,AKWA IBOM,OBOT AKARA,NTO EDINO 1,,IKOT IDE HEALTH POST,,,,,,,
646,SSZ,AKWA IBOM,OBOT AKARA,NTO EDINO 11,,OKOP ETO HEALTH POST,,,,,,,
647,SSZ,AKWA IBOM,OBOT AKARA,NTO EDINO 111,,NTO EDINO PRIMARY HEALTH CENTRE OPERATION BASE,,,,,,,
648,SSZ,AKWA IBOM,OBOT AKARA,NTO EDINO IV,,ABAMA HEALTH CENTRE,,,,,,,
649,SSZ,AKWA IBOM,OBOT AKARA,OBOT AKARA 1,,OBOT AKARA HEALTH CENTRE,,,,,,,
650,SSZ,AKWA IBOM,OBOT AKARA,OBOT AKARA 11,,NKO HEALTH CENTRE,,,,,,,
651,SSZ,AKWA IBOM,OBOT AKARA,OBOT AKARA 111,,IKOT UTU MODEL PRIMARY HEALTH CENTRE,,,,,,,
652,SSZ,AKWA IBOM,OKOBO,AKA/MBOKPU/UDUNG,,MBOKPU ODUOBO PRIMARY HEALTH CENTRE,,,,,,,
653,SSZ,AKWA IBOM,OKOBO,EKEYA,,EKEYA HEALTH CENTRE,,,,,,,
654,SSZ,AKWA IBOM,OKOBO,EWEME 1,,URUE ITA HEALTH POST ,,,,,,,
655,SSZ,AKWA IBOM,OKOBO,EWEME 11,,EWEME MODEL HEALTH CENTRE,,,,,,,
656,SSZ,AKWA IBOM,OKOBO,NUNG ATAI UBE 1,,EASTERN OKOBO HEALTH CENTRE,,,,,,,
657,SSZ,AKWA IBOM,OKOBO,NUNG ATAI UBE 11,,ODOBO HEALTH CENTRE,,,,,,,
658,SSZ,AKWA IBOM,OKOBO,OFFI 11,,UTINE HEALTH POST,,,,,,,
659,SSZ,AKWA IBOM,OKOBO,OKOPEDI 1,,OKOPEDI PRIMARY HEALTH CENTRE,,,,,,,
660,SSZ,AKWA IBOM,OKOBO,OKOPEDI 11,,HEALTH POST NSATING,,,,,,,
661,SSZ,AKWA IBOM,ONNA,AWA 1,,HEALTH POST AFAHA UBIUM,,,,,,,
662,SSZ,AKWA IBOM,ONNA,AWA 11,,IKOT IDEM UDO HEALTH CENTRE,,,,,,,
663,SSZ,AKWA IBOM,ONNA,AWA 111,,EDEM IDIM ISHIET HEALTH POST,,,,,,,
664,SSZ,AKWA IBOM,ONNA,AWA IV,,IKOT AKPAN NKO HEALTH CENTRE,,,,,,,
665,SSZ,AKWA IBOM,ONNA,NUNG NDEM 1,,MKPOK HEALTH CENTRE,,,,,,,
666,SSZ,AKWA IBOM,ONNA,NUNG NDEM 11,,IKOT NKAN HEALTH CENTRE,,,,,,,
667,SSZ,AKWA IBOM,ONNA,ONION WEST 11,,UKPANA HEALTH CENTRE,,,,,,,
668,SSZ,AKWA IBOM,ONNA,ONIONG EAST 1,,ABAT PRIMARY HEALTH CENTRE,,,,,,,
669,SSZ,AKWA IBOM,ONNA,ONIONG EAST 11,,IKOT ANNANG HEALTH CENTRE,,,,,,,
670,SSZ,AKWA IBOM,ONNA,ONIONG EAST 111,,IKWE HEALTH CENTRE,,,,,,,
671,SSZ,AKWA IBOM,ONNA,ONIONG WEST 1,,HEALTH POST IKOT EDOR,,,,,,,
672,SSZ,AKWA IBOM,ONNA,ONIONG WEST 111,,IKOT UDO HEALTH CENTRE,,,,,,,
673,SSZ,AKWA IBOM,ORON,URBAN 1,,IDUA ASSANG HEALTH POST,,,,,,,
674,SSZ,AKWA IBOM,ORON,URBAN 11,,ANAMFA HEALTH POST,,,,,,,
675,SSZ,AKWA IBOM,ORON,URBAN 111,,HEALTH POST IYAMBA,,,,,,,
676,SSZ,AKWA IBOM,ORON,URBAN IV,,AFAHA EDUOK UKPATA PRIMARY HEALTH CENTRE,,,,,,,
677,SSZ,AKWA IBOM,ORON,URBAN IX,,EYOTONG HEALTH POST,,,,,,,
678,SSZ,AKWA IBOM,ORON,URBAN V,,ESUK ORO HEALTH POST,,,,,,,
679,SSZ,AKWA IBOM,ORON,URBAN VI,,ESIN UFOT PRIMARY HEALTH CENTRE,,,,,,,
680,SSZ,AKWA IBOM,ORON,URBAN VII,,PRIMARY HEALTH CENTRE ORON IJA,,,,,,,
681,SSZ,AKWA IBOM,ORON,URBAN VIII,,EYO ABASI HEALTH POST,,,,,,,
682,SSZ,AKWA IBOM,ORON,URBAN X,,UYA ORON HEALTH POST,,,,,,,
683,SSZ,AKWA IBOM,ORUK ANAM,ABAK/MIDIM 1,,IKOT OTOK HEALTH CENTRE,,,,,,,
684,SSZ,AKWA IBOM,ORUK ANAM,ABAK/MIDIM 11,,IKOT AKPAN ESSIEN HEALTH CENTRE,,,,,,,
685,SSZ,AKWA IBOM,ORUK ANAM,ABAK/MIDIM 111,,IKOT ESENAM HEALTH CENTRE,,,,,,,
686,SSZ,AKWA IBOM,ORUK ANAM,ABAK/MIDIM IV,,IKOT UKPONG OBIOSE HEALTH CENTRE,,,,,,,
687,SSZ,AKWA IBOM,ORUK ANAM,EKPARAKWA,,EKPARAKWA HEALTH CENTRE,,,,,,,
688,SSZ,AKWA IBOM,ORUK ANAM,IBESI/NUNG IKOT 11,,IKOT IBA HEALTH CENTRE.,,,,,,,
689,SSZ,AKWA IBOM,ORUK ANAM,IBESIT,,NTAK IBESIT HEALTH POST,,,,,,,
690,SSZ,AKWA IBOM,ORUK ANAM,IBESIT/NUNG IKOT 1,,IKOT UDORO HEALTH CENTRE,,,,,,,
691,SSZ,AKWA IBOM,ORUK ANAM,IKOT IBRITAM 1,,IKOT IBRITAM PRIMARY HEALTH CENTRE OPERATIONAL BASE,,,,,,,
692,SSZ,AKWA IBOM,ORUK ANAM,IKOT IBRITAM 11,,IKOT INYANG1 PRIMARY HEALTH CARE CENTRE IKOT IBRITAM LL IN WARD 2.,,,,,,,
693,SSZ,AKWA IBOM,ORUK ANAM,NDOT IKOT OKORO 1,,NUNG OKUBO 2 HEALTH CENTRE,,,,,,,
694,SSZ,AKWA IBOM,ORUK ANAM,NDOT IKOT OKORO 11,,INEN NSAI HEALTH POST,,,,,,,
695,SSZ,AKWA IBOM,ORUK ANAM,NDOT IKOT OKORO 111,,OBIOKPA PRIMARY HEALTH CARE,,,,,,,
696,SSZ,AKWA IBOM,UKANAFUN,NORTHERN AFAHA 1,,AFAHA IKOT INYANG HEALTH CENTRE,,,,,,,
697,SSZ,AKWA IBOM,UKANAFUN,NORTHERN AFAHA 11,,NORTHERN AFAHA HEALTH CENTRE,,,,,,,
698,SSZ,AKWA IBOM,UKANAFUN,NORTHERN UKANAFUN 1,,IKOT OKU USUNG HEALTH POST,,,,,,,
699,SSZ,AKWA IBOM,UKANAFUN,NORTHERN UKANAFUN 11,,UTU NSEKHE HEALTH CENTRE,,,,,,,
700,SSZ,AKWA IBOM,UKANAFUN,SOUTHERN AFAHA 1,,HEALTH POST IDUNG NNEKE,,,,,,,
701,SSZ,AKWA IBOM,UKANAFUN,SOUTHERN AFAHA 11,,ADAT IFANG HEALTH CENTRE,,,,,,,
702,SSZ,AKWA IBOM,UKANAFUN,SOUTHERN AFAHA 111,,HEALTH CENTRE IKOT UDO OSSIOM,,,,,,,
703,SSZ,AKWA IBOM,UKANAFUN,SOUTHERN AFAHA IV,,IKOT UDO OSSIOM HEALTH CENTRE,,,,,,,
704,SSZ,AKWA IBOM,UKANAFUN,SOUTHERN UKANAFUN 1,,IKOT IDIONG HEALTH POST,,,,,,,
705,SSZ,AKWA IBOM,UKANAFUN,SOUTHERN UKANAFUN 11,,IKOT UNAH HEALTH CENTRE,,,,,,,
706,SSZ,AKWA IBOM,UKANAFUN,UKANAFUN URBAN,,IKOT AKPA NKUK PRIMARY HEALTH CENTRE,,,,,,,
707,SSZ,AKWA IBOM,URUAN,CENTRAL URUAN 1,,IDU PRIMARY HEALTH CENTRE,,,,,,,
708,SSZ,AKWA IBOM,URUAN,CENTRAL URUAN 11,,NWANIBA HEALTH CENTRE,,,,,,,
709,SSZ,AKWA IBOM,URUAN,CENTRAL URUAN 111,,IKOT OTOINYIE HEALTH CENTRE,,,,,,,
710,SSZ,AKWA IBOM,URUAN,NORTHERN URUAN 1,,IBIKPE HEALTH POST,,,,,,,
711,SSZ,AKWA IBOM,URUAN,NORTHERN URUAN 11,,H/P IFIANYONG OBOT,,,,,,,
712,SSZ,AKWA IBOM,URUAN,SOURTHERN URUAN 1,,EKPENE IBIA HEALTH CENTRE,,,,,,,
713,SSZ,AKWA IBOM,URUAN,SOURTHERN URUAN 11,,HEALTH POST ADADIA,,,,,,,
714,SSZ,AKWA IBOM,URUAN,SOUTHERN URUAN 111,,USE HEALTH CENTRE,,,,,,,
715,SSZ,AKWA IBOM,URUAN,SOUTHERN URUAN 1V,,HEALTH POST NUNG IKONO UFOK,,,,,,,
716,SSZ,AKWA IBOM,URUAN,SOUTHERN URUAN V,,IBIAKU ISSIET HEALTH CENTRE,,,,,,,
717,SSZ,AKWA IBOM,URUAN,SOUTHERN URUAN VI,,NDON EBOM HEALTH CENTRE,,,,,,,
718,SSZ,AKWA IBOM,URUEOFFONG/ORUKO,ORUEOFFONG 1,,PHC OYOKU IBIGHI,,,,,,,
719,SSZ,AKWA IBOM,URUEOFFONG/ORUKO,ORUEOFFONG 11,,OPERATION BASE PRIMARY HEALTH CENTRE URUE OFFONG,,,,,,,
720,SSZ,AKWA IBOM,URUEOFFONG/ORUKO,ORUEOFFONG 111,,H/P OYUBIA,,,,,,,
721,SSZ,AKWA IBOM,URUEOFFONG/ORUKO,ORUEOFFONG 1V,,H/P IKPE ORO,,,,,,,
722,SSZ,AKWA IBOM,URUEOFFONG/ORUKO,ORUEOFFONG V,,MODEL PHC OKOSSI,,,,,,,
723,SSZ,AKWA IBOM,URUEOFFONG/ORUKO,ORUKO 1,,HEALTH CENTRE MBUKPO UKO AKAI,,,,,,,
724,SSZ,AKWA IBOM,URUEOFFONG/ORUKO,ORUKO 111,,HEALTH POST ODUONIM,,,,,,,
725,SSZ,AKWA IBOM,URUEOFFONG/ORUKO,ORUKO V,,H/C UDUNG UKPOR,,,,,,,
726,SSZ,AKWA IBOM,URUEOFFONG/ORUKO,URUKO 11,,PHC EDOK ORUKO,,,,,,,
727,SSZ,AKWA IBOM,URUEOFFONG/ORUKO,URUKO 1V,,H/P UKUDA,,,,,,,
728,SSZ,AKWA IBOM,UYO,ETOI 1,,MBIABONG ANYANYA HEALTH POST,,,,,,,
729,SSZ,AKWA IBOM,UYO,ETOI 11,,MBAK ETOI HEALTH CENTRE,,,,,,,
730,SSZ,AKWA IBOM,UYO,IKONO 1,,IKOT AYAN IKONO HEALTH CENTRE,,,,,,,
731,SSZ,AKWA IBOM,UYO,IKONO11,,IKOT EBO HEALTH CENTRE,,,,,,,
732,SSZ,AKWA IBOM,UYO,OFFOT 1,,IKOT OKUBO HEALTH CENTRE,,,,,,,
733,SSZ,AKWA IBOM,UYO,OFFOT 11,,AKAMBA NSUKARA HEALTH POST,,,,,,,
734,SSZ,AKWA IBOM,UYO,OKU 1,,HEALTH CENTRE IDORO UYO,,,,,,,
735,SSZ,AKWA IBOM,UYO,OKU II,,"MODEL HEALTH CENTRE,OKU UYO",,,,,,,
736,SSZ,AKWA IBOM,UYO,UYO URBAN 1,,AKA OFFOT HEALTH CENTRE,,,,,,,
737,SSZ,AKWA IBOM,UYO,UYO URBAN 11,,UYO OPERATIONAL BASE PRIMARY HEALTH CENTRE,,,,,,,
738,SSZ,AKWA IBOM,UYO,UYO URBAN 111,,EWET OFFOT HEALTH POST,,,,,,,
739,SEZ,ANAMBRA,AGUATA,ACHINA 1,ACHINA 1,OYE ACHINA PHC,,,,,,,
740,SEZ,ANAMBRA,AGUATA,ACHINA 11,ACHINA 2,EBELE ACHINA PHC,,,,,,,
741,SEZ,ANAMBRA,AGUATA,AGULEZECHUKWU,AGULU-EZECHUKWU,OBOFIA-AGULUEZECHUKWU PHC,,,,,,,
742,SEZ,ANAMBRA,AGUATA,AKPO,AKPO,AKPO PHC,,,,,,,
743,SEZ,ANAMBRA,AGUATA,AMESI,AMESI,AMESI PHC,,,,,,,
744,SEZ,ANAMBRA,AGUATA,EKWULOBIA 1,EKWULOBIA I,AGUATA PHC,,,,,,,
745,SEZ,ANAMBRA,AGUATA,EKWULOBIA 11,EKWULOBIA II,ULA EKWULOBA PHC,,,,,,,
746,SEZ,ANAMBRA,AGUATA,EZENIFITE 1,EZINIFITE I,AKU-EZINIFITE PHC,,,,,,,
747,SEZ,ANAMBRA,AGUATA,EZENIFITE 11,EZINIFITE II,IFITE EZINITITE PHC,,,,,,,
748,SEZ,ANAMBRA,AGUATA,IGBOUKWU 1,IGBOUKWU I,OBIUNO IGBOUKWU PHC,,,,,,,
749,SEZ,ANAMBRA,AGUATA,IGBOUKWU 11,IGBOUKWU II,IFITE IGBOUKWU PHC,,,,,,,
750,SEZ,ANAMBRA,AGUATA,IKENGA,IKENGA,IKENGA PHC,,,,,,,
751,SEZ,ANAMBRA,AGUATA,ISUOFIA,ISUOFIA,OZALA ISUOFIA PHC,,,,,,,
752,SEZ,ANAMBRA,AGUATA,NKPOLOGWU ,NKPOLOGWU,NKPOLOGWU PHC,,,,,,,
753,SEZ,ANAMBRA,AGUATA,ORAERI,ORA-ERI,ORA-ERI PHC,,,,,,,
754,SEZ,ANAMBRA,AGUATA,UGA 1,UGA I,UMUORU UGA PHC,,,,,,,
755,SEZ,ANAMBRA,AGUATA,UGA 11 ,UGA II,NKWO UGA PHC,,,,,,,
756,SEZ,ANAMBRA,AGUATA,UMOUNA,UMUONA,UMUONA PHC,,,,,,,
757,SEZ,ANAMBRA,AGUATA,UMUCHU 1,UMUCHU 1,OZALLA-AKUKWA UMUCHU PHC,,,,,,,
758,SEZ,ANAMBRA,AGUATA,UMUCHU 11,UMUCHU 2,ACHALLA UMUCHU PHC,,,,,,,
759,SEZ,ANAMBRA,ANAMBRA EAST,AGULERI 1 ,AGULERI 1,IVITE AGULERI PHC,,,,,,,
760,SEZ,ANAMBRA,ANAMBRA EAST,AGULERI 11 ,AGULERI 2,ENUGWU AGULERI PHC,,,,,,,
761,SEZ,ANAMBRA,ANAMBRA EAST,ENUGU-OUT,ENUGWU O T U,MPHC ENUGWU O T U,,,,,,,
762,SEZ,ANAMBRA,ANAMBRA EAST,EZIAGULU-OUT,EZIAGULU O T U,EZIAGULU O T U PHC,,,,,,,
763,SEZ,ANAMBRA,ANAMBRA EAST,IGNARIAM,IGBARIAM,IGBARIAM PHC,,,,,,,
764,SEZ,ANAMBRA,ANAMBRA EAST,NANDO 1,NANDO 1,ABUBE AGU PHC,,,,,,,
765,SEZ,ANAMBRA,ANAMBRA EAST,NANDO 11 ,NANDO 2,IKEM NANDO PHC,,,,,,,
766,SEZ,ANAMBRA,ANAMBRA EAST,NANDO 111,NANDO 3,UBARUNISIOYE,,,,,,,
767,SEZ,ANAMBRA,ANAMBRA EAST,NSUGBE 1,NSUGBE 1,NSUGBE PHC,,,,,,,
768,SEZ,ANAMBRA,ANAMBRA EAST,NSUGBE 11,NSUGBE 2,ABATA NSUGBE PHC,,,,,,,
769,SEZ,ANAMBRA,ANAMBRA EAST,OTUOCHA 1,OTUOCHA 1,MCH OTUOCHA,,,,,,,
770,SEZ,ANAMBRA,ANAMBRA EAST,OTUOCHA 11,OTUOCHA 2,OTUOCHA PHC,,,,,,,
771,SEZ,ANAMBRA,ANAMBRA EAST,UMULERI 1,UMUERI 1,IRUOZOBIA IKENGA UMUERI PHC,,,,,,,
772,SEZ,ANAMBRA,ANAMBRA EAST,UMULERI 11 ,UMUERI 2,OGBU UMUERI PHC,,,,,,,
773,SEZ,ANAMBRA,ANAMBRA EAST,UMULERI 11 ,UMUERI 2,NNENYI UMUERI PHC,,,,,,,
774,SEZ,ANAMBRA,ANAMBRA EAST,UMUOBA ANAM ,UMUOBA-ANAM,UMUOBA-ANAM PHC,,,,,,,
775,SEZ,ANAMBRA,ANAMBRA WEST,EZI ANAM,EZI- ANAM,UMUDORA,,,,,,,
776,SEZ,ANAMBRA,ANAMBRA WEST,IFITE ANAM ,MMIATA/IFITE ANAM,UMUONUORAH PHC,,,,,,,
777,SEZ,ANAMBRA,ANAMBRA WEST,NZAM ,NZAM,NZAM PHC,,,,,,,
778,SEZ,ANAMBRA,ANAMBRA WEST,OLUMBANASA INNOMA ,OLUMBANASA INOMA/OLUMBANASA 1,INOMA PHC,,,,,,,
779,SEZ,ANAMBRA,ANAMBRA WEST,OLUMBANASA ODE,OLUMBANASA ODE/ OLUMBANASA 2,IGBEDUO PHC,,,,,,,
780,SEZ,ANAMBRA,ANAMBRA WEST,OROMAETITI ANAM,OROMAETITI ANAM,RHC OROMA,,,,,,,
781,SEZ,ANAMBRA,ANAMBRA WEST,UMUENWELU MANAM ,UMUEMU/UMUENWELU,OBODO O T U PHC,,,,,,,
782,SEZ,ANAMBRA,ANAMBRA WEST,UMUEZE ANAM 1,UMUEZE-ANAM 1,UMUEZE-ANAM PHC,,,,,,,
783,SEZ,ANAMBRA,ANAMBRA WEST,UMUEZE ANAM 11,UMUEZE-ANAM 2,UMUEZE-ANAM 2 PHC,,,,,,,
784,SEZ,ANAMBRA,ANAMBRA WEST,UMUOBA ANAM ,UMUOBA ANAM/ABEGBU/IYIORA,IYIORA PHC,,,,,,,
785,SEZ,ANAMBRA,ANAOCHA,ADAZI ANI 1,ADAZI-ANI 1,ADAZI-ANI 1 PHC,,,,,,,
786,SEZ,ANAMBRA,ANAOCHA,ADAZI ANI 11,ADAZI - ANI 2,ADAZI -ANI 2 PHC,,,,,,,
787,SEZ,ANAMBRA,ANAOCHA,ADAZI ENU 1,ADAZI -ENU 1,ADAZI-ENU PHC,,,,,,,
788,SEZ,ANAMBRA,ANAOCHA,ADAZI ENU 11,ADAZI-ENU 2,AKWANKWO PHC,,,,,,,
789,SEZ,ANAMBRA,ANAOCHA,ADAZI NNUKWU 1,ADAZI- NNUKWU 1,ADAZI- NNUKWU 1 PHC,,,,,,,
790,SEZ,ANAMBRA,ANAOCHA,ADAZI NNUKWU 11 ,ADAZI- NNUKWU 2,ADAZI-NNUKWU 2 PHC,,,,,,,
791,SEZ,ANAMBRA,ANAOCHA,AGULU 1,AGULU 1,UKUNU PHC,,,,,,,
792,SEZ,ANAMBRA,ANAOCHA,AGULU 11,AGULU 2,AMATUTU MODEL PHC,,,,,,,
793,SEZ,ANAMBRA,ANAOCHA,AGULU 111,AGULU 3,NNEOGIDI PHC,,,,,,,
794,SEZ,ANAMBRA,ANAOCHA,AGULU 1V,AGULU 4,NNEOHA AGULU PHC,,,,,,,
795,SEZ,ANAMBRA,ANAOCHA,AGULUZOIGBO,AGULUIZUGBO,AGULUIZUGBO PHC,,,,,,,
796,SEZ,ANAMBRA,ANAOCHA,AKWEZE,AKWAEZE,AKWAEZE PHC,,,,,,,
797,SEZ,ANAMBRA,ANAOCHA,ICHIDA 1 ,ICHIDA 1,ICHIDA-UBULU PHC,,,,,,,
798,SEZ,ANAMBRA,ANAOCHA,NENI 1,NENI 1,NENI PHC,,,,,,,
799,SEZ,ANAMBRA,ANAOCHA,NENI 11,NENI 2,UMUABANI PHC,,,,,,,
800,SEZ,ANAMBRA,ANAOCHA,NRI 1,NRI 1,NRI PHC 1,,,,,,,
801,SEZ,ANAMBRA,ANAOCHA,NRI 11,NRI 2,NRI 2 PHC,,,,,,,
802,SEZ,ANAMBRA,ANAOCHA,ICHIDA 11,ICHIDA 11,Ichida Phc,,,,,,,
803,SEZ,ANAMBRA,ANAOCHA,OBELEDU ,OBELEDU,OBELEDU PHC,,,,,,,
804,SEZ,ANAMBRA,AWKA NORTH,ACHALLA 1,ACHALLA 1,ACHALLA 1 PHC,,,,,,,
805,SEZ,ANAMBRA,AWKA NORTH,ACHALLA 11,ACHALLA 2,ACHALLA 2 PHC,,,,,,,
806,SEZ,ANAMBRA,AWKA NORTH,ACHALLA 111 ,ACHALLA 3,MCH ACHALLA,,,,,,,
807,SEZ,ANAMBRA,AWKA NORTH,AMANSE,AMANSEA,OKUKWA AMANSEA,,,,,,,
808,SEZ,ANAMBRA,AWKA NORTH,AMANUKE,AMANUKE,AMANUKE PHC,,,,,,,
809,SEZ,ANAMBRA,AWKA NORTH,AWBA-OFEMILI ,AWBA-OFEMILI,AWBA OFEMILI PHC,,,,,,,
810,SEZ,ANAMBRA,AWKA NORTH,EBENEBE 1 ,EBENEBE 1,EBENEBE 1 PHC (OFUOBI),,,,,,,
811,SEZ,ANAMBRA,AWKA NORTH,EBENEBE 11,EBENEBE 2,EBENEBE PHC( OBIUNO),,,,,,,
812,SEZ,ANAMBRA,AWKA NORTH,EBENEBE 111,EBENEBE 3,EBENEBE 3 PHC(UMUOGBUEFI),,,,,,,
813,SEZ,ANAMBRA,AWKA NORTH,ISU-ANIOCHA,ISUANIOCHA,ISUANIOCHA PHC,,,,,,,
814,SEZ,ANAMBRA,AWKA NORTH,MGBAKWU,MGBAKWU,MGBAKWU PHC,,,,,,,
815,SEZ,ANAMBRA,AWKA NORTH,UGBENE,UGBENE,UGBENE PHC,,,,,,,
816,SEZ,ANAMBRA,AWKA NORTH,URUM,URUM,URUM PHC,,,,,,,
817,SEZ,ANAMBRA,AWKA SOUTH,AGU AWKA,AGU AWKA/AWKA WARD 8,MOPOL BASE PHC,,,,,,,
818,SEZ,ANAMBRA,AWKA SOUTH,AMAWBIA 1,AMAWBIA 1,UMUEZE AMAWBIA PHC,,,,,,,
819,SEZ,ANAMBRA,AWKA SOUTH,AMAWBIA 11,AMAWBIA 2,EZI-OKPALAIGWE PHC,,,,,,,
820,SEZ,ANAMBRA,AWKA SOUTH,AMAWBIA 111,AMAWBIA 3,MCH AMAWBIA,,,,,,,
821,SEZ,ANAMBRA,AWKA SOUTH,AWKA 1 ,AWKA 1,NKWELLE PHC,,,,,,,
822,SEZ,ANAMBRA,AWKA SOUTH,AWKA 11,AWKA 2,UMUZUOCHA PHC,,,,,,,
823,SEZ,ANAMBRA,AWKA SOUTH,AWKA 111,AWKA 3,UMUDIOKA PHC,,,,,,,
824,SEZ,ANAMBRA,AWKA SOUTH,AWKA 1V,AWKA 4,UMUOGBUNU PHC,,,,,,,
825,SEZ,ANAMBRA,AWKA SOUTH,AWKA V,AWKA 5,AGULU AWKA PHC,,,,,,,
826,SEZ,ANAMBRA,AWKA SOUTH,AWKA V1 ,AWKA 6,AMIKWO AWKA PHC,,,,,,,
827,SEZ,ANAMBRA,AWKA SOUTH,AWKA V11 ,AWKA 7,UMUOKPU PHC,,,,,,,
828,SEZ,ANAMBRA,AWKA SOUTH,EZINATO/ISIAGU ,EZINATO/ISIAGU,ISIAGU PHC,,,,,,,
829,SEZ,ANAMBRA,AWKA SOUTH,MBAUKWU ,MBAUKWU,OVOLLO PHC,,,,,,,
830,SEZ,ANAMBRA,AWKA SOUTH,NIBO 1,NIBO 1,EZEAWULU PHC,,,,,,,
831,SEZ,ANAMBRA,AWKA SOUTH,NIBO 11,NIBO 2,NIBO PHC,,,,,,,
832,SEZ,ANAMBRA,AWKA SOUTH,NIBO 111,NIBO 3,BHC NIBO,,,,,,,
833,SEZ,ANAMBRA,AWKA SOUTH,NISE 1,NISE 1,OBEAGU ARAH NISE PHC,,,,,,,
834,SEZ,ANAMBRA,AWKA SOUTH,NISE 11,NISE 2,NISE EKE AFOR PHC,,,,,,,
835,SEZ,ANAMBRA,AWKA SOUTH,OKPUNO,OKPUNO,OKPUNO PHC,,,,,,,
836,SEZ,ANAMBRA,AWKA SOUTH,UMUAWULU,UMUAWULU,UMUAWULU PHC,,,,,,,
837,SEZ,ANAMBRA,AYAMELUM,ANAKU,ANAKU,ANAKU PHC,,,,,,,
838,SEZ,ANAMBRA,AYAMELUM,IFITE OGWARI 1 ,IFITE OGWARI 1,IFITE OGWARI PHC,,,,,,,
839,SEZ,ANAMBRA,AYAMELUM,IFITE OGWARI 11 ,IFITE OGWARI 2,AMAIS-UDALA,,,,,,,
840,SEZ,ANAMBRA,AYAMELUM,IGBAKWU,IGBAKWU,IGBAKWU PHC,,,,,,,
841,SEZ,ANAMBRA,AYAMELUM,OMASI,OMASI,OMASI AGU PHC,,,,,,,
842,SEZ,ANAMBRA,AYAMELUM,OMOR 1,OMOR 1,AMIKWE OMOR PHC,,,,,,,
843,SEZ,ANAMBRA,AYAMELUM,OMOR 11,OMOR 2,AKANATO PHC,,,,,,,
844,SEZ,ANAMBRA,AYAMELUM,OMOR 111,OMOR 3,PHC OMOR (ATURIA),,,,,,,
845,SEZ,ANAMBRA,AYAMELUM,UMUEJE ,UMUEJE,UMUEJE PHC,,,,,,,
846,SEZ,ANAMBRA,AYAMELUM,UMUERUM,UMERUM,UKPAMBAKA,,,,,,,
847,SEZ,ANAMBRA,AYAMELUM,UMUMBO ,UMUMBO,EZI UMUMBO PHC,,,,,,,
848,SEZ,ANAMBRA,DUNOKOFIA,AWKA,AKWA,AKWA PHC,,,,,,,
849,SEZ,ANAMBRA,DUNOKOFIA,IFITEDUNU 1 ,IFITEDUNU 1,UKPOMMILI PHC,,,,,,,
850,SEZ,ANAMBRA,DUNOKOFIA,IFITEDUNU 11,IFITEDUNU 2,UMUANUGWO,,,,,,,
851,SEZ,ANAMBRA,DUNOKOFIA,NAWGU 1,NAWGU 1,NAWGU PHC,,,,,,,
852,SEZ,ANAMBRA,DUNOKOFIA,NAWGU 11,NAWGU 2,NAWGU PHC 2,,,,,,,
853,SEZ,ANAMBRA,DUNOKOFIA,UKPO 1,UKPO 1,IRUZU PHC,,,,,,,
854,SEZ,ANAMBRA,DUNOKOFIA,UKPO 11,UKPO 2,ISIEKWULU PHC,,,,,,,
855,SEZ,ANAMBRA,DUNOKOFIA,UKPO 111,UKPO 3,AKPU 1,,,,,,,
856,SEZ,ANAMBRA,DUNOKOFIA,UKWULU 1,UKWULU 1,UKWULU PHC,,,,,,,
857,SEZ,ANAMBRA,DUNOKOFIA,UKWULU 11,UKWULU 2,UMUGAMA PHC,,,,,,,
858,SEZ,ANAMBRA,DUNOKOFIA,UMUDIOKA 1 ,UMUDIOKA 1,UMUDIOKA PHC,,,,,,,
859,SEZ,ANAMBRA,DUNOKOFIA,UMUDIOKA 11,UMUDIOKA 2,AKPOM PHC,,,,,,,
860,SEZ,ANAMBRA,DUNOKOFIA,UMUNACHI 1,UMUNACHI 1,NAGBANA PHC,,,,,,,
861,SEZ,ANAMBRA,DUNOKOFIA,UMUNACHI 11,UMANACHI 2,NKWELLE PHC,,,,,,,
862,SEZ,ANAMBRA,EKWUSIGO,AMAKWA 11,AMAKWA 2/ ORUMBA,AMAKWA PHC,,,,,,,
863,SEZ,ANAMBRA,EKWUSIGO,ICHI ,ICHI,ICHI REFERRAL HEALTH CENTER,,,,,,,
864,SEZ,ANAMBRA,EKWUSIGO,IHEMBOSI/ANA UBAHU,IHEMBOSI/ANA UBAHU,IHEMBOSI REFERAL H/C,,,,,,,
865,SEZ,ANAMBRA,EKWUSIGO,IHITE OHA ,IHITE OHA/IHEMBOSI,MODEL PHC IHEMBOSI,,,,,,,
866,SEZ,ANAMBRA,EKWUSIGO,ORAIFITE 1,ORIAIFITE 1/IBORO,IBORO PHC,,,,,,,
867,SEZ,ANAMBRA,EKWUSIGO,ORAIFITE 11 ,ORAIFITE 2/ IFIT,ORAIFITE REF H/C,,,,,,,
868,SEZ,ANAMBRA,EKWUSIGO,ORAIFITE 11 ,IFITE PHC ORAIFITE,PHC (PRIMARY HEALTH CENTRE),,,,,,,
869,SEZ,ANAMBRA,EKWUSIGO,ORAIFITE 111 ,ORAIFITE 3/ IREIFI,IREFI PHC,,,,,,,
870,SEZ,ANAMBRA,EKWUSIGO,OZUBULU 1,OZUBULU 1/AMAKWA,OBI OZUBULU PHC,,,,,,,
871,SEZ,ANAMBRA,EKWUSIGO,OZUBULU 11,OZUBULU 2/ EGBEMA,EGBEMA PHC,,,,,,,
872,SEZ,ANAMBRA,EKWUSIGO,OZUBULU 111 ,OZUBULU 3/ USUOKWE,OZUBULU REERAL,,,,,,,
873,SEZ,ANAMBRA,EKWUSIGO,OZUBULU 1V,OZUBULU IV /EZIORAH,AKWA PHC,,,,,,,
874,SEZ,ANAMBRA,EKWUSIGO,OZUBULU V,OZUBULU 5/ NZA,NZA PHC,,,,,,,
875,SEZ,ANAMBRA,IDEMILI NORTH,ABACHA,ABACHA,ABACHA PHC,,,,,,,
876,SEZ,ANAMBRA,IDEMILI NORTH,ABATE,ABATETE 1,PHC ODIDA ABATETE,,,,,,,
877,SEZ,ANAMBRA,IDEMILI NORTH,EZIOWELLE,EZIOWELLE,EZIOWELLE PHC,,,,,,,
878,SEZ,ANAMBRA,IDEMILI NORTH,IDEANI ,IDEANI,IDEANI PHC,,,,,,,
879,SEZ,ANAMBRA,IDEMILI NORTH,NKPOR 1,NKPOR UNO,NKPOR UNO MPHC,,,,,,,
880,SEZ,ANAMBRA,IDEMILI NORTH,NKPOR 11 ,NKPOR 2,AKUZOR PHC,,,,,,,
881,SEZ,ANAMBRA,IDEMILI NORTH,OBOSI,OBOSI 1,MPHC (MODEL PHC),,,,,,,
882,SEZ,ANAMBRA,IDEMILI NORTH,OBOSI,OBOSI 2,PHC (PRIMARY HEALTH CENTRE),,,,,,,
883,SEZ,ANAMBRA,IDEMILI NORTH,OGIDI 1,OGIDI 1,MCH OGIDI,,,,,,,
884,SEZ,ANAMBRA,IDEMILI NORTH,OGIDI 11,OGIDI 2,PHC URU OGIDI,,,,,,,
885,SEZ,ANAMBRA,IDEMILI NORTH,ORAUKWU,ORAUKWU,ORAUKWU PHC,,,,,,,
886,SEZ,ANAMBRA,IDEMILI NORTH,UKE,UKE,UKE PHC,,,,,,,
887,SEZ,ANAMBRA,IDEMILI NORTH,UMUOJI,UMUOJI,UMUOJI PHC,,,,,,,
888,SEZ,ANAMBRA,IDEMILI SOUTH,AKWUKWU ,AKWA UKWU,AKWAUKWU PHC,,,,,,,
889,SEZ,ANAMBRA,IDEMILI SOUTH,ALORI 1,ALOR 1,ALOR 1 PHC,,,,,,,
890,SEZ,ANAMBRA,IDEMILI SOUTH,ALORI 11,ALOR 2,UMUOCHI PHC,,,,,,,
891,SEZ,ANAMBRA,IDEMILI SOUTH,AWKA ETITI 1,AWKA ETITI 1,AWKA ETITI PHC,,,,,,,
892,SEZ,ANAMBRA,IDEMILI SOUTH,AWKA ETITI 11 ,AWKA ETITI 2,UMUNOCHA PHC,,,,,,,
893,SEZ,ANAMBRA,IDEMILI SOUTH,NNKWA,NNOKWA,NNOKWA PHC,,,,,,,
894,SEZ,ANAMBRA,IDEMILI SOUTH,NNOBI 1,NNOBI 1,EBENESI NNOBI PHC,,,,,,,
895,SEZ,ANAMBRA,IDEMILI SOUTH,NNOBI 11,NNOBI 2,MODEL PHC NGO NNOBI,,,,,,,
896,SEZ,ANAMBRA,IDEMILI SOUTH,NNOBI 111 ,NNOBI 3,AWADA NNOBI PHC,,,,,,,
897,SEZ,ANAMBRA,IDEMILI SOUTH,OBA 1 ,OBA 1,OBA 1 PHC,,,,,,,
898,SEZ,ANAMBRA,IDEMILI SOUTH,OBA 11,OBA 2,OBA 2 PHC,,,,,,,
899,SEZ,ANAMBRA,IDEMILI SOUTH,OJOTO ,OJOTO,OJOTO UNO PHC,,,,,,,
900,SEZ,ANAMBRA,IHIALA,AMORKA,AMORKA,AMORKA_PHC,,,,,,,
901,SEZ,ANAMBRA,IHIALA,AZIA,AZIA,AZIA PHC,,,,,,,
902,SEZ,ANAMBRA,IHIALA,IHITE,IHITE,UMUDARA PHC,,,,,,,
903,SEZ,ANAMBRA,IHIALA,ISSEKE,ISEKE,ISEKE PHC,,,,,,,
904,SEZ,ANAMBRA,IHIALA,MAMU 1,AMAMU A/ MAMU1,MBARAKPAKA PHC,,,,,,,
905,SEZ,ANAMBRA,IHIALA,MAMU 11 ,AMAMU B/ MAMU 2,EZIANI PHC,,,,,,,
906,SEZ,ANAMBRA,IHIALA,MBOSI,MBOSI,MBOSI PHC,,,,,,,
907,SEZ,ANAMBRA,IHIALA,OGBORO,OGBORO,OGBORO PHC,,,,,,,
908,SEZ,ANAMBRA,IHIALA,OKIJA 1,OKIJA 1/ UMUHU,UMUHU OKIJA PHC,,,,,,,
909,SEZ,ANAMBRA,IHIALA,OKIJA 11 ,OKIJA 2/ UMUOHI,UMUOHI OKIJA PHC,,,,,,,
910,SEZ,ANAMBRA,IHIALA,OKIJA 111 ,OKIJA 3/ UHUOWELLE,UHUOWELLE PHC,,,,,,,
911,SEZ,ANAMBRA,IHIALA,OKIJA 1V,OKIJA 4/ UHUOBO,UMUAZUEGWU PHC,,,,,,,
912,SEZ,ANAMBRA,IHIALA,OKIJA V,OKIJA 5/ IHIT ABU IHITE,OKIJA CENTRAL PHC,,,,,,,
913,SEZ,ANAMBRA,IHIALA,UBULISIUZOR,UBULUISIUZOR,UBULUISIUZOR PHC,,,,,,,
914,SEZ,ANAMBRA,IHIALA,ULI 1,ULI 1/ EZIAMA IHITE,EZIAMA ULI PHC,,,,,,,
915,SEZ,ANAMBRA,IHIALA,ULI 11,ULI 2/ UMUAKU,UMUAKU PHC,,,,,,,
916,SEZ,ANAMBRA,IHIALA,ULI 111,ULI 3/ UMOMA,UMOMA ULI PHC,,,,,,,
917,SEZ,ANAMBRA,IHIALA,ORSUMOGHU,ORSUMOGHU,CHC ORSUMOGHU,,,,,,,
918,SEZ,ANAMBRA,IHIALA,ULI 1V,ULI 1V,Lilu Phc,,,,,,,
919,SEZ,ANAMBRA,IHIALA,UZOAKWA,UZOAKWA,ACHALLA UZOAKJWA PHC,,,,,,,
920,SEZ,ANAMBRA,NJIKOKA,ABAGANA 1,ABAGANA 1,EZI- AMAIGBO ABAGANA PHC,,,,,,,
921,SEZ,ANAMBRA,NJIKOKA,ABAGANA 11 ,ABAGANA 2,OLIOBI ABAGANA PHC,,,,,,,
922,SEZ,ANAMBRA,NJIKOKA,ABAGANA 111,ABAGANA 3,MCH ABAGAN,,,,,,,
923,SEZ,ANAMBRA,NJIKOKA,ABAGANA 1V,ABAGANA 4,PHC ABAGANA,,,,,,,
924,SEZ,ANAMBRA,NJIKOKA,ABBA 1,ABBA-1,ABBA PHC,,,,,,,
925,SEZ,ANAMBRA,NJIKOKA,ABBA 11 ,ABBA -2,IRE ABBA PHC,,,,,,,
926,SEZ,ANAMBRA,NJIKOKA,ENUGWU AGIDI 1,ENUGWU -AGIDI 1,ENUGWU- AGIDI PHC,,,,,,,
927,SEZ,ANAMBRA,NJIKOKA,ENUGWU AGIDI 11,ENUGWU - AGIDI 2,ENUGWU-AGIDI ACHALLA PHC,,,,,,,
928,SEZ,ANAMBRA,NJIKOKA,ENUGWU IGIDI 1V,ENUGWU UKWU 2,ADEGBEAVOMIMI PHC,,,,,,,
929,SEZ,ANAMBRA,NJIKOKA,ENUGWU IGIDI III,ENUGWU- UKWU 1,URUOGBO PHC ENUGWU UKWU,,,,,,,
930,SEZ,ANAMBRA,NJIKOKA,ENUGWU IGIDI VI,ENUGW-UKWU 4,URUNNEBO PHC,,,,,,,
931,SEZ,ANAMBRA,NJIKOKA,ENUGWU IGIDI VI,ENUGWU-UKWU 3,ISIONYE PHC,,,,,,,
932,SEZ,ANAMBRA,NJIKOKA,NAWFIA 1,NAWFIA 1,IFITE NAWFIA PHC,,,,,,,
933,SEZ,ANAMBRA,NJIKOKA,NAWFIA 11,NAWFIA 2,NAWFIA PHC,,,,,,,
934,SEZ,ANAMBRA,NJIKOKA,NIMO 1,NIMO 1,UMUDIABOR PHC,,,,,,,
935,SEZ,ANAMBRA,NJIKOKA,NIMO 11,NIMO 2,URUOKOKWE PHC,,,,,,,
936,SEZ,ANAMBRA,NJIKOKA,NIMO 111,NIMO 3,EZIRA PHC,,,,,,,
937,SEZ,ANAMBRA,NJIKOKA,NIMO 1V,NIMO 4,EGBENGWU PHC,,,,,,,
938,SEZ,ANAMBRA,NNEWI NORTH,NNEWI ICHI 1,NNEWICHI 1,OKPUNO NNEWICHI PHC,,,,,,,
939,SEZ,ANAMBRA,NNEWI NORTH,NNEWI ICHI 11,NNEWICHI- 2,ABUBOR NNEWICHI PHC,,,,,,,
940,SEZ,ANAMBRA,NNEWI NORTH,OTOLO 11,OTOLO- 2,UMUENEM PHC,,,,,,,
941,SEZ,ANAMBRA,NNEWI NORTH,OTOLO 111,OTOLO 3,MBANAGU PHC,,,,,,,
942,SEZ,ANAMBRA,NNEWI NORTH,OTOLO 1,OTOLO 1,NDIAKWU OTOLO PHC,,,,,,,
943,SEZ,ANAMBRA,NNEWI NORTH,UMUDIM 1,UMUDIM- 1,URU PHC,,,,,,,
944,SEZ,ANAMBRA,NNEWI NORTH,UMUDIM 11,UMUDIM- 2,EMECOURT PHC,,,,,,,
945,SEZ,ANAMBRA,NNEWI NORTH,URUAGU 1,URUAGU 1,OBIU- URUAGU PHC,,,,,,,
946,SEZ,ANAMBRA,NNEWI NORTH,URUAGU 11,URUAGU - 2,NDIEZENWANKWO PHC,,,,,,,
947,SEZ,ANAMBRA,NNEWI NORTH,URUAGU 111,URUAGU- 3,EDORJI PHC,,,,,,,
948,SEZ,ANAMBRA,NNEWI SOUTH,AMICHI 1,AMICHI- 1/ EZEAMA,EZEAMA PHC,,,,,,,
949,SEZ,ANAMBRA,NNEWI SOUTH,AMICHI 11,AMICHI - 2,AMICHI PHC,,,,,,,
950,SEZ,ANAMBRA,NNEWI SOUTH,AMICHI 111,AMICHI- 3/ ISOKE,ISOKE PHC,,,,,,,
951,SEZ,ANAMBRA,NNEWI SOUTH,AWKA IHEDI ,AKWAIHEDI,AKWAIHEDI PHC,,,,,,,
952,SEZ,ANAMBRA,NNEWI SOUTH,AZIGO ,AZUIGBO,AZUIGBO PHC,,,,,,,
953,SEZ,ANAMBRA,NNEWI SOUTH,EBENATOR,EBENATOR,EBENATOR PHC,,,,,,,
954,SEZ,ANAMBRA,NNEWI SOUTH,EEKWULUMILI,EKWULUMMILI,EKWULUMMILI PHC,,,,,,,
955,SEZ,ANAMBRA,NNEWI SOUTH,EZINITIFE 1,EZINIFITE- 1/ AWOR,AWOR PHC,,,,,,,
956,SEZ,ANAMBRA,NNEWI SOUTH,EZINITIFE 11,EZINIFITE 2/ UMUDIALA,EZINIFITE PHC,,,,,,,
957,SEZ,ANAMBRA,NNEWI SOUTH,EZINITIFE 111,EZINIFITE - 3,UMUDIALA PHC,,,,,,,
958,SEZ,ANAMBRA,NNEWI SOUTH,OSUMENYI 1,OSUMENYI -2 / ODIKPI,ODIKPI PHC,,,,,,,
959,SEZ,ANAMBRA,NNEWI SOUTH,OSUMENYI 1,OSUMENYI- 1,OSUMENYI PHC,,,,,,,
960,SEZ,ANAMBRA,NNEWI SOUTH,UKPOR 1,UKPOR -1/ UMUONUKO,UMUONUKO PHC,,,,,,,
961,SEZ,ANAMBRA,NNEWI SOUTH,UKPOR 11,UKPOR - 2/ UMUHU,UMUHU PHC,,,,,,,
962,SEZ,ANAMBRA,NNEWI SOUTH,UKPOR 111,UKPOR 3/ UHUORI,MCH UHUORI,,,,,,,
963,SEZ,ANAMBRA,NNEWI SOUTH,UKPORI IV,UKPOR-4,EBE PHC,,,,,,,
964,SEZ,ANAMBRA,NNEWI SOUTH,UKPORI V,UKPOR-5,AMAKOM PHC,,,,,,,
965,SEZ,ANAMBRA,NNEWI SOUTH,UKPORI VI,UKPOR-6,UBOMA PHC,,,,,,,
966,SEZ,ANAMBRA,NNEWI SOUTH,UNUBI,UNUBI,UNUBI PHC,,,,,,,
967,SEZ,ANAMBRA,NNEWI SOUTH,UTUB ,UTUH,UTUH PHC,,,,,,,
968,SEZ,ANAMBRA,OGBARU,AKILI OGIDI,AKILI OGIDI / OBEAGWA,OBEAGWA PHC,,,,,,,
969,SEZ,ANAMBRA,OGBARU,AKILI OZIZOR ,AKILI-OZIZOR,AKILI- OZIZOR PHC,,,,,,,
970,SEZ,ANAMBRA,OGBARU,ATANI 1,ATANI- 1,ATANI -1 PHC,,,,,,,
971,SEZ,ANAMBRA,OGBARU,ATANI 11 ,ATANI - 2,ATANI- 2 PHC,,,,,,,
972,SEZ,ANAMBRA,OGBARU,AYIOWA-ODEKPEOHITA,AYIOWA ODEKPE,ODEKPE PHC,,,,,,,
973,SEZ,ANAMBRA,OGBARU,OCHUCHE OGBAKUBA,OCHUCHE OGBAKUBA,OGBAKUBA PHC,,,,,,,
974,SEZ,ANAMBRA,OGBARU,OGWUANIOCH A,OGWUANIOCHA,MPHC OGWUANIOCHA,,,,,,,
975,SEZ,ANAMBRA,OGBARU,OGWUIKPELE ,OGWUIKPELE,OGWUIKPELE PHC,,,,,,,
976,SEZ,ANAMBRA,OGBARU,OKPOKPO 1 ,OKPOKO- 1,OKPOKOPHC 1,,,,,,,
977,SEZ,ANAMBRA,OGBARU,OKPOKPO 11 ,OKPOKO- 2,OKPOKO PHC 5,,,,,,,
978,SEZ,ANAMBRA,OGBARU,OKPOKPO 111,OKPOKO 3,OKPOKO PHC 3,,,,,,,
979,SEZ,ANAMBRA,OGBARU,OKPOKPO 1V ,OKPOKO - 4,OKPOKO PHC 2,,,,,,,
980,SEZ,ANAMBRA,OGBARU,OKPOKPO V,OKPOKO- 5,OKPOKO 4 PHC,,,,,,,
981,SEZ,ANAMBRA,OGBARU,OKPOKPO V1,OKPOKO -6,OKPOKO PHC 6,,,,,,,
982,SEZ,ANAMBRA,OGBARU,OSAMALA,OSSOAMALA,OSSOMALA PHC,,,,,,,
983,SEZ,ANAMBRA,OGBARU,UMUNANKWO MPUTU,MPUTU / UMUNANKWO,UMUNANKWO PHC,,,,,,,
984,SEZ,ANAMBRA,ONITSHA NORTH,AMERICAN QTRS,AMERICAN QUARTERS,AMERICAN QUARTERS PHC,,,,,,,
985,SEZ,ANAMBRA,ONITSHA NORTH,GRA,GRA,GRA PHC,,,,,,,
986,SEZ,ANAMBRA,ONITSHA NORTH,INLAND TOWN 1 ,INLAND TOWN -1/ OMABA,ST.MARK PHC,,,,,,,
987,SEZ,ANAMBRA,ONITSHA NORTH,INLAND TOWN 11,INLAND TOWN - 2 / OMAGBA,HOLY SPIRIT PHC,,,,,,,
988,SEZ,ANAMBRA,ONITSHA NORTH,INLAND TOWN 111,INLAND TOWN - 3/ OBOLI OLOSI,OGBEOYE PHC,,,,,,,
989,SEZ,ANAMBRA,ONITSHA NORTH,INLAND TOWN 1V,INLAND TOWN -4/ MAIN MARKET,CHRIST CHURCH OSE PHC,,,,,,,
990,SEZ,ANAMBRA,ONITSHA NORTH,INLAND TOWN V ,INLAND TOWN - 5/ UMUAROLI,"ST, MARY'S PHC",,,,,,,
991,SEZ,ANAMBRA,ONITSHA NORTH,INLAND TOWN V1 ,INLAND TOWN -6 / WATER WORKS,INLAND TOWN PHC,,,,,,,
992,SEZ,ANAMBRA,ONITSHA NORTH,INLAND TOWN V11,INLAND TOWN -7 / ARMY BARRACKS,ASCENSION CHURCH ISIAFOR PHC,,,,,,,
993,SEZ,ANAMBRA,ONITSHA NORTH,INLAND TOWN V111,INLAND TOWN -8,EMMANUEL CHURCH ROAD PHC,,,,,,,
994,SEZ,ANAMBRA,ONITSHA NORTH,OGBE UMUONICHA,OGBE UMUNIOCHA,BASIC PHC COURT ROAD,,,,,,,
995,SEZ,ANAMBRA,ONITSHA NORTH,TRANS NKISI,TRANS NKISI/ AKPAKA,AKPAKA PHC,,,,,,,
996,SEZ,ANAMBRA,ONITSHA NORTH,WATER SIDE CEN. 1,WATER CENTRAL -1 / MARINE 3 3,ST. THERESA'S CHURCH PHC,,,,,,,
997,SEZ,ANAMBRA,ONITSHA NORTH,WATER SIDE CEN. 11,WATER CENTRAL- 2/ MARINE 3 3,MARINE PRISON PHC,,,,,,,
998,SEZ,ANAMBRA,ONITSHA NORTH,WOLIWO,WOLIWO,WOLIWO PHC,,,,,,,
999,SEZ,ANAMBRA,ONITSHA SOUTH,BRIDGE HEAD 1,BRIDGE HEAD I,BRIDGE HEAD PHC,,,,,,,
1000,SEZ,ANAMBRA,ONITSHA SOUTH,BRIDGE HEAD 11 ,BRIDGE HEAD II,RECREATION PHC,,,,,,,
1001,SEZ,ANAMBRA,ONITSHA SOUTH,FEGGE 1 ,FEGGE-1,METHODIST PHC,,,,,,,
1002,SEZ,ANAMBRA,ONITSHA SOUTH,FEGGE 11,FEGGE-2,ST FAITH PHC,,,,,,,
1003,SEZ,ANAMBRA,ONITSHA SOUTH,FEGGE 111,FEGGE-3,REDEMPTION PHC,,,,,,,
1004,SEZ,ANAMBRA,ONITSHA SOUTH,FEGGE 1V,FEGGE-4,ZIKS AVENUE PHC,,,,,,,
1005,SEZ,ANAMBRA,ONITSHA SOUTH,FEGGE V,FEGGE-5,ST. JOHN ANG. PHC,,,,,,,
1006,SEZ,ANAMBRA,ONITSHA SOUTH,FEGGE V1,FEGGE-6,ST. DOMINIC PHC,,,,,,,
1007,SEZ,ANAMBRA,ONITSHA SOUTH,FEGGE V1 1,FEGGE-7,ST. MONICA PHC,,,,,,,
1008,SEZ,ANAMBRA,ONITSHA SOUTH,FEGGE V111,FEGGE-8,QUEEN OF PEACE PHC,,,,,,,
1009,SEZ,ANAMBRA,ONITSHA SOUTH,ODOAKPU 1,ODOAKPU-1,CKP PHC,,,,,,,
1010,SEZ,ANAMBRA,ONITSHA SOUTH,ODOAKPU 11,ODOAKPU-2,UMUNNA MPHC,,,,,,,
1011,SEZ,ANAMBRA,ONITSHA SOUTH,ODOAKPU 111,ODOAKPU-3,ONUMA PHC,,,,,,,
1012,SEZ,ANAMBRA,ONITSHA SOUTH,ODOAKPU 1V,ODOAKPU-4,PAM-PAM LANE PHC,,,,,,,
1013,SEZ,ANAMBRA,ONITSHA SOUTH,ODOAKPU V,ODOAKPU-5,NWEJE PHC,,,,,,,
1014,SEZ,ANAMBRA,ONITSHA SOUTH,ODOAKPU V1,ODOAKPU-6,ST JOHN DE BAPTIST PHC,,,,,,,
1015,SEZ,ANAMBRA,ONITSHA SOUTH,ODOAKPU V11,ODOAKPU-7,ST BARNABAS PHC,,,,,,,
1016,SEZ,ANAMBRA,ORUMBA NORTH,AJALI 1,AJALI -1,MCH AJALI,,,,,,,
1017,SEZ,ANAMBRA,ORUMBA NORTH,AJALI 11,AJALI 2,MPHCAJALI,,,,,,,
1018,SEZ,ANAMBRA,ORUMBA NORTH,AMETIT,AMAETITI,AMAETITI PHC,,,,,,,
1019,SEZ,ANAMBRA,ORUMBA NORTH,AWA,AWA,MPHC AWA,,,,,,,
1020,SEZ,ANAMBRA,ORUMBA NORTH,AWGU 1,AWGBU -1,UGWUAWGBU PHC,,,,,,,
1021,SEZ,ANAMBRA,ORUMBA NORTH,AWGU 11 ,AWGBU - 2,REFERAL PHC AWGBU,,,,,,,
1022,SEZ,ANAMBRA,ORUMBA NORTH,NANKA 1 ,NANKA 1,NANKA PHC 1,,,,,,,
1023,SEZ,ANAMBRA,ORUMBA NORTH,NANKA 11 ,NANKA - 2,NANKA PHC -2,,,,,,,
1024,SEZ,ANAMBRA,ORUMBA NORTH,NDILELIONWU ,NDIKELIONWU,NDIKELIONWU PHC,,,,,,,
1025,SEZ,ANAMBRA,ORUMBA NORTH,NDIOKPALEZE,NDIOKPALAEZE,NDIOKPALAEZE PHC,,,,,,,
1026,SEZ,ANAMBRA,ORUMBA NORTH,NDIOKPOLON/NDIOKPALEKE,NDIOKPOLON/NDIOKPALEKE,NDIOKPALAEKE PHC,,,,,,,
1027,SEZ,ANAMBRA,ORUMBA NORTH,NDIOWU ,NDIOWU,MPHC NDIOWU,,,,,,,
1028,SEZ,ANAMBRA,ORUMBA NORTH,NDIUKWUENU/OPKEZE,NDIUKWUENU/OPKEZE,OKPEZE PHC,,,,,,,
1029,SEZ,ANAMBRA,ORUMBA NORTH,OKO 1,OKO -1,OKO PHC,,,,,,,
1030,SEZ,ANAMBRA,ORUMBA NORTH,OKO 11,OKO - 2,OKO -2 PHC,,,,,,,
1031,SEZ,ANAMBRA,ORUMBA NORTH,OMOGHO/AMA OKPALA,AMAOKPALA/ OMOGHO,AMAOKPALA PHC,,,,,,,
1032,SEZ,ANAMBRA,ORUMBA NORTH,UFUMA 1,UFUMA - 1,ENUGWU ABOR UFUMA PHC,,,,,,,
1033,SEZ,ANAMBRA,ORUMBA NORTH,UFUMA 11,UFUMA - 2,UMUNEBO UFUMA PHC,,,,,,,
1034,SEZ,ANAMBRA,ORUMBA SOUTH,AGBUDU APKU,AGBUDU/AKPU,AGBUDU PHC,,,,,,,
1035,SEZ,ANAMBRA,ORUMBA SOUTH,APKU,AKPU,AKPU PHC,,,,,,,
1036,SEZ,ANAMBRA,ORUMBA SOUTH,ENUGU UMUOYIA/ONNE,ENUGU-UMUOYIA/ ONNEH,ONNEH PHC,,,,,,,
1037,SEZ,ANAMBRA,ORUMBA SOUTH,EZIAGU ,EZIAGU,EZIAGU PHC,,,,,,,
1038,SEZ,ANAMBRA,ORUMBA SOUTH,EZIRA,EZIRA,EZIRA PHC,,,,,,,
1039,SEZ,ANAMBRA,ORUMBA SOUTH,IHITE,IHITE,IHITE PHC,,,,,,,
1040,SEZ,ANAMBRA,ORUMBA SOUTH,ISULO ,ISULO,ISULO PHC,,,,,,,
1041,SEZ,ANAMBRA,ORUMBA SOUTH,NAWFIJA,NAWFIJA,NAWFIJA PHC,,,,,,,
1042,SEZ,ANAMBRA,ORUMBA SOUTH,NKEREHI,NKEREHI/ UMUCHUKWU,UMUCHUKWU PHC,,,,,,,
1043,SEZ,ANAMBRA,ORUMBA SOUTH,OGBOJI,OGBOJI,OGBOJI PHC,,,,,,,
1044,SEZ,ANAMBRA,ORUMBA SOUTH,OGBUNKA 1,OGBUNKA - 1,OGBUNKA PHC,,,,,,,
1045,SEZ,ANAMBRA,ORUMBA SOUTH,OGBUNKA 11 ,OGBUNKA - 2,UMUNEBO OGBUNKA PHC,,,,,,,
1046,SEZ,ANAMBRA,ORUMBA SOUTH,OWERE-EZUKALA 1,OWERRE-EZUKALA - 1,OWERRE-EZUKALA PHC,,,,,,,
1047,SEZ,ANAMBRA,ORUMBA SOUTH,OWERE-EZUKALA 11,OWERRE-EZUKALA - 2,OGBU OWERRE -EZUKALA PHC,,,,,,,
1048,SEZ,ANAMBRA,ORUMBA SOUTH,UMUNZE 1,UMUNZE - 1,UGWUARO PHC,,,,,,,
1049,SEZ,ANAMBRA,ORUMBA SOUTH,UMUNZE 11,UMUNZE - 2,LOMU PHC,,,,,,,
1050,SEZ,ANAMBRA,ORUMBA SOUTH,UMUNZE 111,UMUNZE -3,MCH UMUNZE,,,,,,,
1051,SEZ,ANAMBRA,ORUMBA SOUTH,UMUOMAKU,UMUOMAKU,UMUOMAKU PHC,,,,,,,
1052,SEZ,ANAMBRA,OYI,AKWUZU 1 ,AWKUZU-1,IGBU PHC,,,,,,,
1053,SEZ,ANAMBRA,OYI,AKWUZU 11,AWKUZU -2,NDIBINAGU UMUDIOKA AWKUZU PHC,,,,,,,
1054,SEZ,ANAMBRA,OYI,AKWUZU 111,AWKUZU - 3,IFITE- AWKUZU PHC,,,,,,,
1055,SEZ,ANAMBRA,OYI,AKWUZU 1V,AWKUZU -4,AWKUZU PHC,,,,,,,
1056,SEZ,ANAMBRA,OYI,NKWELE-EZUNAKA 1,NKWELLE EZUNAKA -1,OYELU PHC,,,,,,,
1057,SEZ,ANAMBRA,OYI,NKWELE-EZUNAKA 11,NKWELLE EZUNAKA -2,ODATA PHC,,,,,,,
1058,SEZ,ANAMBRA,OYI,NTEJE 1,NTEJE -1,MCH NTEJE,,,,,,,
1059,SEZ,ANAMBRA,OYI,NTEJE 11,NTEJE - 2,AMANDIABA NTEJE PHC,,,,,,,
1060,SEZ,ANAMBRA,OYI,NTEJE 111,NTEJE - 3,IKENJA NTEJE PHC,,,,,,,
1061,SEZ,ANAMBRA,OYI,NTEJE 1V,NTEJE - 4,UMUZU PHC,,,,,,,
1062,SEZ,ANAMBRA,OYI,NTEJE V,NTEJE - 5,IFITE NTEJE PHC,,,,,,,
1063,SEZ,ANAMBRA,OYI,OGBUNIKE 1 ,OGBUNIKE - 1,IFITE OGBUNIKE PHC,,,,,,,
1064,SEZ,ANAMBRA,OYI,OGBUNIKE 11,OGBUNIKE - 2,OGBUNIKE PHC,,,,,,,
1065,SEZ,ANAMBRA,OYI,UMUNYA 1,UMUNYA - 1,OBINETITI PHC,,,,,,,
1066,SEZ,ANAMBRA,OYI,UMUNYA 11 ,UMUNYA -2,UMUNYA PHC,,,,,,,
1067,NEZ,BAUCHI,ALKALERI,ALKALERI,ALKALERI WEST,ALKALERI TOWN MATERNITY,,,,,,,
1068,NEZ,BAUCHI,ALKALERI,BIRIN/ GIGARA/ YANKARI,BIRIM/GIGARA,BAJAMA PHC,,,,,,,
1069,NEZ,BAUCHI,ALKALERI,DAN/KUNGIBAR,DAN,Y/DUGURI MPHC,,,,,,,
1070,NEZ,BAUCHI,ALKALERI,FUTUK,FUTUK EAST,FUTUK PHC,,,,,,,
1071,NEZ,BAUCHI,ALKALERI,GAR,GAR,GAR PHC,,,,,,,
1072,NEZ,BAUCHI,ALKALERI,GWANA/ MANSUR,MANSUR,MANSUR H/CLINIC,,,,,,,
1073,NEZ,BAUCHI,ALKALERI,GWARAM,GWARAM,GWARAM PHC,,,,,,,
1074,NEZ,BAUCHI,ALKALERI,MAIMADI,MAIMADI,MAIMADI H/CLINIC,,,,,,,
1075,NEZ,BAUCHI,ALKALERI,PALI,PALI EAST,PALI H/CLINIC,,,,,,,
1076,NEZ,BAUCHI,ALKALERI,YALO,YALO 1,YALO H/CLINIC,,,,,,,
1077,NEZ,BAUCHI,ALKALERI,YULI/ LIM,YULI,DUGURI H/CLINIC,,,,,,,
1078,NEZ,BAUCHI,BAUCHI,BIRSHI/MIRI,BIRSHI,MIRI PHC,,,,,,,
1079,NEZ,BAUCHI,BAUCHI,DANDANGO/ YAMRAT,YAMRAT,LUDA PHC,,,,,,,
1080,NEZ,BAUCHI,BAUCHI,DANIYAN/HARDO,DAN IYA,STATE LOW COST PHC,,,,,,,
1081,NEZ,BAUCHI,BAUCHI,DAWAKI,DAWAKI,URBAN MATERNITY KOFAR RAN,,,,,,,
1082,NEZ,BAUCHI,BAUCHI,GALAMBI/ GWASKI,GALAMBI,TUDUN GAMBO PHC,,,,,,,
1083,NEZ,BAUCHI,BAUCHI,KANGYARE/TURWUN,KANGERE,KANGERE PHC,,,,,,,
1084,NEZ,BAUCHI,BAUCHI,KUNDUM/DURUN,KUNDUM DURUM,DURUM PHC,,,,,,,
1085,NEZ,BAUCHI,BAUCHI,MAJI DADI 'A',MAJIDADI A,DOYA PHC,,,,,,,
1086,NEZ,BAUCHI,BAUCHI,MAJI DADI 'B',MAJIDADI B,KOFAR DUMI PHC,,,,,,,
1087,NEZ,BAUCHI,BAUCHI,MAKAMA S/BAKI,MAKAMA,TASHAN BABAYE CHC,,,,,,,
1088,NEZ,BAUCHI,BAUCHI,MUN/MUNSAL,MUN-MUNSAL,YUGUDA PHC,,,,,,,
1089,NEZ,BAUCHI,BAUCHI,ZUNGUR/L/KATANG,ZUNGUR,LIMAN KATAGUM CHC,,,,,,,
1090,NEZ,BAUCHI,BOGORO,BOGORO 'A',BOGORO A,DANTSANG MCH,,,,,,,
1091,NEZ,BAUCHI,BOGORO,BOGORO 'C',BOGORO C,BOGORO PHCC,,,,,,,
1092,NEZ,BAUCHI,BOGORO,BOGORO 'D',BOGORO D,D/LAWAN PHC,,,,,,,
1093,NEZ,BAUCHI,BOGORO,BOGORO'B',BOGORO B,MWARI MCH,,,,,,,
1094,NEZ,BAUCHI,BOGORO,BOI 'A',BOI A,BOI PHC,,,,,,,
1095,NEZ,BAUCHI,BOGORO,BOI 'B',BOI B,GAMBAR H/CLINIC,,,,,,,
1096,NEZ,BAUCHI,BOGORO,BOI 'C',BOI C,UNG.RIMI PHC,,,,,,,
1097,NEZ,BAUCHI,BOGORO,LUSA 'A',LUSA A,LUSA PHC,,,,,,,
1098,NEZ,BAUCHI,BOGORO,LUSA 'B',LUSA B,TADNUM PHC,,,,,,,
1099,NEZ,BAUCHI,BOGORO,LUSA 'C',LUSA C,GOBBIYA MPHC,,,,,,,
1100,NEZ,BAUCHI,DAMBAM,DAGANDA,DAGAUDA,DAGAUDA MPHCC,,,,,,,
1101,NEZ,BAUCHI,DAMBAM,DAMBAM,DAMBAM ‘B’,DAMBAM PHC,,,,,,,
1102,NEZ,BAUCHI,DAMBAM,GARBANA,GURBANA,GURBANA PHC,,,,,,,
1103,NEZ,BAUCHI,DAMBAM,GARBAWA,GARGAWA,LUCHAMDI DISPENSARY,,,,,,,
1104,NEZ,BAUCHI,DAMBAM,GARUZA,GARUZA,GARUZA PHC,,,,,,,
1105,NEZ,BAUCHI,DAMBAM,JALAM CENTRAL,JALAM,JALAM MPHC,,,,,,,
1106,NEZ,BAUCHI,DAMBAM,JALAM EAST,JANDA,GARIN JARMI DISPENARY,,,,,,,
1107,NEZ,BAUCHI,DAMBAM,YAME,YAME,YAME PHC,,,,,,,
1108,NEZ,BAUCHI,DAMBAM,YANDA,YANDA,YANDA PHC,,,,,,,
1109,NEZ,BAUCHI,DAMBAM,ZAURA,ZAURA,ZAURA PHC,,,,,,,
1110,NEZ,BAUCHI,DARAZO,DARAZO,A I Y UNDER FIVE,AIY UNDER FIVE,,,,,,,
1111,NEZ,BAUCHI,DARAZO,GABARIN,GABARIN PHC,GABARIN PHC,,,,,,,
1112,NEZ,BAUCHI,DARAZO,GABCHARI,GABCIYARI MCH,GABCHIYARI,,,,,,,
1113,NEZ,BAUCHI,DARAZO,KONKIYEL,KWANKIYEL PHC,KWANKIYEL,,,,,,,
1114,NEZ,BAUCHI,DARAZO,LAGO,LAGO H/CLINIC,LAGO,,,,,,,
1115,NEZ,BAUCHI,DARAZO,LANZAI,LANZAI PHC,LANZAI WEST,,,,,,,
1116,NEZ,BAUCHI,DARAZO,SADE,SADE PHC,SADE,,,,,,,
1117,NEZ,BAUCHI,DARAZO,WAHU,WAHU H/CLINIC,WAHU PHC,,,,,,,
1118,,BAUCHI,DARAZO,PAPA,Papa,Papa MPHC,,,,,,,
1119,,BAUCHI,DARAZO,TAUYA,Tauya PHC,Tauya,,,,,,,
1120,NEZ,BAUCHI,DARAZO,YAUTARE,YAUTARE H/CLINIC,YAUTARE,,,,,,,
1121,NEZ,BAUCHI,DASS,BAGEL/ BAJAR,BAJAR BAGEL,BAJAR PHC,,,,,,,
1122,NEZ,BAUCHI,DASS,BARAZA,BARAZA,BARAZA PHC,,,,,,,
1123,NEZ,BAUCHI,DASS,BUNDOT,BUNDOT,DABARDAK MCH,,,,,,,
1124,NEZ,BAUCHI,DASS,BUNUNU CENTRAL,BUNUNU CENTRAL,DASS TOWN MATERNITY,,,,,,,
1125,NEZ,BAUCHI,DASS,BUNUNU SOUT WEST,BUNUNU SOUTH,YELWAN BASHI PHC,,,,,,,
1126,NEZ,BAUCHI,DASS,DOTT,DOTT,DOTT PHC,,,,,,,
1127,NEZ,BAUCHI,DASS,DURR,DURR,DURR PHC,,,,,,,
1128,NEZ,BAUCHI,DASS,POLCHI,POLCHI,BAZALI PHC (SAME AS POLCHI),,,,,,,
1129,NEZ,BAUCHI,DASS,WANDI,WANDI,WANDI MCH,,,,,,,
1130,NEZ,BAUCHI,DASS,ZUMBUL/ LUKSHI,ZUMBUL,ZUMBUL MCH,,,,,,,
1131,NEZ,BAUCHI,GAMAWA,ALAGARNO/ JADOR,ALAGARNO,ALAGARNO MCH,,,,,,,
1132,NEZ,BAUCHI,GAMAWA,GADIYA,GADIYA,GADIYA MPHC,,,,,,,
1133,NEZ,BAUCHI,GAMAWA,GAMAWA,GAMAWA,GAMAWA PHC,,,,,,,
1134,NEZ,BAUCHI,GAMAWA,GOLOLO,GOLOLO,GOLOLO PHC,,,,,,,
1135,NEZ,BAUCHI,GAMAWA,KAFIROMI,KAFIROMI,KAFI ROMI MCH,,,,,,,
1136,NEZ,BAUCHI,GAMAWA,KUBDIYA,KUBDIYA,KUBDIYA PHC,,,,,,,
1137,NEZ,BAUCHI,GAMAWA,RAGA,RAGA,RAGA PHC,,,,,,,
1138,NEZ,BAUCHI,GAMAWA,TARMASUWA,TARMASUWA,TARMASUWA PHC,,,,,,,
1139,NEZ,BAUCHI,GAMAWA,TUMBI,TUMBI,TUMBI PHC,,,,,,,
1140,NEZ,BAUCHI,GAMAWA,UDUBO,UDUBO,UDUBO PHC,,,,,,,
1141,NEZ,BAUCHI,GAMAWA,ZINDIWA,ZINDIWA,ZINDIWA PHC,,,,,,,
1142,NEZ,BAUCHI,GANJUWA,GANJUWA,GANJUWA,SORO PHC,,,,,,,
1143,NEZ,BAUCHI,GANJUWA,GUNGURA,GUNGURA,GABI PHC,,,,,,,
1144,NEZ,BAUCHI,GANJUWA,KAFIN- MADAKI,KAFIN MADAKI,K/MADAKI PHC,,,,,,,
1145,NEZ,BAUCHI,GANJUWA,KARIYA,KARIYA,SABUWAR KARIYA PHC,,,,,,,
1146,NEZ,BAUCHI,GANJUWA,KUBI EAST,KUBI EAST,ZALANGA PHCC,,,,,,,
1147,NEZ,BAUCHI,GANJUWA,KUBI WEST,KUBI WEST,KUBI PHCC,,,,,,,
1148,NEZ,BAUCHI,GANJUWA,MIYA EAST,MIYA EAST,ZARA PHC,,,,,,,
1149,NEZ,BAUCHI,GANJUWA,MIYA WEST,MIYA WEST,MIYA MPHC,,,,,,,
1150,NEZ,BAUCHI,GANJUWA,NASARAWA NORTH,NASARAWA NORTH,NASARAWA PHC,,,,,,,
1151,NEZ,BAUCHI,GANJUWA,NASARAWA SOUTH,NASARAWA SOUTH,DABE PHC,,,,,,,
1152,NEZ,BAUCHI,GANJUWA,YALI,YALI,YALI MCH,,,,,,,
1153,NEZ,BAUCHI,GIADE,CHNKANI,CHINKANI,CHINKANI PHC,,,,,,,
1154,NEZ,BAUCHI,GIADE,DOGUWA CENTRAL,JUGUDU,JUGUDU PHC,,,,,,,
1155,NEZ,BAUCHI,GIADE,DOGUWA SOUTH,DOGUWA,DOGUWA PHC,,,,,,,
1156,NEZ,BAUCHI,GIADE,GIADE,GIADE ‘A’,GIADE PHC,,,,,,,
1157,NEZ,BAUCHI,GIADE,ISAWA,ISAWA,ISAWA PHC,,,,,,,
1158,NEZ,BAUCHI,GIADE,SABON SARA,SABON SARA ‘A’,SABON SARA PHC,,,,,,,
1159,NEZ,BAUCHI,GIADE,UZUM 'A',UZUM,UZUM PHC,,,,,,,
1160,NEZ,BAUCHI,GIADE,UZUM 'B',FAGUJI,FAGUJI PHC,,,,,,,
1161,NEZ,BAUCHI,GIADE,ZABI,ZABI,ZABI MPHC,,,,,,,
1162,NEZ,BAUCHI,GIADE,ZIRAMI,ZIRAMI,ZIRAMI PHC,,,,,,,
1163,NEZ,BAUCHI,ITAS/GADAU,BAMBAL,BAMBAL,BAMBAL MCH,,,,,,,
1164,NEZ,BAUCHI,ITAS/GADAU,BILKICHERI,BILKICHERI,PHC GAMSHA,,,,,,,
1165,NEZ,BAUCHI,ITAS/GADAU,BUZAWA,BUZAWA,BUZAWA PHC,,,,,,,
1166,NEZ,BAUCHI,ITAS/GADAU,GADAU,GADAU,GADAU PHC,,,,,,,
1167,NEZ,BAUCHI,ITAS/GADAU,GWARAI,GWARAI,GWARAI MCH,,,,,,,
1168,NEZ,BAUCHI,ITAS/GADAU,ITAS,ITAS,ITAS MCH,,,,,,,
1169,NEZ,BAUCHI,ITAS/GADAU,KASHIRI,KASHURI,KASHURI (MAT) PRIMARY H/CLINIC,,,,,,,
1170,NEZ,BAUCHI,ITAS/GADAU,MASHEMA,MASHEMA,MASHEMA H/CENTER,,,,,,,
1171,,BAUCHI,ITAS/ GADAU,MAGARYA/ ABDALL,Abdallawa,Abdallawa Dispensary,,,,,,,
1172,NEZ,BAUCHI,ITAS/GADAU,ZUBUKI,ZUBUKI,ATAFOWA MCH,,,,,,,
1173,NEZ,BAUCHI,JAMA’ARE,DAGON JEJI 'A',DOGONJEJI ‘A’,DOGONJEJI PHC,,,,,,,
1174,NEZ,BAUCHI,JAMA’ARE,DAGON JEJI 'B',DOGONJEJI ‘B’,SABON KAFI PHC,,,,,,,
1175,NEZ,BAUCHI,JAMA’ARE,DAGON JEJI 'C',DOGONJEJI ‘C’,GONGO (H/C),,,,,,,
1176,NEZ,BAUCHI,JAMA’ARE,GALDIMARI,GALDIMARI,GALDIMARI PHC,,,,,,,
1177,NEZ,BAUCHI,JAMA’ARE,HANA FARI,HANAFARI,HANAFARI MPHC,,,,,,,
1178,NEZ,BAUCHI,JAMA’ARE,JAMA'ARE 'A',JAMA’ARE ‘A’,JAMA’ARE TOWN MATERNITY,,,,,,,
1179,NEZ,BAUCHI,JAMA’ARE,JAMA'ARE 'B',JAMA’ARE ‘B’,UNDER FIVE CLINIC,,,,,,,
1180,NEZ,BAUCHI,JAMA’ARE,JAMA'ARE 'C',JAMA’ARE ‘C’,ABUJA H/CLINIC,,,,,,,
1181,NEZ,BAUCHI,JAMA’ARE,JAMA'ARE 'D',JAMA’ARE ‘D’,NASARAWA PHC,,,,,,,
1182,NEZ,BAUCHI,JAMA’ARE,JURARA,JURARA,JURARA PHC,,,,,,,
1183,NEZ,BAUCHI,KATAGUM,BULKA CHUWA IDAGA,BULKACHUWA,BULKACHUWA MPHC,,,,,,,
1184,NEZ,BAUCHI,KATAGUM,BUSKURI,BUSKURI,BUSKURI MCH,,,,,,,
1185,NEZ,BAUCHI,KATAGUM,CHINADE,CHINADE,CHINADE PHC,,,,,,,
1186,NEZ,BAUCHI,KATAGUM,GAMBAKI/ BIDIR,GAMBAKI,GAMBAKI PHC,,,,,,,
1187,NEZ,BAUCHI,KATAGUM,MADACHI GANGAI,MADACHI,MADACHI PHC,,,,,,,
1188,NEZ,BAUCHI,KATAGUM,MADANGALA,MADANGALA,MADANGALA H/CLINIC,,,,,,,
1189,NEZ,BAUCHI,KATAGUM,MADARA,MADARA,MADARA MPHC,,,,,,,
1190,NEZ,BAUCHI,KATAGUM,NASARAWA B/ KASUWA,KASUWAR KAJI,URBAN MATERNITY K/KAJI,,,,,,,
1191,NEZ,BAUCHI,KATAGUM,RAGINAM MAGONSHI,MAGWANSHI,MAGWANSHI PHC,,,,,,,
1192,NEZ,BAUCHI,KATAGUM,TSAKUWA K/ GABAS,TSAKUWA,TATARI ALI PHC_,,,,,,,
1193,NEZ,BAUCHI,KATAGUM,YAYU,YAYU,YAYU PHC,,,,,,,
1194,NEZ,BAUCHI,KIRFI,BADARA,BADARA,BADARA H/CLINIC,,,,,,,
1195,NEZ,BAUCHI,KIRFI,BARA,BARA,BARA PHCC,,,,,,,
1196,NEZ,BAUCHI,KIRFI,"BENI ""A""",BENI A,BENI H/CLINIC,,,,,,,
1197,NEZ,BAUCHI,KIRFI,"BENI ""B""",BENI B,GUYABA PHC,,,,,,,
1198,NEZ,BAUCHI,KIRFI,DEWU CENTRAL,DEWU CENTRAL,DEWU MPHC,,,,,,,
1199,NEZ,BAUCHI,KIRFI,DEWU EAST,DEWU EAST,KAFIN/IYA MCH,,,,,,,
1200,NEZ,BAUCHI,KIRFI,KIRFI,KIRFI,KIRFI TOWN MATERNITY,,,,,,,
1201,NEZ,BAUCHI,KIRFI,SHANGO,SHONGO,SHONGO H/CLINIC,,,,,,,
1202,NEZ,BAUCHI,KIRFI,TUBULE,TUBULE,TUBULE H/CLINIC,,,,,,,
1203,NEZ,BAUCHI,KIRFI,WANKA,WANKA,WANKA MCH,,,,,,,
1204,NEZ,BAUCHI,MISAU,AJILI GUGUUN,AJILI,MAINARI PHC,,,,,,,
1205,NEZ,BAUCHI,MISAU,AKUYAM/SARKA,AKUYAM,AKUYAM PRIMARY H/CENTER,,,,,,,
1206,NEZ,BAUCHI,MISAU,BETI,BETI,MADAKIRI MCH,,,,,,,
1207,NEZ,BAUCHI,MISAU,GWARAM,GWARAM,GWARAM PHC,,,,,,,
1208,NEZ,BAUCHI,MISAU,HARDAWA,HARDAWA,HARDAWA PHC,,,,,,,
1209,NEZ,BAUCHI,MISAU,JARKASA,JARKASA,JARKASA PHCC,,,,,,,
1210,NEZ,BAUCHI,MISAU,SIRKO,SIRKO,SIRKO PHCC,,,,,,,
1211,NEZ,BAUCHI,MISAU,TOFU,TOFU,SAIBURE PHC,,,,,,,
1212,,BAUCHI,MISAU,KUKADI/GWARI,Kukadi ‘B’,T/Matenity Misau Kukadi B,,,,,,,
1213,NEZ,BAUCHI,MISAU,ZADAWA,ZADAWA,ZADAWA MCH,,,,,,,
1214,NEZ,BAUCHI,NINGI,BALMA,BALMA,BALMA H/CLINIC,,,,,,,
1215,NEZ,BAUCHI,NINGI,BASHE,BASHE,BASHE H/CLINIC,,,,,,,
1216,NEZ,BAUCHI,NINGI,BURRA/KYATA,BURRA,BURRA PHCC,,,,,,,
1217,NEZ,BAUCHI,NINGI,DINGIS,DINGIS,DINGIS PHCC,,,,,,,
1218,NEZ,BAUCHI,NINGI,JANGU,JANGU,GADAR MAIWA PHC,,,,,,,
1219,NEZ,BAUCHI,NINGI,KUDU/YAMMA,KUDU YAMMA,JIMI H/CLINIC,,,,,,,
1220,NEZ,BAUCHI,NINGI,KURMI,KURMI,KURMI MCH,,,,,,,
1221,NEZ,BAUCHI,NINGI,NASARU,NASARU,NASARU PHC,,,,,,,
1222,NEZ,BAUCHI,NINGI,NINGI,NINGI,NINGI TOWN MATERNITY,,,,,,,
1223,NEZ,BAUCHI,NINGI,SAMA,SAMA,YADA GUNGUME PHC,,,,,,,
1224,NEZ,BAUCHI,NINGI,TIFFI/GUDA,TIFFI,TASHAR MAJE PHCC,,,,,,,
1225,NEZ,BAUCHI,SHIRA,ANDUBUN,ANDUBUN,ANDUBUN PHC,,,,,,,
1226,NEZ,BAUCHI,SHIRA,BELI/GAGIDIBA,BELI,BELI MCH,,,,,,,
1227,NEZ,BAUCHI,SHIRA,BUKUL/BANGIRE,BANGIRE,BANGIRE PHC,,,,,,,
1228,NEZ,BAUCHI,SHIRA,DISINA,DISINA,DISINA PHC,,,,,,,
1229,NEZ,BAUCHI,SHIRA,FAGGO,FAGGO,FAGGO PHC,,,,,,,
1230,NEZ,BAUCHI,SHIRA,KILBORI,KILBORI,KILBORI MCH,,,,,,,
1231,NEZ,BAUCHI,SHIRA,SAMBAWAL,SAMBUWAL,KATABARWA PHC,,,,,,,
1232,NEZ,BAUCHI,SHIRA,SHIRA,SHIRA,SHIRA PHCC,,,,,,,
1233,NEZ,BAUCHI,SHIRA,TSAFI,TSAFI,TSAFI MCH,,,,,,,
1234,NEZ,BAUCHI,SHIRA,TUMFAFI,TUMFAFI,TUMFAFI MCH,,,,,,,
1235,NEZ,BAUCHI,SHIRA,ZUBO,ZUBO,ZUBO PHC,,,,,,,
1236,NEZ,BAUCHI,TAFAWA BALEWA,AULL,DULL ‘A’,DULL PHC,,,,,,,
1237,NEZ,BAUCHI,TAFAWA BALEWA,BALL,MBALL.,MBALL MCH,,,,,,,
1238,NEZ,BAUCHI,TAFAWA BALEWA,BULA,BULA ‘A’,BULAN GAWU MCH,,,,,,,
1239,NEZ,BAUCHI,TAFAWA BALEWA,BUNUNU,BUNUNU ‘A’,BUNUNU TOWN MATERNITY,,,,,,,
1240,NEZ,BAUCHI,TAFAWA BALEWA,DAJIN,DAJIN,DAJIN MCH,,,,,,,
1241,NEZ,BAUCHI,TAFAWA BALEWA,KARDAM 'A',KARDAM ‘A’,KARDAM MCH,,,,,,,
1242,NEZ,BAUCHI,TAFAWA BALEWA,KARDAM 'B',KARDAM ‘B’,(MAIJUJU TASHA H/C),,,,,,,
1243,NEZ,BAUCHI,TAFAWA BALEWA,LERE SOUTH,LERE SOUTH,SARA PHC,,,,,,,
1244,,BAUCHI,TAFA BALEWA,LERE NORHT,Lere North,Lere PHC,,,,,,,
1245,NEZ,BAUCHI,TAFAWA BALEWA,TAPSHIN,TAPSHIN,TAPSHIN MPHC,,,,,,,
1246,NEZ,BAUCHI,TAFAWA BALEWA,WAI,WAI ‘A’,ZUWALL PHC,,,,,,,
1247,NEZ,BAUCHI,TAFAWA BALEWA,WAI,WAI ‘B’,T/BALEWA MCH,,,,,,,
1248,NEZ,BAUCHI,TORO,JAMA'A/ZARANDA,ZARANDA,NABORDO PHC,,,,,,,
1249,NEZ,BAUCHI,TORO,LAME,LAME,LAME MCH,,,,,,,
1250,NEZ,BAUCHI,TORO,MARA/PALAMA,MARA/PALAMA,RIMIN/ZAYAM MCH,,,,,,,
1251,NEZ,BAUCHI,TORO,RAHAMA,RAHAMA,RAHAMA MCH,,,,,,,
1252,NEZ,BAUCHI,TORO,RAUTA/GEJI,RAUTA GEJI,NAHUTA MCH,,,,,,,
1253,NEZ,BAUCHI,TORO,RIBINA,RIBINA EAST,RINJI GANI MCH,,,,,,,
1254,NEZ,BAUCHI,TORO,TAMA,TAMA,TULU MCH,,,,,,,
1255,NEZ,BAUCHI,TORO,TILDEN FULANI,TILDE,TILDE MCH,,,,,,,
1256,NEZ,BAUCHI,TORO,TORO/TULAI,TORO,MAGAMA H/CLINIC,,,,,,,
1257,NEZ,BAUCHI,TORO,WONU,WONU NORTH,GUMAU MCH,,,,,,,
1258,NEZ,BAUCHI,TORO,ZALUA/RISHI,RISHI,RISHI PHC,,,,,,,
1259,NEZ,BAUCHI,WARJI,BAIMANORHT/WEST,BAIMA NORTH WEST,BAIMA PHC,,,,,,,
1260,NEZ,BAUCHI,WARJI,BAIMASOUT/EAST,BAIMA SOUTH EAST,ZURGWAI PHCC,,,,,,,
1261,NEZ,BAUCHI,WARJI,DAGU,DAGU,DAGU PHC,,,,,,,
1262,NEZ,BAUCHI,WARJI,DAGU WEST,DAGU WEST,DALLAJI PHCC,,,,,,,
1263,NEZ,BAUCHI,WARJI,GABANGA,GABANGA,GABANGA MCH,,,,,,,
1264,NEZ,BAUCHI,WARJI,KATANGA,KATANGA,KATANGA PHCC,,,,,,,
1265,NEZ,BAUCHI,WARJI,RANGA,RANGA,BURARANA PHC,,,,,,,
1266,NEZ,BAUCHI,WARJI,TIYIN,TIYIN,RUMBA MPHC,,,,,,,
1267,NEZ,BAUCHI,WARJI,TUDUNWADA EAST,T/WADA EAST,DALLAJI PHCC,,,,,,,
1268,NEZ,BAUCHI,WARJI,TUDUNWADA WEST,T/WADA WEST,T/WADA PHC,,,,,,,
1269,NEZ,BAUCHI,ZAKI,ALAGWARI/K/LARABA,K/LARABAWA,K/LARABAWA PHC,,,,,,,
1270,NEZ,BAUCHI,ZAKI,BURSALI,BURSALI,BURSALI PHC,,,,,,,
1271,NEZ,BAUCHI,ZAKI,GUMAI,GUMAI,GUMAI MCH,,,,,,,
1272,NEZ,BAUCHI,ZAKI,KATAGUM,KATAGUM,KATAGUM TOWN MCH,,,,,,,
1273,NEZ,BAUCHI,ZAKI,MAINAKO,MAINAKO SOUTH,MAINAKO PHC,,,,,,,
1274,NEZ,BAUCHI,ZAKI,MAIWA,MAIWA,GURKA PHC,,,,,,,
1275,NEZ,BAUCHI,ZAKI,MAKAWA,MAKAWA,MAKAWA TOWN PHC,,,,,,,
1276,NEZ,BAUCHI,ZAKI,MURMUR NORTH,MUR MUR NORTH,MURMUR MODEL PHC,,,,,,,
1277,NEZ,BAUCHI,ZAKI,MURMUR SOUTH,MURMUR SOUTH,SANDIGALAU PHC,,,,,,,
1278,NEZ,BAUCHI,ZAKI,SAKWA,SAKWA,SAKWA PHC,,,,,,,
1279,NEZ,BAUCHI,ZAKI,TASHEA/GADAI,TASHENA,TASHENA TOWN MPHC,,,,,,,
1280,SSZ,BAYELSA,BRASS,BRASS 1,BRASS 1,TWON,,,,,,,
1281,SSZ,BAYELSA,BRASS,BRASS 11,BRASS 2,IMBIKIRI,,,,,,,
1282,SSZ,BAYELSA,BRASS,CAPEFORMOSA,EGWEAMA (CAPEFORMOSA),EGWEAMA,,,,,,,
1283,SSZ,BAYELSA,BRASS,EWOAMA,BRASS 3 (EWOAMA),PRIMARY HEALTH CLINIC EWOAMA,,,,,,,
1284,SSZ,BAYELSA,BRASS,KONGHO,KONGHO WARD,BUOAMA,,,,,,,
1285,SSZ,BAYELSA,BRASS,MINIBIE,MINIBIE,BEKEKIRI PHC,,,,,,,
1286,SSZ,BAYELSA,BRASS,ODIOMA/DIEMA,ODIOAMA WARD,ODIOAMA,,,,,,,
1287,SSZ,BAYELSA,BRASS,OGINIBIRI,OGINIBIRI WARD,OGINIBIRI PHC,,,,,,,
1288,SSZ,BAYELSA,BRASS,OKPOAMA,OKPOAMA WARD,OKPOAMA,,,,,,,
1289,SSZ,BAYELSA,BRASS,SANGANA,SANGANA,SANGANA,,,,,,,
1290,SSZ,BAYELSA,EKEREMOR,EDUWINI 1,IDUWUN I (EDUWINI 1),AGHORO,,,,,,,
1291,SSZ,BAYELSA,EKEREMOR,EDUWINI 11,EDUWUNI 11,MODEL PRIMARY HEALTH CARE CENTER,,,,,,,
1292,SSZ,BAYELSA,EKEREMOR,OPOROMO IV,OPOROMOR IV,PERETOROU,,,,,,,
1293,SSZ,BAYELSA,EKEREMOR,OPOROMOR 1,OPOROMOR I,OBIRIGBENE,,,,,,,
1294,SSZ,BAYELSA,EKEREMOR,OPOROMOR 11,OPOROMOR II,TAMOGBENE,,,,,,,
1295,SSZ,BAYELSA,EKEREMOR,OPOROMOR 111,OPOROMOR III,EKEREMOR,,,,,,,
1296,SSZ,BAYELSA,EKEREMOR,OPOROMOR V,OPOROMOIR V,TORU-NDORO,,,,,,,
1297,SSZ,BAYELSA,EKEREMOR,OYIAKIRI,OYIAKIRI I,ALEIBIRI,,,,,,,
1298,SSZ,BAYELSA,EKEREMOR,OYIAKIRI 11,OYIAKIRI 2,PHC ALEIBIRI 2,,,,,,,
1299,SSZ,BAYELSA,EKEREMOR,OYIAKIRI 111,OYIAKIRI III,LALAGBANE PHC,,,,,,,
1300,SSZ,BAYELSA,EKEREMOR,OYIAKIRI 111,OYIAKIRI III,ANGALAOWEIGBENE,,,,,,,
1301,SSZ,BAYELSA,EKEREMOR,TARAKIRI,TARAKIRI,ISAMPOU,,,,,,,
1302,SSZ,BAYELSA,KOLOKUMA/OPOKUMA,OPOKUMA NORTH,OPOKUMA NORTH,OFONIBIRI PHC_,,,,,,,
1303,SSZ,BAYELSA,KOLOKUMA/OPOKUMA,OPOKUMA SOUTH,OPOKUMA SOUTH,AKARANBIRI COMPREHENSIVE HEALTH CENTRE,,,,,,,
1304,SSZ,BAYELSA,KOLUKOMA/OPOKUMA,(SABAGREIA) I,SABAGREIA,PHC SABAGREIA,,,,,,,
1305,SSZ,BAYELSA,KOLUKOMA/OPOKUMA,IGBEDI,0,IGBEDI PHC,,,,,,,
1306,SSZ,BAYELSA,KOLUKOMA/OPOKUMA,KAIAMA/OLOBIRI,KAIAMA/OLOIBIRI,STAFF CLINIC,,,,,,,
1307,SSZ,BAYELSA,KOLUKOMA/OPOKUMA,KAIMA,KAIMA,PHC KAIMA,,,,,,,
1308,SSZ,BAYELSA,KOLUKOMA/OPOKUMA,ODI CENTRAL,ODI CENTRAL (2),ODI,,,,,,,
1309,SSZ,BAYELSA,KOLUKOMA/OPOKUMA,ODI NORTH,ODI NORTH (1),ODI NORTH PHC,,,,,,,
1310,SSZ,BAYELSA,KOLUKOMA/OPOKUMA,ODI SOUTH,ODI SOUTH (3),COMPREHENSIVE HEALTH CENTER,,,,,,,
1311,SSZ,BAYELSA,KOLUKOMA/OPOKUMA,OKOLOBA (SABAGREIA) II,OKOLOBA,OKOLOBA,,,,,,,
1312,SSZ,BAYELSA,KOLUKOMA/OPOKUMA,SAMPOU/ KALAMA,SAMPOU/KALAMA WARD 6,SAMPOU,,,,,,,
1313,SSZ,BAYELSA,NEMBE,BASSAMBIRI 1V,OBIOKU (BASSA IMBIRI 1V),OBIOKU,,,,,,,
1314,SSZ,BAYELSA,NEMBE,BASSAMBIRI I,BASSAMABIRI I,ILULU,,,,,,,
1315,SSZ,BAYELSA,NEMBE,BASSAMBIRI II,BASSAM II,COMPREHENSIVE HEALTH CENTER ,,,,,,,
1316,SSZ,BAYELSA,NEMBE,BASSAMBIRI III,BASSAMBIRI III,OKIPIRI,,,,,,,
1317,SSZ,BAYELSA,NEMBE,IGBETA-EWOAMA,0,PHC IGBETA-EWOAMA,,,,,,,
1318,SSZ,BAYELSA,NEMBE,IKENSI,IKENSI1,IKENSI,,,,,,,
1319,SSZ,BAYELSA,NEMBE,MINI,MINI,AGRISABA PHC,,,,,,,
1320,SSZ,BAYELSA,NEMBE,OGBOLOMABIRI I,OGBO I(OBBOLOMABARI 1),TOMBI,,,,,,,
1321,SSZ,BAYELSA,NEMBE,OGBOLOMABIRI II,OGBO II(OBBOLOMABIRI 11),NEMBE,,,,,,,
1322,SSZ,BAYELSA,NEMBE,OGBOLOMABIRI III,OGBO III (OGBOLOMBIRI 111),OTATUBU,,,,,,,
1323,SSZ,BAYELSA,NEMBE,OKOROMA I,OKOROMA I,OLOGOAMA,,,,,,,
1324,SSZ,BAYELSA,NEMBE,OKOROMA II,OKOROMA LL,EKPERIKIRI PHC,,,,,,,
1325,SSZ,BAYELSA,NEMBE,OLUASIRI,OLUASIRI,OTUMA-AMA,,,,,,,
1326,SSZ,BAYELSA,OGBIA,ANYAMA,ANYAMA,ANYAMA PRIMARY HEALTH CENTRE,,,,,,,
1327,SSZ,BAYELSA,OGBIA,EMEYAR,EMEYAL,EMEYAL 2 PHC,,,,,,,
1328,SSZ,BAYELSA,OGBIA,IMIRINGI,IMIRINGI,ELEBELE PRIMARY HEALTH CENTRE,,,,,,,
1329,SSZ,BAYELSA,OGBIA,KOLO,KOLO,KOLO PRIMARY HEALTH CARE CENTER,,,,,,,
1330,SSZ,BAYELSA,OGBIA,OGBIA,OGBIA TOWN,OGBIA PHC,,,,,,,
1331,SSZ,BAYELSA,OGBIA,OKODI,OKODI,OKODI PHC,,,,,,,
1332,SSZ,BAYELSA,OGBIA,OLODI,OLOGI,OLOGI PHC,,,,,,,
1333,SSZ,BAYELSA,OGBIA,OLOIBIRI,OLOIBIRI,OLOIBIRI PRIMARY HEALTH CENTRE,,,,,,,
1334,SSZ,BAYELSA,OGBIA,OPUME,OPUME,OPUME PRIMARY HEALTH CENTRE,,,,,,,
1335,SSZ,BAYELSA,OGBIA,OTAKEME,OTAKEME,OTAKEME PHC,,,,,,,
1336,SSZ,BAYELSA,OGBIA,OTUASEGA,OTUESEGA,ORUMA PHC,,,,,,,
1337,SSZ,BAYELSA,OGBIA,OTUOKE(OTUABUALA),OTABULA,OTUOKE PHC,,,,,,,
1338,SSZ,BAYELSA,OGBIA,OTUOKPOTI,OTUOKPOTI,OTUOKPOTI PHC,,,,,,,
1339,SSZ,BAYELSA,SAGBAMA,ADAGBABIRI,ADAGBABIRI,ADAGBABIRI MODEL PRIMARY HEALTH CENTRE,,,,,,,
1340,SSZ,BAYELSA,SAGBAMA,AGBERE,AGBERE,AGBERE PHC,,,,,,,
1341,SSZ,BAYELSA,SAGBAMA,AGORO,AGORO,AGORO PRIMARY HEALTH CENTRE,,,,,,,
1342,SSZ,BAYELSA,SAGBAMA,ANGALABIRI,ANGALABIRI,ANGALABIRI PRIMARY HEALTH CENTRE,,,,,,,
1343,SSZ,BAYELSA,SAGBAMA,ASAMABIRI,ASSAMABIRI WARD,ASSAMABIRI PHC,,,,,,,
1344,SSZ,BAYELSA,SAGBAMA,EGBEDEBIRI,EBEDEBIRI,EBEDEBIRI COMPREHENSIVE HEALTH CENTRE,,,,,,,
1345,SSZ,BAYELSA,SAGBAMA,ODONI,ODONI,ODONI PHC,,,,,,,
1346,SSZ,BAYELSA,SAGBAMA,OFONI 1,OFONI 1,OFONI 1 PHC,,,,,,,
1347,SSZ,BAYELSA,SAGBAMA,OFONI 11,OFONI 2,OFONI LL PRIMARY HEALTH CENTRE,,,,,,,
1348,SSZ,BAYELSA,SAGBAMA,OSEKWENIKE,OSEKWENIKE,PRIMARY HEALTH CENTRE OSIFO,,,,,,,
1349,SSZ,BAYELSA,SAGBAMA,OSSIAMA,OSSIAMA,OSSIAMA PHC,,,,,,,
1350,SSZ,BAYELSA,SAGBAMA,SAGBAMA,SAGBAMA,SAGBAMA PHC,,,,,,,
1351,SSZ,BAYELSA,SAGBAMA,TORU-EBENI,TORU-EBENI 2,TORU-EBENI PHC,,,,,,,
1352,SSZ,BAYELSA,SAGBAMA,TROFANI,TROFANI,TROFANI PRIMARY HEALTH CENTRE,,,,,,,
1353,SSZ,BAYELSA,SOUTHERN IJAW,AMASSOMA II,AMASSOMA WARD 9,AMASSOMA,,,,,,,
1354,,BAYELSA,SOUTHERN IJAW,AMASSOMA I,AMASSOMA 1,PHC AMATOLO,,,,,,,
1355,SSZ,BAYELSA,SOUTHERN IJAW,AMASSOMA III,AMASSOMA WARD 10,AMATOLO,,,,,,,
1356,SSZ,BAYELSA,SOUTHERN IJAW,APOI,APOI WARD 15,OGBOINBIRI,,,,,,,
1357,SSZ,BAYELSA,SOUTHERN IJAW,CENTRAL BOMO I,EKOWE (CENTRAL BOMO 1),EKOWE,,,,,,,
1358,,BAYELSA,SOUTHERN IJAW,CENTRAL BOMO II,CENTRAL BOMO II,PHC PEREMABIRI,,,,,,,
1359,SSZ,BAYELSA,SOUTHERN IJAW,EAST BOMO 2,OPOROMA II (EAST BOMO 1),OPUAMA PHC,,,,,,,
1360,SSZ,BAYELSA,SOUTHERN IJAW,EAST BOMO I,0,ENIWARI PHC,,,,,,,
1361,,BAYELSA,SOUTHERN IJAW,WEST BOMO I,WEST BOMO I,PHC IGBOMOTORU I,,,,,,,
1362,SSZ,BAYELSA,SOUTHERN IJAW,FOROPA,FOROPAH WARD 14,FOROPAH,,,,,,,
1363,SSZ,BAYELSA,SOUTHERN IJAW,KULOAMA,KOLUAMA WARD 17,KOLUAMA,,,,,,,
1364,SSZ,BAYELSA,SOUTHERN IJAW,OLODIAMA I,OLODIAMA I (WARD 3),PHC KOROKOROSEI,,,,,,,
1365,SSZ,BAYELSA,SOUTHERN IJAW,OLODIAMA II,OLODIAMA II (WARD 4),OZUGBOBIRI,,,,,,,
1366,SSZ,BAYELSA,SOUTHERN IJAW,OPOROMA I,OPOROMA I,OPOROMA,,,,,,,
1367,SSZ,BAYELSA,SOUTHERN IJAW,OPOROMA II,OPOROMA II,ANGIAMA,,,,,,,
1368,SSZ,BAYELSA,SOUTHERN IJAW,OTUAN,OTUAN WARD 5,OTUAN,,,,,,,
1369,SSZ,BAYELSA,SOUTHERN IJAW,UKUBIE,UKUBIE WARD 16,UKUBIE,,,,,,,
1370,SSZ,BAYELSA,YENAGOA,ATTISSA I,ATISSA 1,MAIN TOWN PRIMARY HEALTH CENTRE,,,,,,,
1371,SSZ,BAYELSA,YENAGOA,ATTISSA II,ATISA II,FAMGBE,,,,,,,
1372,SSZ,BAYELSA,YENAGOA,ATTISSA III,ATISSA 3,AGBURA PRIMARY HEALTH CENTRE,,,,,,,
1373,SSZ,BAYELSA,YENAGOA,BISENI II,BISENI II,EGBEBIRI,,,,,,,
1374,SSZ,BAYELSA,YENAGOA,EKPETIAMA I,EKPETIAMA I,BUMOUNDI PHC,,,,,,,
1375,SSZ,BAYELSA,YENAGOA,EKPETIAMA II,EKPETIAMA 2,TOMBIA PHC,,,,,,,
1376,SSZ,BAYELSA,YENAGOA,EPIE  I,EPIE 1,AGUDAMA EPIE PRIMARY HEALTH CENTRE,,,,,,,
1377,SSZ,BAYELSA,YENAGOA,EPIE I1,EPIE 2,YENI-ZUE GENE PHC,,,,,,,
1378,SSZ,BAYELSA,YENAGOA,EPIE I11,EPIE 3,AZIKORO PHC,,,,,,,
1379,SSZ,BAYELSA,YENAGOA,GBARAIN I,GBARAIN 1,AGBIA PRIMARY HEALTH CENTRE,,,,,,,
1380,SSZ,BAYELSA,YENAGOA,GBARAIN I1,GBARAIN II,OBUNAGHA,,,,,,,
1381,SSZ,BAYELSA,YENAGOA,GBARAIN III,GBARAIN III,POLAKU,,,,,,,
1382,SSZ,BAYELSA,YENAGOA,OKORDIA,OKORDIA,KALABA PHC,,,,,,,
1383,SSZ,BAYELSA,YENAGOA,ZARAMA,ZARAMA,ZARAMA PHC,,,,,,,
1384,SSZ,BAYELSA,YENAGOA,ATTISSA III,ATISSA 3,AKABA PHC,,,,,,,
1385,NCZ,BENUE,ADO,AKPOGE/OGBILOLO,APOGE/OGBILOLO,PHC AGILA,,,,,,,
1386,NCZ,BENUE,ADO,APA,APA,PHCC APA,,,,,,,
1387,NCZ,BENUE,ADO,EKILE,EKILE,PHC EKILE,,,,,,,
1388,NCZ,BENUE,ADO,IGUMARE I,IGUMALE,PHC IGUMALE,,,,,,,
1389,NCZ,BENUE,ADO,IGUMARE II,ETENYI,PHC ETENYI,,,,,,,
1390,NCZ,BENUE,ADO,IJGBAN,IJIGBAN,PHC IJIGBAN,,,,,,,
1391,NCZ,BENUE,ADO,OGEGE,OGEGE,PHC RIJO,,,,,,,
1392,NCZ,BENUE,ADO,ROYONGO,ROYONGO,PHC UDEBO-OJENYO,,,,,,,
1393,NCZ,BENUE,ADO,UKWONYO,UKWONYO,CHC UTONKON,,,,,,,
1394,NCZ,BENUE,ADO,ULAYI,ULAYI,PHC ULAYI,,,,,,,
1395,NCZ,BENUE,AGATU,EGBA,EGBA,PHC AILA,,,,,,,
1396,NCZ,BENUE,AGATU,ENUNGBA,ENUNGBA,PHC ENUNGBA,,,,,,,
1397,NCZ,BENUE,AGATU,OBAGAJI,OBAGAJI,CHC OBAGAJI,,,,,,,
1398,NCZ,BENUE,AGATU,ODUGBEHO,ODUGBEHO,PHC ODUGBEHO,,,,,,,
1399,NCZ,BENUE,AGATU,OGBAULU,OGBAULU,PHC OGBAULU,,,,,,,
1400,NCZ,BENUE,AGATU,OGWULE KADUNA,OGWULE-KADUNA,PHC OGWULE KADUNA,,,,,,,
1401,NCZ,BENUE,AGATU,OGWULE OGBAULU,OGWULE OGBAULU,PHC OGWULE OGBAULU,,,,,,,
1402,NCZ,BENUE,AGATU,OKOKOLO,OKOKOLO,PHC OKOKOLO,,,,,,,
1403,NCZ,BENUE,AGATU,OSHIGBUDU,OSHIGBUDU,PHC OSHIGBUDU,,,,,,,
1404,NCZ,BENUE,AGATU,USHA,USHA,PHC USHA,,,,,,,
1405,NCZ,BENUE,APA,AKPETE/OJANTEL,OJANTELE/AKPETE,OJANTELE PHC,,,,,,,
1406,NCZ,BENUE,APA,AUKE,AUKE,PHC AUKE IGERI,,,,,,,
1407,NCZ,BENUE,APA,EDIKWU 1,EDIKWU 1,PHC OLADOGA,,,,,,,
1408,NCZ,BENUE,APA,EDIKWU 11,EDIKWU 11,PHC ODUGBO,,,,,,,
1409,NCZ,BENUE,APA,IKOBI,IKOBI,PHC IKOBI,,,,,,,
1410,NCZ,BENUE,APA,OIJI,OIJI,PHC OIJI,,,,,,,
1411,NCZ,BENUE,APA,IGAH-OKPAYA,CHC IGA OKPAYA,CHC IGA OKPAYA,,,,,,,
1412,NCZ,BENUE,APA,IGOLO,IGORO,PHC IGORO,,,,,,,
1413,NCZ,BENUE,APA,OBA,OBA,PHC OTAKPA,,,,,,,
1414,NCZ,BENUE,APA,OFOKE,OFOKE,PHC AMOKE,,,,,,,
1415,NCZ,BENUE,APA,UGBOKPO,UGBOKPO,PHC UGBOKPO,,,,,,,
1416,NCZ,BENUE,BURUKU,BINEV,BINEV,PHC AGWABI,,,,,,,
1417,NCZ,BENUE,BURUKU,ETULO,ETULO,HSF ADI,,,,,,,
1418,NCZ,BENUE,BURUKU,MB AYA,MBAYA,PHC ADOGO,,,,,,,
1419,NCZ,BENUE,BURUKU,MBAADE,MBAADE,PHC TOFI,,,,,,,
1420,NCZ,BENUE,BURUKU,MBAAKURA,MBAAKURA,PHC UGBEMA,,,,,,,
1421,NCZ,BENUE,BURUKU,MBAAPEN,MBAAPEN,PHC IJER,,,,,,,
1422,NCZ,BENUE,BURUKU,MBAATIRKUAA,MBAATIIKYAA,PHC JINGIR,,,,,,,
1423,NCZ,BENUE,BURUKU,MBAAZAGEE,MBAZAGEE,PHC AJOHOL,,,,,,,
1424,NCZ,BENUE,BURUKU,MBAIKYONGO/NYIFON,MBAIKONGO/NYIFON,PHC UGA,,,,,,,
1425,NCZ,BENUE,BURUKU,MBAITYOUGH,MBAITYOUGH,PHC APAA,,,,,,,
1426,NCZ,BENUE,BURUKU,MBAKYAAN,MBAKYAAN,PHC ANVAMBER,,,,,,,
1427,NCZ,BENUE,BURUKU,MBAYAKA,MBAYAKA,PHC ANSHAV,,,,,,,
1428,NCZ,BENUE,BURUKU,SHOROV,SHOROV,PHC TYOWANYE,,,,,,,
1429,NCZ,BENUE,GBOKO,GBOKO CENTRAL MKT,GBOKO CENTRAL,PHC TOWNSHIP,,,,,,,
1430,NCZ,BENUE,GBOKO,GBOKO EAST,GBOKO EAST,PHC GBOKO EAST,,,,,,,
1431,NCZ,BENUE,GBOKO,GBOKO N/WEST,GBOKO NORTH,PHC GBOKO,,,,,,,
1432,NCZ,BENUE,GBOKO,GBOKO SOUTH,GBOKO SOUTH,PHC GBOKO SOUTH,,,,,,,
1433,NCZ,BENUE,GBOKO,IGYOROV,IGYORUV,PHC AMBIGHIR,,,,,,,
1434,NCZ,BENUE,GBOKO,MBAANKO,MBAANKU,PHC TYOADO,,,,,,,
1435,NCZ,BENUE,GBOKO,MBAAVARAKAA,MBAAVARAKAA,PHC GBEMACHA,,,,,,,
1436,NCZ,BENUE,GBOKO,MBADAM,MBADAM,PHC MBADAM,,,,,,,
1437,NCZ,BENUE,GBOKO,MBADIM,MBADIM,PHC AKPAGHER,,,,,,,
1438,NCZ,BENUE,GBOKO,MBAKPEGH,MBAKPEGH,PHC AMELADU,,,,,,,
1439,NCZ,BENUE,GBOKO,MBAKWEN,MBAKWEN,PHC WOIHEV,,,,,,,
1440,NCZ,BENUE,GBOKO,MBATAN,MBATAN,PHC ABETSE,,,,,,,
1441,NCZ,BENUE,GBOKO,MBATYO,MBATYU,PHC TSEKUCHA,,,,,,,
1442,NCZ,BENUE,GBOKO,MBATZER,MBATSER,PHCC MBASWA,,,,,,,
1443,NCZ,BENUE,GBOKO,UKPE-KPE,UKPEKPE,PHC ISHUNDUGH,,,,,,,
1444,NCZ,BENUE,GBOKO,YANDEV NORTH,MBAIWAR,PHC KUSUV,,,,,,,
1445,NCZ,BENUE,GBOKO,YANDEV SOUTH,UTABAL,PHC TSEAKEME,,,,,,,
1446,NCZ,BENUE,GUMA,ABINSI,ABINSI,PHC ABINSI,,,,,,,
1447,NCZ,BENUE,GUMA,KAAMBE,KAAMBE,CHC AGASHA,,,,,,,
1448,NCZ,BENUE,GUMA,MBABATI,MBABAI,CHC UKPIAM,,,,,,,
1449,NCZ,BENUE,GUMA,MBADWEM,MBADWEM,FSP UMENGER,,,,,,,
1450,NCZ,BENUE,GUMA,MBAWA,MBAWA,FSP DAUDU,,,,,,,
1451,NCZ,BENUE,GUMA,MBAYER/YANDEV,MBAYER/YANDEV,CHC YOGBO,,,,,,,
1452,NCZ,BENUE,GUMA,NYIEV,NYIEV,CHC UDEI,,,,,,,
1453,NCZ,BENUE,GUMA,NZOROV,NZOROV,CHC GBAJIMBA,,,,,,,
1454,NCZ,BENUE,GUMA,SAGHEV,SAGHEV,PHC UNZUGHUL,,,,,,,
1455,NCZ,BENUE,GUMA,UVIR,UVIR,PHC IMANDE,,,,,,,
1456,NCZ,BENUE,GWER EAST,AKPACHANYI,AKPACHAI,PHC AKPACHAI,,,,,,,
1457,NCZ,BENUE,GWER EAST,ALIADE/MBALAV,MBALAV,CHC ALIADE,,,,,,,
1458,NCZ,BENUE,GWER EAST,GBEMACHA,GBEMACHA,PHC ADETSAV,,,,,,,
1459,NCZ,BENUE,GWER EAST,IKYOGBAJIR,IKYOGBAJIR,PHC UKYARI,,,,,,,
1460,NCZ,BENUE,GWER EAST,IKYONOV,IKYONOV,PHC ASHINA,,,,,,,
1461,NCZ,BENUE,GWER EAST,ISHOUGH,SHOUGH,PHC CHIHICHAN,,,,,,,
1462,NCZ,BENUE,GWER EAST,MBABUR,MBABUR,PHC USAR,,,,,,,
1463,NCZ,BENUE,GWER EAST,MBAIASE/MBAKINE,GEE,FSP KYON,,,,,,,
1464,NCZ,BENUE,GWER EAST,MBAIKYAAN,MBAKYAAN,PHC TARAKU,,,,,,,
1465,NCZ,BENUE,GWER EAST,MBALOM,MBALOM,PHC PAKA,,,,,,,
1466,NCZ,BENUE,GWER EAST,MBASOSOMBO,MBASOMBO,PHC IKPAYONGO,,,,,,,
1467,NCZ,BENUE,GWER EAST,MBAYOM,MBAYOM,PHC GBACHE,,,,,,,
1468,NCZ,BENUE,GWER EAST,MBIAKYU,IKWE,PHC IGBOR,,,,,,,
1469,NCZ,BENUE,GWER EAST,UGEE,UGEE,PHC TSE-BIAGA,,,,,,,
1470,NCZ,BENUE,GWER WEST,AVIHIJIME,AVIHIJIME,MCH JOR,,,,,,,
1471,NCZ,BENUE,GWER WEST,GBAAGE/TONGOV,GBAANGE/TONGOV,PHC TONGOV,,,,,,,
1472,NCZ,BENUE,GWER WEST,GHAMBE-USHIN,MBAPUPUU/TSWAREV,PHC MBAPUPUU,,,,,,,
1473,NCZ,BENUE,GWER WEST,IKYAGHEV,IKYAGHEV,CHC NAKA,,,,,,,
1474,NCZ,BENUE,GWER WEST,ITYOUGHATEE/INJAHA,TYOUGHATEE/IJAHA,PHC MBIER,,,,,,,
1475,NCZ,BENUE,GWER WEST,MBABUANDE,MBABUANDE,PHC MBAAKEM,,,,,,,
1476,NCZ,BENUE,GWER WEST,MBACHOHEN,MBACHOHON,EEC AGAGBE,,,,,,,
1477,NCZ,BENUE,GWER WEST,MBANYAMSHI,NYAMSHI,PHC NYAMSHI,,,,,,,
1478,NCZ,BENUE,GWER WEST,MBAPA,MBALOSU,MBALOSU,,,,,,,
1479,NCZ,BENUE,GWER WEST,MERKYEN,MERKYEN,PHC KWASHON,,,,,,,
1480,NCZ,BENUE,GWER WEST,SAGHEV/URUSU,SAGHEV/UKUSU,PHC JIMBA,,,,,,,
1481,NCZ,BENUE,GWER WEST,SENGEV,SENGEV,PSP ABIAN,,,,,,,
1482,NCZ,BENUE,GWER WEST,SENGEV/YENGEV,SENGEV/YENGEV,PHC MBASHIJA,,,,,,,
1483,NCZ,BENUE,GWER WEST,TIJIME,TIJIME,PHC AONDONA,,,,,,,
1484,NCZ,BENUE,GWER WEST,TSAMBE/MBESSEV,T/MBESEV,PHC ONOVMBAAONDO,,,,,,,
1485,NCZ,BENUE,KATSINA-ALA,IKURAV-TIEV 1,IKYURAV-TIEV 1,PHC AYUA,,,,,,,
1486,NCZ,BENUE,KATSINA-ALA,IKURAV-TIEV 11,IKYURAV-TIEV 2,PHC JOO-MBATYOUGH,,,,,,,
1487,NCZ,BENUE,KATSINA-ALA,IWAR,IWAR,PHC AMAAFU,,,,,,,
1488,NCZ,BENUE,KATSINA-ALA,K/ALA/TOWNSHIP,TOWNSHIP,PHC TOWNSHIP,,,,,,,
1489,NCZ,BENUE,KATSINA-ALA,MBACHER,MBACHER,PHC IKPAUKUR,,,,,,,
1490,NCZ,BENUE,KATSINA-ALA,MBAJIR,MBAJIR,WHS SAI,,,,,,,
1491,NCZ,BENUE,KATSINA-ALA,MBATYULA/NBEREV,MBATYULA,WHS AGU CENTRE,,,,,,,
1492,NCZ,BENUE,KATSINA-ALA,MBAYONGO,MBAYONGO,PHC NAGU,,,,,,,
1493,NCZ,BENUE,KATSINA-ALA,MICHICHE,MICHIHE,PHC ABAJI,,,,,,,
1494,NCZ,BENUE,KATSINA-ALA,TIIR,TIIR,CHC GBOR,,,,,,,
1495,NCZ,BENUE,KATSINA-ALA,UTANGE,UTANGE,PHC TORDONGA,,,,,,,
1496,NCZ,BENUE,KATSINA-ALA,YOOYO,YOOYO,PHC TACHA,,,,,,,
1497,NCZ,BENUE,KONSHISHA,IKYURAV/MBATWER,IKYURAV,PHC DIO,,,,,,,
1498,NCZ,BENUE,KONSHISHA,MBAGUSA/MBATSER,MBATSER,PHC BONTA,,,,,,,
1499,NCZ,BENUE,KONSHISHA,MBAIKYASE,MBAIKYASE,PHC TYOATE,,,,,,,
1500,NCZ,BENUE,KONSHISHA,MBAINARNYAM,MBAIWARNYAM,PHC AGIDI,,,,,,,
1501,NCZ,BENUE,KONSHISHA,MBAKE,MBAKE,PHC KORINYA,,,,,,,
1502,NCZ,BENUE,KONSHISHA,MBANOR,MBANOR,PHC JIRGBA,,,,,,,
1503,NCZ,BENUE,KONSHISHA,MBATSEN,MBATSEN,PHC AMUA,,,,,,,
1504,NCZ,BENUE,KONSHISHA,MBAVAA,MBAVAA,PHC AKPUTU,,,,,,,
1505,NCZ,BENUE,KONSHISHA,MBAWAR,MBAWAR,PHC IGBUGHUL,,,,,,,
1506,NCZ,BENUE,KONSHISHA,MBAYEGH/MBAIKYER,MBAYEGH,PHC UBWA,,,,,,,
1507,NCZ,BENUE,KONSHISHA,TSEAGARAGBA,MBATEM,CHC TSE-AGBERAGBA,,,,,,,
1508,NCZ,BENUE,KWANDE,ADKPO METROPOLIS,TOWNSHIP,PHC TOWNSHIP,,,,,,,
1509,NCZ,BENUE,KWANDE,KUMAKWAGH,KUMAKWAGH,PHC MANYAM,,,,,,,
1510,NCZ,BENUE,KWANDE,LIVE I,LIEV 1,PHC ACHIA,,,,,,,
1511,NCZ,BENUE,KWANDE,LIVE II,LIEV 2,LGHC IKYOGEN,,,,,,,
1512,NCZ,BENUE,KWANDE,MBADURA,MBADURA,PHC BOAGUBDU,,,,,,,
1513,NCZ,BENUE,KWANDE,MBAIKYOR,MBAIKYOR,PHC NYIHEMBA,,,,,,,
1514,NCZ,BENUE,KWANDE,MBAKETSA,MBAKETSA,PHC AGERAGA,,,,,,,
1515,NCZ,BENUE,KWANDE,MBAYOO,MBAYOO,PHC IKYAIOR,,,,,,,
1516,NCZ,BENUE,KWANDE,MENEV,MENEV,ADAGI,,,,,,,
1517,NCZ,BENUE,KWANDE,MOON,MOON,PHC ANYISE,,,,,,,
1518,NCZ,BENUE,KWANDE,NBAGBA/MBAIKYAN,AGBAIKYAN,PHC GBE,,,,,,,
1519,NCZ,BENUE,KWANDE,TAAV,YAAV,PHC JATO-AKA,,,,,,,
1520,NCZ,BENUE,KWANDE,TONDOV I,TONDOV 1,PHC MBAKUNU,,,,,,,
1521,NCZ,BENUE,KWANDE,TONDOV II,TONDOV 2,PHC KOTI,,,,,,,
1522,NCZ,BENUE,KWANDE,USAR,USAR,PHC GUBE,,,,,,,
1523,NCZ,BENUE,LOGO,MBADYUL,MBADYUL,PHC GONDOZUA,,,,,,,
1524,NCZ,BENUE,LOGO,MBAGBER,MBAGBER,PHC MCHIA,,,,,,,
1525,NCZ,BENUE,LOGO,MBATER,MBATER,PHC IMANDE-ADEGA,,,,,,,
1526,NCZ,BENUE,LOGO,MBAVUUR,MBAVUUR,PHC ABEDA(S),,,,,,,
1527,NCZ,BENUE,LOGO,MBAYAM,MBAYAM,CHC UGBA,,,,,,,
1528,NCZ,BENUE,LOGO,NENZEV,NENZEV,PHC IKYOR,,,,,,,
1529,NCZ,BENUE,LOGO,TOMBO,TOMBO,PHC AYILAMO,,,,,,,
1530,NCZ,BENUE,LOGO,TURAN,TURAN,PHC DOOSHIMA,,,,,,,
1531,NCZ,BENUE,LOGO,UK/TSWAREV,UKEMBERAGYA/TSWAREV,PHC IORZA,,,,,,,
1532,NCZ,BENUE,LOGO,YONOV,YONOV,PHC WENDE,,,,,,,
1533,NCZ,BENUE,MAKURDI,AGAN,AGAN,FSP AGAN,,,,,,,
1534,NCZ,BENUE,MAKURDI,ANKPA/WADATA,ANKPA /WADATA,PHC WADATA,,,,,,,
1535,NCZ,BENUE,MAKURDI,BAR,BAR,PHC ADEKE,,,,,,,
1536,NCZ,BENUE,MAKURDI,CENTRAL SOUTH MISSION,CENTRAL SOUTH MISSION,PHC FSP MAKURDI,,,,,,,
1537,NCZ,BENUE,MAKURDI,CLERKS MKT.,CLERK,LGA STAFF CLINIC,,,,,,,
1538,NCZ,BENUE,MAKURDI,FI IDI,FIIDI,PHC FIIDI,,,,,,,
1539,NCZ,BENUE,MAKURDI,MBALAGH,MBALAGH,PHC ANTER,,,,,,,
1540,NCZ,BENUE,MAKURDI,MODERN MKT,MODERN MARKET,PHC ADAKA,,,,,,,
1541,NCZ,BENUE,MAKURDI,NORTH BANK 1,NOTH BANK 1,PHC ORIGBO,,,,,,,
1542,NCZ,BENUE,MAKURDI,NORTH BANK 11,NOTH BANK 2,PHC ASASE,,,,,,,
1543,NCZ,BENUE,MAKURDI,WALLOMAYO,WAILOMAYO,PHC YAIKYO,,,,,,,
1544,NCZ,BENUE,OBI,ADIKO,ADIKO,PHC OJENYA,,,,,,,
1545,NCZ,BENUE,OBI,AOUM-WEST,ADUM WEST,PHC ADUM WEST,,,,,,,
1546,NCZ,BENUE,OBI,IKWOKWU,IKWOKWU,PHC UDEGI,,,,,,,
1547,NCZ,BENUE,OBI,IRABI,IRABI,OBIJAGO PHC,,,,,,,
1548,NCZ,BENUE,OBI,ITOGO,ITOGO,FSP ITOGO IPINU,,,,,,,
1549,NCZ,BENUE,OBI,OBARIKE,OBARIKE,PHC OBARIKE,,,,,,,
1550,NCZ,BENUE,OBI,OBEKO,OBEKO,CHC ADUM EAST,,,,,,,
1551,NCZ,BENUE,OBI,ODIAPA,ODIAPA,PHC AMEKA,,,,,,,
1552,NCZ,BENUE,OBI,OGORE,OGORE,PHC OJEGBE OGORE,,,,,,,
1553,NCZ,BENUE,OBI,OKPOKWU,OKPOKWU,PHC ITAKPA,,,,,,,
1554,NCZ,BENUE,OBI,OKWUTUNGBE,OKWUTUNGBE,PHC IGWE,,,,,,,
1555,NCZ,BENUE,OBI,ORIHI,ORIHI,PHC OJWO,,,,,,,
1556,NCZ,BENUE,OGBADIBO,AI- OODO I,AI-OODO I,PHC ORIDO,,,,,,,
1557,NCZ,BENUE,OGBADIBO,AI- OODO II,AI-OODO 11,OCHAGWU PRIMARY HEALTH CARE CENTRE,,,,,,,
1558,NCZ,BENUE,OGBADIBO,AI-OONO I,AI-OONO I,ODOBA PRIMARY HEALTH CARE CENTRE,,,,,,,
1559,NCZ,BENUE,OGBADIBO,AI-OONO II,AI-OONO II,PHC IPIGA,,,,,,,
1560,NCZ,BENUE,OGBADIBO,AI-OONO III,AI-OONO III,OBU PRIMARY HEALTH CARE CENTRE,,,,,,,
1561,NCZ,BENUE,OGBADIBO,EHAJA I,EHAJE I,OWUKPA PRIMARY HEALTH CARE CENTRE,,,,,,,
1562,NCZ,BENUE,OGBADIBO,EHAJA II,EHAJE II,ADU MATERNITY,,,,,,,
1563,NCZ,BENUE,OGBADIBO,ITABONO I,ITABONO 1,EKE-AKPA PHC,,,,,,,
1564,NCZ,BENUE,OGBADIBO,ITABONO II,ITABONO LI,OKPUDU PRIMARY HEALTH CARE CENTRE,,,,,,,
1565,NCZ,BENUE,OGBADIBO,OLACHAGBAHA,OLACHAGBAHA,PHC OLACHAGBAHA,,,,,,,
1566,NCZ,BENUE,OGBADIBO,OROKAM I,AGBORIKO,UKPORO PRIMARY HEALTH CLINIC,,,,,,,
1567,NCZ,BENUE,OGBADIBO,OROKAM II,AI-OCHE,PHC OROKAM,,,,,,,
1568,NCZ,BENUE,OGBADIBO,OROKAM III,AI-ONA,PHC ADUM AIONA,,,,,,,
1569,NCZ,BENUE,OHIMINI,AGADAGBA,AGAGBA,PHC AKUNU,,,,,,,
1570,NCZ,BENUE,OHIMINI,AINUME-EHAJE,AWUME EHAJE,AJEGBE PHC,,,,,,,
1571,NCZ,BENUE,OHIMINI,AINUME-ICHO,AWUME ICHO,PHC OTOLI,,,,,,,
1572,NCZ,BENUE,OHIMINI,EHATOKPA,EHATOKPE,EHATOKPE PHC,,,,,,,
1573,NCZ,BENUE,OHIMINI,IDEKPA,IDEKPA,PHC IDEKPA,,,,,,,
1574,NCZ,BENUE,OHIMINI,OCHOBO,OCHOBO,PHC OCHOBO,,,,,,,
1575,NCZ,BENUE,OHIMINI,OGLENU-ICHO,OGLEWU ICHO,PHC AIGAJI,,,,,,,
1576,NCZ,BENUE,OHIMINI,OGLEWU-EHAJE,OGLEWU EHAJE,PHC ATLO,,,,,,,
1577,NCZ,BENUE,OHIMINI,ONYAGEGE-EHAJE,ONYANGEDE EHAJE II,ONYAGEDE,,,,,,,
1578,NCZ,BENUE,OHIMINI,ONYAGEGE-ICHO,ONYAGEDE ICHO,OGOLI PHC,,,,,,,
1579,NCZ,BENUE,OJU,ADOKPA,ADOKPA,EDEE PHC,,,,,,,
1580,NCZ,BENUE,OJU,AINU,AINU,PHC OBUSSA,,,,,,,
1581,NCZ,BENUE,OJU,IBBILA,IBILLA,IGEDE CENTRE C.,,,,,,,
1582,NCZ,BENUE,OJU,OKPOKPO,OKPOKPO,PHC IGWE EBONG,,,,,,,
1583,NCZ,BENUE,OJU,UKPA AINU/ETTE,UKPA AINU/ETTE,PHC OCHODU,,,,,,,
1584,NCZ,BENUE,OJU,IDELE,IDELLE,OGEGE PHC,,,,,,,
1585,NCZ,BENUE,OJU,IYECHE,IYECHE,AKWUDA PHC,,,,,,,
1586,NCZ,BENUE,OJU,OBORU/OYE,OBORU/OYE,OBORU PHC,,,,,,,
1587,NCZ,BENUE,OJU,OJU,OJU,IHIGILE PHC,,,,,,,
1588,NCZ,BENUE,OJU,OKWUDU,OKWUDU,OJOKWE PHC,,,,,,,
1589,NCZ,BENUE,OJU,OWO,OWO,PHC AMEKA,,,,,,,
1590,NCZ,BENUE,OKPOKWU,AMEJO,AMEJO,PHC OTOBI - AMEJO,,,,,,,
1591,NCZ,BENUE,OKPOKWU,EKE,EKE,PHC OLENGBECHO,,,,,,,
1592,NCZ,BENUE,OKPOKWU,ICHAMA 11,ICHAMA II,PHC ICHAMA,,,,,,,
1593,NCZ,BENUE,OKPOKWU,OJIGO,OJIGO,PHC OJAPO,,,,,,,
1594,NCZ,BENUE,OKPOKWU,OJOGA,ICHAMA I,PHC IPOLE -ICHAMA,,,,,,,
1595,NCZ,BENUE,OKPOKWU,OKONORO,OKONOBO,PHC EBOYA,,,,,,,
1596,NCZ,BENUE,OKPOKWU,OKPALE/INGLE,OKPAILE/INGLE,PHC OGEGE,,,,,,,
1597,NCZ,BENUE,OKPOKWU,OKPOGA CENTRAL,OKPOGA CENTRAL,PHC OKPOGA,,,,,,,
1598,NCZ,BENUE,OKPOKWU,OKPOGA NORTH,OKPOGA NORTH,PHC AIDOGODO,,,,,,,
1599,NCZ,BENUE,OKPOKWU,OKPOGA SOUTH,OKPOGA SOUTH,PHC IKOMUJA,,,,,,,
1600,NCZ,BENUE,OKPOKWU,OKPOGA WEST,OKPOGA WEST,EDE PHC,,,,,,,
1601,NCZ,BENUE,OKPOKWU,UGBOKOLO,UGBOKOLO,CHC UGBOKOLO,,,,,,,
1602,NCZ,BENUE,OTUKPO,ADOKA-EHAJE,ADOKA EHAJE,PHC AUNE,,,,,,,
1603,NCZ,BENUE,OTUKPO,ADOKA-ICHO,ADOKA ICHO,PHC ADOKA CENTRE,,,,,,,
1604,NCZ,BENUE,OTUKPO,ALLAN,ALLAN,PHC ALLAN,,,,,,,
1605,NCZ,BENUE,OTUKPO,EWULO,EWULO,PHC UPU,,,,,,,
1606,NCZ,BENUE,OTUKPO,OKETE,OKETE,PHC OTUKPO/ ICHO,,,,,,,
1607,NCZ,BENUE,OTUKPO,ENTEKPA,ENTEKPA,PHC UMOGIDI,,,,,,,
1608,NCZ,BENUE,OTUKPO,OTOBI,OTOBI AKPA,PHC OTOBI,,,,,,,
1609,NCZ,BENUE,OTUKPO,OTUKPO/CENTRAL,OTUKPO CENTRAL WARD,PHC ASA,,,,,,,
1610,NCZ,BENUE,OTUKPO,OTUKPO/EAST,WARD III,CHC OTUKPO,,,,,,,
1611,NCZ,BENUE,OTUKPO,OTUKPO/WEST,TOWNSHIP II,PHC AKPEGEDE,,,,,,,
1612,NCZ,BENUE,OTUKPO,UGBOJU-EHAJE,UGBOJU EHAJE,PHC ONDO,,,,,,,
1613,NCZ,BENUE,OTUKPO,UGBOJU-ICHO,UGBOJU ICHO,PHC IPOLO,,,,,,,
1614,NCZ,BENUE,OTUKPO,UGBOJU-OTAHE,OGBOJU OTAHE,PHC EYOKPA,,,,,,,
1615,NCZ,BENUE,TARKA,AHITILE,SHITILE,PHC TIORTYU,,,,,,,
1616,NCZ,BENUE,TARKA,MBAAJIRAKAA,MBAJIRAKAA,PHC ASO,,,,,,,
1617,NCZ,BENUE,TARKA,MBAAYO,MBAAYO,NPHC ABOHO,,,,,,,
1618,NCZ,BENUE,TARKA,MBACHAVRIKYONDO,MBACHAVERKYONDO,PHC ASUKUNYA,,,,,,,
1619,NCZ,BENUE,TARKA,MBAIKYAA,MBAKYAA,PHC GWARCHE,,,,,,,
1620,NCZ,BENUE,TARKA,MBAIKYO/MBAYIA,IKYOYIA,PHC AKOODO,,,,,,,
1621,NCZ,BENUE,TARKA,MBAKWAKEM,MBAKWAKEM,PHC KPEAMBILA,,,,,,,
1622,NCZ,BENUE,TARKA,MBANYAGBER,MBANYAGBER,PHC TSE TIAH,,,,,,,
1623,NCZ,BENUE,TARKA,MBIAGBA,MBAGBA,PHC TSEAKIISHI,,,,,,,
1624,NCZ,BENUE,TARKA,TONGOU,TONGOV,PHC ATIGHIR,,,,,,,
1625,NCZ,BENUE,UKUM,BORIKYO,BORIKYO,PHC AYATI,,,,,,,
1626,NCZ,BENUE,UKUM,ITYULUV,TYULUV,PHC GBAGIR,,,,,,,
1627,NCZ,BENUE,UKUM,KENDEN,KENDEV,PHC ANSAMBE,,,,,,,
1628,,BENUE,UKUM,ATERAYANGE,ATERAYANGE,PHC ATERAYANGE,,,,,,,
1629,,BENUE,UKUM,AZENDESHI,AZENDESHI,PHC CHITO,,,,,,,
1630,,BENUE,UKUM,UGBAAM,UGBAAM,PHC ADOGO,,,,,,,
1631,,BENUE,UKUM,UYAM,UYAM,PHC HWEMBE,,,,,,,
1632,NCZ,BENUE,UKUM,KUNDAV,KUNDAV,PHC_IHUNGWA,,,,,,,
1633,NCZ,BENUE,UKUM,LUMBUN,LUMBUV,VAASE,,,,,,,
1634,NCZ,BENUE,UKUM,MBATIAN,MBATIAN,PHC TINE-NUNE,,,,,,,
1635,NCZ,BENUE,UKUM,MBAYENGE,MBAYENGE,MELABU,,,,,,,
1636,NCZ,BENUE,UKUM,MBAZUM,MBAZUM,PHC KYADO,,,,,,,
1637,NCZ,BENUE,UKUM,TSAAV,TSAAV,PHC AFIA,,,,,,,
1638,NCZ,BENUE,USHONGO,ATIRKYESE,ATIKYESE,CHC ADIKPO - MBAAGWA,,,,,,,
1639,NCZ,BENUE,USHONGO,IKOV,ORBIAM-IKOV,CHC HILTOM,,,,,,,
1640,NCZ,BENUE,USHONGO,MBAAKA,MBAAKA,CHC TSEGHEM,,,,,,,
1641,NCZ,BENUE,USHONGO,MBAANYAAM,MBAAGIR,CHC WAAPERA,,,,,,,
1642,NCZ,BENUE,USHONGO,MBAAWE,MBAGWE,CHC KARTYO,,,,,,,
1643,NCZ,BENUE,USHONGO,MBAGBA,MBAGBA,CHC ATEKOMBO,,,,,,,
1644,NCZ,BENUE,USHONGO,MBAGBWAZA,MBAGWAZA,CHC HEGHA,,,,,,,
1645,NCZ,BENUE,USHONGO,MBAKUHA,MBAKUHA,CHC YAAKUR,,,,,,,
1646,NCZ,BENUE,USHONGO,MBAYEGH,MBAYEGH,CHC USHONGO,,,,,,,
1647,NCZ,BENUE,USHONGO,TOWNSHIP,TOWNSHIP,MCH LESSEL,,,,,,,
1648,NCZ,BENUE,USHONGO,UTANGE,UTANGE,CHC AKERIOR,,,,,,,
1649,NCZ,BENUE,VANDEIKYA,MBADEDE,MBADEDE,PHC KIISHI,,,,,,,
1650,NCZ,BENUE,VANDEIKYA,MBAGBAM,MBAGBAM,CHC BAKO-UTE,,,,,,,
1651,NCZ,BENUE,VANDEIKYA,MBAGBERA,MBAGBERA,PHC TSUA,,,,,,,
1652,NCZ,BENUE,VANDEIKYA,MBAJOR,MBAJOR,CHC GBAGBONGOM,,,,,,,
1653,NCZ,BENUE,VANDEIKYA,MBAKAANGE,MBAKAANGE,FSPC IDYEGH,,,,,,,
1654,NCZ,BENUE,VANDEIKYA,MBAKYAHA,MBAKYAHA,PHC IMOUGHUN,,,,,,,
1655,NCZ,BENUE,VANDEIKYA,MBANYUMAGBAH,NYUMAGBEGH,CHC IKPOIKPO,,,,,,,
1656,NCZ,BENUE,VANDEIKYA,MBATYOUGH,MBATYOUGH,MODEL PHC TSAR,,,,,,,
1657,NCZ,BENUE,VANDEIKYA,MBAYONGO,MBAYONGO,PHC AGEVA,,,,,,,
1658,NCZ,BENUE,VANDEIKYA,NINGEV,NINGEV,CHC MBAAGIR,,,,,,,
1659,NCZ,BENUE,VANDEIKYA,TOWNSHIP,TOWNSHIP,PHC VANDEIKYA,,,,,,,
1660,NCZ,BENUE,VANDEIKYA,TSAMBE,TSAMBE,PHC GBEM,,,,,,,
1661,,BORNO,ABADAM,KUDOKURGU,Kudo Kurgu,Mallam Fatori Primary Health Centre,,,,,,,
1662,NEZ,BORNO,ASKIRA UBA,ASKIRA EAST,ASKIRA/EASTH,FAMILY SURPORT CLINIC,,,,,,,
1663,NEZ,BORNO,ASKIRA UBA,CHUL/RUMIRGO,RUMIRGO CHUL,RUMIRGO FEDERAL MODEL HEALTH CENTRE,,,,,,,
1664,NEZ,BORNO,ASKIRA UBA,DILLE/HUYIM,DILLE/HUYUM,DILLE HF,,,,,,,
1665,NEZ,BORNO,ASKIRA UBA,HAUSARI/ZADAWA,HAUSARI/ZADAWA,ZADAWA HF,,,,,,,
1666,NEZ,BORNO,ASKIRA UBA,HUSARA/TAMPUL,HUSSARA/TAMPUL,HUSSARA HF,,,,,,,
1667,NEZ,BORNO,ASKIRA UBA,LASSA,LASSA,SAMUWA HC,,,,,,,
1668,NEZ,BORNO,ASKIRA UBA,MUSSA,MUSSA,MUSSA HF,,,,,,,
1669,NEZ,BORNO,ASKIRA UBA,NGOHI,NGOHI,NGOHI PHC,,,,,,,
1670,NEZ,BORNO,ASKIRA/UBA,NGULDE,Ngulde,Ngulde Comprehensive Health Centre,,,,,,,
1671,NEZ,BORNO,ASKIRA UBA,UBA,UBA,UBA TOWN PHC,,,,,,,
1672,NEZ,BORNO,ASKIRA UBA,UVUU/UDA,UVUU/UDA,UVU HF,,,,,,,
1673,NEZ,BORNO,ASKIRA UBA,WAMDEO/GIWI,WAMDEO/GIWI,WAMDEO PHC,,,,,,,
1674,NEZ,BORNO,BAMA,KASUGULA,KASUGULA,FSP TANDARI CLINIC,,,,,,,
1675,NEZ,BORNO,BAMA,SHEHURI/MAIRI/HAUSARI,SHEHURI,MCH BAMA,,,,,,,
1676,NEZ,BORNO,BAYO,BALBAYA,BALBAYA,BALBAYA PHC,,,,,,,
1677,NEZ,BORNO,BAYO,BRIYEL,BRIYEL,BRIYEL MCH,,,,,,,
1678,NEZ,BORNO,BAYO,FIKAYEL,FIKAYEL,FIKAYEL PHC,,,,,,,
1679,NEZ,BORNO,BAYO,GAMADADI,GAMADADI,GAMADADI PHC,,,,,,,
1680,NEZ,BORNO,BAYO,JARADALI,JARADALI,JARADALI PHC,,,,,,,
1681,NEZ,BORNO,BAYO,JARAGOL,JARAGOL,JARAGOL PHC,,,,,,,
1682,NEZ,BORNO,BAYO,LIMANTI,LIMANTI,KUVA PHC,,,,,,,
1683,NEZ,BORNO,BAYO,TELI,TELI,TELI PHC,,,,,,,
1684,NEZ,BORNO,BAYO,WUYO,WUYO,WUYO PHC,,,,,,,
1685,NEZ,BORNO,BAYO,ZARA,ZARA,ZARA PHC,,,,,,,
1686,NEZ,BORNO,BIU,BURATAI,BURATAI,BURATAI HF,,,,,,,
1687,NEZ,BORNO,BIU,DADINKOWA,GUNDA,GUNDA PHC,,,,,,,
1688,NEZ,BORNO,BIU,DUGJA,DUGJA,TUM PHC,,,,,,,
1689,NEZ,BORNO,BIU,GARUBULA,GARUBULA,GARUBULA SABO HF,,,,,,,
1690,,BORNO,BIU,GUR,Gur,Gur Primary Health Care Center.,,,,,,,
1691,,BORNO,BIU,MANDARAGIRAU,Mandaragirau,Mandaragirau Primary Health Care Centre,,,,,,,
1692,NEZ,BORNO,BIU,KENKEN,GALDIMARE,FSP CLINIC BIU,,,,,,,
1693,NEZ,BORNO,BIU,MIRINGA,MIRINGA,MIRINGA MCH,,,,,,,
1694,NEZ,BORNO,BIU,SIL-UMTHA,SIL-UMTHA,BIU TOWN PHC,,,,,,,
1695,NEZ,BORNO,BIU,YAWI,YAWI,YAWI HF,,,,,,,
1696,NEZ,BORNO,BIU,ZARAWUYAKU,ZARAWUYAKU,BIU MCH,,,,,,,
1697,NEZ,BORNO,CHIBOK,GARU,GARU,GARU PHCC,,,,,,,
1698,NEZ,BORNO,CHIBOK,KAUTIKARI,KAUTIKARI,KAUTIKARI PHC,,,,,,,
1699,NEZ,BORNO,CHIBOK,KORONGILUM,KORONGILUM,KORONGILUM PHC,,,,,,,
1700,NEZ,BORNO,CHIBOK,MBALALA,MBALALA,MBALALA PHC,,,,,,,
1701,NEZ,BORNO,CHIBOK,MBOA-KURA,MBOA-KURA,MBOA-KURA PHC,,,,,,,
1702,,BORNO,CHIBOK,GATAMARWA,Gatamarwa,Gatamarwa Primary Health Center,,,,,,,
1703,,BORNO,CHIBOK,KUBURMBULA,Kuburmbula,Kuburmbula Primary Health Center,,,,,,,
1704,,BORNO,CHIBOK,LIKAMA,Likama,Likama Primary Health Clinic,,,,,,,
1705,,BORNO,CHIBOK,WHUNTAKU,Whuntaku Chibok,Bwalangyang Primary Health Clinic,,,,,,,
1706,NEZ,BORNO,CHIBOK,PEMI,PEMI,PEMI PHC,,,,,,,
1707,NEZ,BORNO,CHIBOK,SHIKARKIR,SHIKARKIR,SHIKARKIR PHC,,,,,,,
1708,NEZ,BORNO,DAMBOA,AZUR/MULTE/FORFOR ,AZIR,AZIR MULTE PHC,,,,,,,
1709,NEZ,BORNO,DAMBOA,DAMBOA,DAMBOA CENTRAL,DAMBOA MCH,,,,,,,
1710,NEZ,BORNO,DAMBOA,GUMSURI/MISA/KURBUTU,GUMSURI,GUMSURI PHC,,,,,,,
1711,NEZ,BORNO,DIKWA,DIKWA,DIKWA,DIKWA MATERNAL AND CHILD HEALTH CLINIC.,,,,,,,
1712,NEZ,BORNO,GUBIO,GUBIO TOWN I,GUBIO I,GUBIO PHC,,,,,,,
1713,,BORNO,GUBIO,NGETRA,Ngetra,Ngetra PHC,,,,,,,
1714,NEZ,BORNO,GUBIO,GUBIO TOWN II ,BAZAM,BAZAM PHC,,,,,,,
1715,NEZ,BORNO,GWOZA,ASHIGASHIYA,ASHIGASHIA,ASHIGASHIA PHC,,,,,,,
1716,NEZ,BORNO,GWOZA,GWOZA TOWN G/MAYO,GWOZA,GWOZA PHC,,,,,,,
1717,NEZ,BORNO,GWOZA,GWOZA WAKANE /B,Bulabulin Gwoza Wakane,Gwoza  wakane PHCC,,,,,,,
1718,NEZ,BORNO,GWOZA,NGOSHE,Ngoshe,Ngoshe PHC,,,,,,,
1719,NEZ,BORNO,GWOZA,HAMBAGDA LIMANKARA /J,LUMANKARA,LUMANKARA PHC,,,,,,,
1720,NEZ,BORNO,GWOZA,PULKA /BOKO,PULKA,PULKA PHC,,,,,,,
1721,NEZ,BORNO,HAWUL,BILNGWI,BILNGWI,FAMILY SURPORT CLINIC HAWUL,,,,,,,
1722,NEZ,BORNO,HAWUL,GWANZANG/PUSDA/CHATA,GWANZANG/CHATA,MBALATAWIWI PHC,,,,,,,
1723,NEZ,BORNO,HAWUL,HIZHI/BWALA,HIZHI/BWALA,PELATHLABU PHC,,,,,,,
1724,NEZ,BORNO,HAWUL,KIDA,KIDA,KIDA PHC,,,,,,,
1725,NEZ,BORNO,HAWUL,KWADAFA / HARANG,KWAJAFA,KIRBUTU PHCC,,,,,,,
1726,NEZ,BORNO,HAWUL,KWADAFA / HARANG,KWAJAFA,KWAJAFFA HARANGOL DISP.,,,,,,,
1727,NEZ,BORNO,HAWUL,KWAYA-BULA TAMGABAMFA,KWAYA BURA,KWAYA BURA MCH,,,,,,,
1728,NEZ,BORNO,HAWUL,MARAMA/KIDANG,MARAMA KIDANG,KIDANG PHC,,,,,,,
1729,NEZ,BORNO,HAWUL,PAMA / WITHMBAYA,Pama Whitambaya,Whitambaya Health Clinic,,,,,,,
1730,NEZ,BORNO,HAWUL,PUBA / VIDAN / LOKOJA,PUVA VIDAU,HYERA PHC,,,,,,,
1731,NEZ,BORNO,HAWUL,SAKWA / HEMA,SAKWA,SAKWA PHC,,,,,,,
1732,NEZ,BORNO,HAWUL,SHAFFA,SHAFFA,SHAFFA PHC,,,,,,,
1733,NEZ,BORNO,JERE,BALE GALTIMARI,GALTIMARI,JIDDARI COMP. HC,,,,,,,
1734,NEZ,BORNO,JERE,BALE GALTIMARI,GALTIMARI,FORI HC,,,,,,,
1735,NEZ,BORNO,JERE,DAKA LAWANTI,DALA,DALA CLINIC,,,,,,,
1736,NEZ,BORNO,JERE,DUSUMAN,DUSMAN,CBDA,,,,,,,
1737,NEZ,BORNO,JERE,GOMARI,GOMARI,GOMARI CLINIC,,,,,,,
1738,NEZ,BORNO,JERE,GONGOLONG,GONGULONG,GONGULONG PHC,,,,,,,
1739,NEZ,BORNO,JERE,MAIMUSARI,MAIMUSARI,MAIMUSARI CLINIC,,,,,,,
1740,NEZ,BORNO,JERE,MAIRI,MAIRI,MAIRI CLINIC,,,,,,,
1741,NEZ,BORNO,JERE,MAISUMARI,MASHAMARI,MASHAMARI PHC,,,,,,,
1742,NEZ,BORNO,JERE,NGUDDA/KHADDAMARI,KHADDAMARI,GUSSI PHCC,,,,,,,
1743,NEZ,BORNO,JERE,OLD MAIDUGURI,OLD MAIDUGURI,GAJIGANNA PRIMARY HEALTH CENTRE,,,,,,,
1744,NEZ,BORNO,KAGA,BENI-SHIEKH,BENISHEIKH,GAMBORU PHC,,,,,,,
1745,,BORNO,KAGA,WAJIRO / BURGUMA,Wajiro Burgumma,Makintakururi Health Clinic,,,,,,,
1746,NEZ,BORNO,KAGA,MAINOK,MAINOK,MAINOK PHC,,,,,,,
1747,NEZ,BORNO,KAGA,NGAMDU,NGAMDU,NGAMDU PHC,,,,,,,
1748,,BORNO,KALABAGE,RANN A',Rann,Rann Primary Health Centre,,,,,,,
1749,NEZ,BORNO,KONDUGA,AUNO CHABBAL,AUNO,AUNO PHC,,,,,,,
1750,NEZ,BORNO,KONDUGA,AUNO CHABBAL,AUNO,NJIMTILO PHC,,,,,,,
1751,NEZ,BORNO,KONDUGA,DALORI WANORI,DALORI,DALORI PHC,,,,,,,
1752,NEZ,BORNO,KONDUGA,JEWU LAMBOA,JAKANA,PRIMARY HEALTH CENTER JAKANA,,,,,,,
1753,NEZ,BORNO,KONDUGA,KONDUGA,KONDUGA,MCH KONDUGA,,,,,,,
1754,,BORNO,KONDUGA,KAWURI,Kawuri,Kawuri Maternal And Child Health Clinic,,,,,,,
1755,,BORNO,KUKAWA,BAGA,Baga,Baga Health Clinic,,,,,,,
1756,,BORNO,KUKAWA,DORO DUGURI,Doro,Doro Primary Health Centre,,,,,,,
1757,,BORNO,KUKAWA,KUKAWA,Kauwa,Cross Kauwa Family Support Programe Clinic,,,,,,,
1758,NEZ,BORNO,KWAYA KUSAR,GONOI,GWANDI,WANDLI PHC,,,,,,,
1759,NEZ,BORNO,KWAYA KUSAR,GUSI / BILLA,BILACUSI,GUSSI PHCC,,,,,,,
1760,NEZ,BORNO,KWAYA KUSAR,GUWAL,GUWAL,GUWAL PHC,,,,,,,
1761,NEZ,BORNO,KWAYA KUSAR,KUBUKU,KUBUKU,KUBUKU PHC,,,,,,,
1762,NEZ,BORNO,KWAYA KUSAR,KURBA,KURBAGAYI,KURBAGAYI PHC,,,,,,,
1763,NEZ,BORNO,KWAYA KUSAR,KWAYA KUSAR,KWAYA KUSAR,KWAYA KUSAR MCH,,,,,,,
1764,NEZ,BORNO,KWAYA KUSAR,PETA,PETA,PETA PHC,,,,,,,
1765,NEZ,BORNO,KWAYA KUSAR,WADA,WADA,WADA PHC,,,,,,,
1766,NEZ,BORNO,KWAYA KUSAR,WAWA,WAWA,WAWA PHC,,,,,,,
1767,NEZ,BORNO,KWAYA KUSAR,YIMIRDALANG,YIMIRDALANG,YIMIRDALANG PHC,,,,,,,
1768,NEZ,BORNO,MAFA,LOSKURI,LOSKURI,NGOM PHC,,,,,,,
1769,NEZ,BORNO,MAFA,MAFA,MAFA,MAFA PHCC,,,,,,,
1770,NEZ,BORNO,MAFA,TAMSUM-GAMDUA,TAMSUM-GAMDUA,MALAKYARIRI MCH,,,,,,,
1771,NEZ,BORNO,MAGUMERI,GAJIGANNA,GAJIGANNA,GAJIGANNA PRIMARY HEALTH CENTRE,,,,,,,
1772,NEZ,BORNO,MAGUMERI,HOYO-CHINGOWA,HOYO-CHINGOWA,HOYO-CHINGOWA PHC,,,,,,,
1773,,BORNO,MAGUMERI,KARERAM,Kareram Lawanti,Kareram Health Clinic  A,,,,,,,
1774,NEZ,BORNO,MAGUMERI,MAGUMERI,MAGUMERI,MAGUMERI MCH,,,,,,,
1775,NEZ,BORNO,MMC,BOLORI I,BOLORI I,MALA KACHALLA MCH,,,,,,,
1776,NEZ,BORNO,MMC,BOLORI II,BOLORI II,HERWA PEACE PHC,,,,,,,
1777,NEZ,BORNO,MMC,BOLORI II,BOLORI II,BULABULIN NGARANNAM PHC,,,,,,,
1778,NEZ,BORNO,MMC,BULABULIN,BULABULIN,BULABULIN DISPENSARY,,,,,,,
1779,NEZ,BORNO,MMC,GAMBORU LIBERTY,GAMBORU,GAMBORU MALE DISPENSARY,,,,,,,
1780,NEZ,BORNO,MMC,GWANGE I,GWANGE I,GWANGE I PHC,,,,,,,
1781,NEZ,BORNO,MMC,GWANGE II,GWANGE II,GWANGE II PHC,,,,,,,
1782,NEZ,BORNO,MMC,LIMANTI,LIMANTI,GAMBORU PHC,,,,,,,
1783,NEZ,BORNO,MMC,MAFONI,MAFONI,NANA KASHIM PHC,,,,,,,
1784,NEZ,BORNO,MMC,MAISANDARI,MAISANDARI,FATIMA ALI SHEIFF MCH,,,,,,,
1785,NEZ,BORNO,MMC,SHEHURI NORTH,SHEHURI NORTH,ABBAGANARAM PHC,,,,,,,
1786,,BORNO,MAIDUGURI .M.C,GWANGE III,Gwange III,Gwange Primary Health Centre,,,,,,,
1787,,BORNO,MAIDUGURI .M.C,LAMISULA JABBAMARI,Lamisula Jabbamari,Wulari PHC,,,,,,,
1788,,BORNO,MARTE,NJINE,Njine,New Marte Maternal and Child  Health Clinic,,,,,,,
1789,NEZ,BORNO,MMC,SHEHURI SOUTH,SHEHURI SOUTH,YERWA MCH,,,,,,,
1790,NEZ,BORNO,MOBBAR,DAMASAK,DAMASAK,DAMASAK MCH,,,,,,,
1791,,BORNO,MOBBAR,ZANNA UMARTI,Zanna Umarti,Zanna Umarti PHC,,,,,,,
1792,NEZ,BORNO,MONGUNO,MONGUNO,MONGUNO,MONGUNO MCH,,,,,,,
1793,NEZ,BORNO,NGALA,GAMBORU C,GAMBORU C,GAMBORU MCH,,,,,,,
1794,NEZ,BORNO,NGALA,NGALA,NGALA,NGALA HEALTH CLINIC,,,,,,,
1795,NEZ,BORNO,NGALA,OLD GAMBORU A,GAMBORU A,GAMBORU A PHC,,,,,,,
1796,,BORNO,NGANZAI,GAJIRAM,Gajiram,Gajiram Maternal and Child Health Centre,,,,,,,
1797,NEZ,BORNO,SHANI,BARGU / BURASHIKA,BARGU,BARGU MCH,,,,,,,
1798,NEZ,BORNO,SHANI,GASI SALIFAWA,GASI,KUBODENO PHC,,,,,,,
1799,NEZ,BORNO,SHANI,GORA,GORA,GORA PHC,,,,,,,
1800,NEZ,BORNO,SHANI,GWALASHO,GWALESHO,KASHIM PHC,,,,,,,
1801,NEZ,BORNO,SHANI,KOMBO,KOMBO,KOMBO PHC,,,,,,,
1802,NEZ,BORNO,SHANI,KUBO,KUBO,KUBO PHCC,,,,,,,
1803,NEZ,BORNO,SHANI,KWABA,LAKUMDUM,LAKUNDUM PHC,,,,,,,
1804,NEZ,BORNO,SHANI,SHANI,SHANI,SHANI MCH,,,,,,,
1805,NEZ,BORNO,SHANI,WALAMA,WALAMA,WALAMA PHC,,,,,,,
1806,,BORNO,SHANI,GWASKARA,Gwaskara,Lajada Primary Health Care Centre,,,,,,,
1807,SSZ,CROSS RIVER,ABI,ADADAMA,,ADADAMA PRIMARY HEALTH CENTRE,,,,,,,
1808,SSZ,CROSS RIVER,ABI,EDIBA,,EDIBA COMPREHENSIVE HEALTH CENTRE,,,,,,,
1809,SSZ,CROSS RIVER,ABI,EKUREKY I,,ANONG EZEKE PRIMARY HEALTH CENTRE,,,,,,,
1810,SSZ,CROSS RIVER,ABI,EKUREKY II,,NGARABE PRIMARY HEALTH CENTER,,,,,,,
1811,SSZ,CROSS RIVER,ABI,IMABANA I,,MODEL PRIMARY HEALTH CENTRE,,,,,,,
1812,SSZ,CROSS RIVER,ABI,IMABANA II,,PRIMARY HEALTH CENTRE IKPALEGWU,,,,,,,
1813,SSZ,CROSS RIVER,ABI,ITIGIDI,,ITIGIDI PRIMARY HEALTH CENTRE,,,,,,,
1814,SSZ,CROSS RIVER,AKAMKPA URBAN,AKAMKPA URBAN,,MMA EFA HEALTH CENTRE,,,,,,,
1815,SSZ,CROSS RIVER,AKAMKPA URBAN,AWI,,AWI HEALTH CENTRE,,,,,,,
1816,SSZ,CROSS RIVER,AKAMKPA URBAN,EKU,,OSOMBA PRIMARY HEALTH CENTRE,,,,,,,
1817,SSZ,CROSS RIVER,AKAMKPA URBAN,IKO,,IKO ESAI PRIMARY HEALTH CENTRE,,,,,,,
1818,SSZ,CROSS RIVER,AKAMKPA URBAN,IKPAI,,NYAJE PRIMARY HEALTH CENTRE,,,,,,,
1819,SSZ,CROSS RIVER,AKAMKPA URBAN,MBARAKOM,,MBARAKOM PRIMARY HEALTH CENTRE,,,,,,,
1820,SSZ,CROSS RIVER,AKAMKPA URBAN,OBAN,,OBAN HEALTH CENTRE,,,,,,,
1821,SSZ,CROSS RIVER,AKAMKPA URBAN,OJUK NORTH,,MFAMOSING PRIMARY HEALTH CENTRE,,,,,,,
1822,SSZ,CROSS RIVER,AKAMKPA URBAN,OJUK SOUTH,,ANINGEJE PRIMARY HEALTH CENTRE,,,,,,,
1823,SSZ,CROSS RIVER,AKAMKPA URBAN,UYANGA,,UYANGA PRIMARY HEALTH CENTRE,,,,,,,
1824,SSZ,CROSS RIVER,AKPABUYO,ATIMBO EAST,,IKOT OFFIONG AMBAI PRIMARY HEALTH CENTRE,,,,,,,
1825,SSZ,CROSS RIVER,AKPABUYO,ATIMBO WEST,,ATIM ASSAM HEALTH CENT RE,,,,,,,
1826,SSZ,CROSS RIVER,AKPABUYO,EDET NSA WARD,,NKAKAT EYAMBA PHC ,,,,,,,
1827,SSZ,CROSS RIVER,AKPABUYO,EFFANGA OFFIONG,,PHC AKWA IKOT EFFANGA,,,,,,,
1828,SSZ,CROSS RIVER,AKPABUYO,ENEYO NORTH,,PHC IKOT EKPO,,,,,,,
1829,SSZ,CROSS RIVER,AKPABUYO,ENEYO SOUTH,,IKOT ASUQUO AFFIONG ANTE PHC,,,,,,,
1830,SSZ,CROSS RIVER,AKPABUYO,IDUNDU/ANYAGASE,,IDUNDU PRIMARY HEALTH CENTRE,,,,,,,
1831,SSZ,CROSS RIVER,AKPABUYO,IKOT EDEM ODO,,IKOT EDEM ODO PRIMARY HEALTH CENTRE,,,,,,,
1832,SSZ,CROSS RIVER,AKPABUYO,IKOT EYO,,IFIANG KING DUKE HEALTH CENTRE,,,,,,,
1833,SSZ,CROSS RIVER,AKPABUYO,IKOT NAKANDA,,IKOT NAKANDA PRIMARY HEALTH CENTRE,,,,,,,
1834,SSZ,CROSS RIVER,BAKASSI,ABANA,,NSIDUNG PRIMARY HEALTH CARE CENTRE,,,,,,,
1835,SSZ,CROSS RIVER,BAKASSI,AKPANKAYAN,,ESIGHI PHC,,,,,,,
1836,SSZ,CROSS RIVER,BAKASSI,AKWA,,EKPENE ESUK,,,,,,,
1837,SSZ,CROSS RIVER,BAKASSI,AMBAI EKPA,,EKPRI IKANG PRIMARY HEALTH CENTRE,,,,,,,
1838,SSZ,CROSS RIVER,BAKASSI,AMOTO,,IKANG PRIMARY HEALTH CENTRE BAKASSI,,,,,,,
1839,SSZ,CROSS RIVER,BAKASSI,ARCHIBONG,,INE ABASI HEALTH POST,,,,,,,
1840,SSZ,CROSS RIVER,BAKASSI,ATAI EMA,,ABAKPA HEALTH CENTRE,,,,,,,
1841,SSZ,CROSS RIVER,BAKASSI,EFUT IWANG,,IKOT IWANG HEALTH CENTRE,,,,,,,
1842,SSZ,CROSS RIVER,BAKASSI,EKPOT ABIA,,IFIANG NSUNG PRIMARY HEALTH CENTRE,,,,,,,
1843,SSZ,CROSS RIVER,BAKASSI,ODIONG,,IFIANG AYONG HEALTH POST,,,,,,,
1844,SSZ,CROSS RIVER,BEKWARRA,ABUOCHICHE,,ABUACHICHE MODEL PRIMARY HEALTH CENTRE,,,,,,,
1845,SSZ,CROSS RIVER,BEKWARRA,AFRIKE OCHAGBE,,AFRIKE OCHAGBE PRIMARY HEALTH CENTRE,,,,,,,
1846,SSZ,CROSS RIVER,BEKWARRA,AFRIKE OKKPECHE,,OKPECHE HEALTH CENTRE,,,,,,,
1847,SSZ,CROSS RIVER,BEKWARRA,BETEN,,BETEN PRIMARY HEALTH CENTER,,,,,,,
1848,SSZ,CROSS RIVER,BEKWARRA,GAKEM,,GAKEM PRIMARY HEALTH CENTRE,,,,,,,
1849,SSZ,CROSS RIVER,BEKWARRA,IBIARAGIDI,,IBIARAGIDI PHC,,,,,,,
1850,SSZ,CROSS RIVER,BEKWARRA,NYANYA,,NYANYA 1 PRIMARY HEALTH CENTRE,,,,,,,
1851,SSZ,CROSS RIVER,BEKWARRA,OTUKPURU,,OTUKPURU PRIMARY HEALTH CENTRE,,,,,,,
1852,SSZ,CROSS RIVER,BEKWARRA,UGBORO,,UGBORO PRIMARY HEALTH CENTER,,,,,,,
1853,SSZ,CROSS RIVER,BEKWARRA,UKPAH,,UKPAH PRIMARY HEALTH CENTRE,,,,,,,
1854,SSZ,CROSS RIVER,BIASE,ABAYONG,,IJOM PRIMARY HEALTH CENTRE,,,,,,,
1855,SSZ,CROSS RIVER,BIASE,ADIM,,ADIM PRIMARY HEALTH CENTER,,,,,,,
1856,SSZ,CROSS RIVER,BIASE,AGWAGUNE/OKURIKE,,AGWAGUNE PRIMARY HEALTH CENTRE,,,,,,,
1857,SSZ,CROSS RIVER,BIASE,AKPET/ABINI,,AKPET 1 PRIMARY HEALTH CENTRE,,,,,,,
1858,SSZ,CROSS RIVER,BIASE,EHOM,,IWURU PRIMARY HEALTH CENTRE,,,,,,,
1859,SSZ,CROSS RIVER,BIASE,EREI NORTH,,IPENE PRIMARY HEALTH CENTRE,,,,,,,
1860,SSZ,CROSS RIVER,BIASE,EREI SOUTH,,ABANWAN,,,,,,,
1861,SSZ,CROSS RIVER,BIASE,IKUN/ETONO,,IKUN PRIMARY HEALTH CENTRE,,,,,,,
1862,SSZ,CROSS RIVER,BIASE,UMON NORTH,,IKOT OKPORA PRIMARY HEALTH CENTRE,,,,,,,
1863,SSZ,CROSS RIVER,BIASE,UMON SOUTH,,UMON ISLAND HEALTH POST,,,,,,,
1864,SSZ,CROSS RIVER,BOKI,ABO,,ABO EBAM PRIMARY HEALTH CENTRE,,,,,,,
1865,SSZ,CROSS RIVER,BOKI,ALANKWU,,BATERIKO COMPREHENSIVE HEALTH CENTRE,,,,,,,
1866,SSZ,CROSS RIVER,BOKI,BEEBO - BUMAJI,,KAKWE BEEBO HEALTH CENTRE,,,,,,,
1867,SSZ,CROSS RIVER,BOKI,BOJE,,ENYI BOJE PRIMARY HEALTH CENTRE,,,,,,,
1868,SSZ,CROSS RIVER,BOKI,BUDA,,KATCHUAN IRUAN I PRIMARY HEALTH CENTRE,,,,,,,
1869,SSZ,CROSS RIVER,BOKI,BUENTSEBE,,WULA PRIMARY HEALTH CENTRE,,,,,,,
1870,SSZ,CROSS RIVER,BOKI,BUNYIA/OKUBUCHI,,BUNYIA PRIMARY HEALTH CENTRE,,,,,,,
1871,SSZ,CROSS RIVER,BOKI,EKPASHI,,NTAMANTE PRIMARY HEALTH CENTRE,,,,,,,
1872,SSZ,CROSS RIVER,BOKI,KAKWAGOM/BAWOP,,KATAGWOM PRIMARY HEALTH CENTER,,,,,,,
1873,SSZ,CROSS RIVER,BOKI,OGEP OSOKOM,,OKUNDI COMPREHENSIVE HEALTH CENTRE,,,,,,,
1874,SSZ,CROSS RIVER,BOKI,OKU/BORUM/NJUA,,OKUBUSHUYU PRIMARY HEALTH CENTRE,,,,,,,
1875,SSZ,CROSS RIVER,CALABAR MUNICIPAL,EIGHT,,IKOT ANSA PRIMARY HEALTH CENTRE,,,,,,,
1876,SSZ,CROSS RIVER,CALABAR MUNICIPAL,FIVE,,DIAMOND HILL HEALTH CENTRE,,,,,,,
1877,SSZ,CROSS RIVER,CALABAR MUNICIPAL,FOUR,,BIG QUA PRIMARY HEALTH CENTRE,,,,,,,
1878,SSZ,CROSS RIVER,CALABAR MUNICIPAL,NINE,,IKOT EFFANGA PRIMARY HEALTH CENTER,,,,,,,
1879,SSZ,CROSS RIVER,CALABAR MUNICIPAL,ONE,,AKIM PRIMARY HEALTH CENTRE,,,,,,,
1880,SSZ,CROSS RIVER,CALABAR MUNICIPAL,SEVEN,,KASUK HEALTH CENTRE,,,,,,,
1881,SSZ,CROSS RIVER,CALABAR MUNICIPAL,SIX,,IKOT ISHIE HEALTH CENTER,,,,,,,
1882,SSZ,CROSS RIVER,CALABAR MUNICIPAL,TEN,,IKOT OMIN PRIMARY HEALTH CENTRE POLY CLINIC,,,,,,,
1883,SSZ,CROSS RIVER,CALABAR MUNICIPAL,THREE,,EDIBA QUA PRIMARY HEALTH CENTER,,,,,,,
1884,SSZ,CROSS RIVER,CALABAR MUNICIPAL,TWO,,PHC EDIM OTOP,,,,,,,
1885,SSZ,CROSS RIVER,CALABAR SOUTH,EIGHT,,ESIEREBOM PRIMRY HEALTH CENTRE,,,,,,,
1886,SSZ,CROSS RIVER,CALABAR SOUTH,ELEVEN,,ANANTIGHA PRIMARY HEALTH CENTRE,,,,,,,
1887,SSZ,CROSS RIVER,CALABAR SOUTH,FIVE,,"HENSHAW TOWN HALL, EWA EKENG PHC",,,,,,,
1888,SSZ,CROSS RIVER,CALABAR SOUTH,FOUR,,ANDERSON PRIMARY HEALTH CENTRE,,,,,,,
1889,SSZ,CROSS RIVER,CALABAR SOUTH,NINE,,NYSC COMMUNITY HEALTH CENTRE,,,,,,,
1890,SSZ,CROSS RIVER,CALABAR SOUTH,ONE,,BOGOBRI HEALTH POST,,,,,,,
1891,SSZ,CROSS RIVER,CALABAR SOUTH,SEVEN,,EDGERLY ROAD HEALTH POST,,,,,,,
1892,SSZ,CROSS RIVER,CALABAR SOUTH,SIX,,MARY MAGDALEN HEALTH POST,,,,,,,
1893,SSZ,CROSS RIVER,CALABAR SOUTH,TEN,,NELSON MANDELLA PRIMARY HEALTH CENTRE,,,,,,,
1894,SSZ,CROSS RIVER,CALABAR SOUTH,THREE,,MORE ROAD FAMILY HEALTH CLINIC,,,,,,,
1895,SSZ,CROSS RIVER,CALABAR SOUTH,TWELVE,,EKPO ABASI PRIMARY HEALTH CENTRE,,,,,,,
1896,SSZ,CROSS RIVER,CALABAR SOUTH,TWO,,EYAMBA HEALTH POST,,,,,,,
1897,SSZ,CROSS RIVER,ETUNG,ABIA,,ABIA PRIMARY HEALTH CENTRE,,,,,,,
1898,SSZ,CROSS RIVER,ETUNG,ABIJANG,,ABIJANG PRIMARY HEALTH CENTRE,,,,,,,
1899,SSZ,CROSS RIVER,ETUNG,AGBOKIM,,AGBOKIM PRIMARY HEALTH CENTER,,,,,,,
1900,SSZ,CROSS RIVER,ETUNG,AJASSOR,,AJASSOR PRIMARY HEALTH CENTER,,,,,,,
1901,SSZ,CROSS RIVER,ETUNG,BENDEGHE,,BENDEGHE EKIEM COMPREHENSIVE HEALTH CENTRE,,,,,,,
1902,SSZ,CROSS RIVER,ETUNG,EFFRAYA,,EFFRAYA PRIMARY HEALTH CENTRE,,,,,,,
1903,SSZ,CROSS RIVER,ETUNG,ETOMI,,ETOMI PRIMARY HEALTH CENTER,,,,,,,
1904,SSZ,CROSS RIVER,ETUNG,ITAKA,,ITAKA PRIMARY HEALTH CENTRE,,,,,,,
1905,SSZ,CROSS RIVER,ETUNG,MKPOT,,MKPOT PRIMARY HEALTH CENTRE,,,,,,,
1906,SSZ,CROSS RIVER,ETUNG,NSOFANG,,NSOFANG PRIMARY HEALTH CENTRE,,,,,,,
1907,SSZ,CROSS RIVER,IKOM,ABAYUM,,EDOR PRIMARY HEALTH CARE CENTER,,,,,,,
1908,SSZ,CROSS RIVER,IKOM,AKPARABONG,,AKPARABONG PRIMARY HEALTH CENTER,,,,,,,
1909,SSZ,CROSS RIVER,IKOM,IKOM URBAN I,,IKOM URBAN COMPREHENSIVE HEALTH CENTRE,,,,,,,
1910,SSZ,CROSS RIVER,IKOM,IKOM URBAN II,,ADIJINKPOR PRIMARY HEALTH CENTER,,,,,,,
1911,SSZ,CROSS RIVER,IKOM,NDE,,NDE PRIMARY HEALTH CENTRE,,,,,,,
1912,SSZ,CROSS RIVER,IKOM,NNAM,,EMANGABE PRIMARY HEALTH CENTRE,,,,,,,
1913,SSZ,CROSS RIVER,IKOM,NTA/NSELLE,,OFUN NTA PRIMARY HEALTH CENTRE,,,,,,,
1914,SSZ,CROSS RIVER,IKOM,OFUTOP I,,EKPOKPA PRIMARY HEALTH CENTER,,,,,,,
1915,SSZ,CROSS RIVER,IKOM,OFUTOP II,,AGBARAGBA PRIMARY HEALTH CENTRE,,,,,,,
1916,SSZ,CROSS RIVER,IKOM,OLULUMO,,OKUNI OLULOMU PRIMARY HEALTH CENTRE,,,,,,,
1917,SSZ,CROSS RIVER,IKOM,YALA/NKUM,,PRIMARY HEALTH CARE CENTER YALA NKUM,,,,,,,
1918,SSZ,CROSS RIVER,OBANLIKU,BASANG,,BAYATU HEALTH,,,,,,,
1919,SSZ,CROSS RIVER,OBANLIKU,BEBI,,MATERNAL AND CHILD HEALTH CENTER SANKWALA,,,,,,,
1920,SSZ,CROSS RIVER,OBANLIKU,BECHEVE,,RANCH PRIMARY HEALTH CENTRE,,,,,,,
1921,SSZ,CROSS RIVER,OBANLIKU,BENDI I,,AKORSHI MODEL PRIMARY HEALTH CENTER,,,,,,,
1922,SSZ,CROSS RIVER,OBANLIKU,BENDI II,,BENDI HEALTH CENTRE,,,,,,,
1923,SSZ,CROSS RIVER,OBANLIKU,BISHIRI NORTH,,SHIKPECHE HEALTH CENTRE,,,,,,,
1924,SSZ,CROSS RIVER,OBANLIKU,BISHIRI SOUTH,,UTUHU PRIMARY HEALTH CENTRE,,,,,,,
1925,SSZ,CROSS RIVER,OBANLIKU,BISU,,BAYAYAM HEALTH CENTRE,,,,,,,
1926,SSZ,CROSS RIVER,OBANLIKU,BUSI,,BUSI 3 HEALTH CENTRE,,,,,,,
1927,SSZ,CROSS RIVER,OBANLIKU,UTANGA,,UTANGA PRIMARY HEALTH CENTRE,,,,,,,
1928,SSZ,CROSS RIVER,OBUBRA,ABABENE,,OBUBRA ABABENE MODEL PRIMARY HEALTH CENTRE,,,,,,,
1929,SSZ,CROSS RIVER,OBUBRA,APIAPUM,,APIAPUM HEALTH CENTRE,,,,,,,
1930,SSZ,CROSS RIVER,OBUBRA,IYAMOYONG,,IYAMOYONG HEALTH CENTRE,,,,,,,
1931,SSZ,CROSS RIVER,OBUBRA,OBUBRA URBAN,,OBUBRA MATERNAL AND CHILD HEALTH CARE,,,,,,,
1932,SSZ,CROSS RIVER,OBUBRA,OCHON,,OCHON HEALTH CENTRE,,,,,,,
1933,SSZ,CROSS RIVER,OBUBRA,OFAT,,OFAT,,,,,,,
1934,SSZ,CROSS RIVER,OBUBRA,OFODUA,,OFODUA HEALTH CENTRE,,,,,,,
1935,SSZ,CROSS RIVER,OBUBRA,OFUMBONGHA/YALA,,OFUMBONGHA HEALTH CENTRE,,,,,,,
1936,SSZ,CROSS RIVER,OBUBRA,OSOPONG I,,OGURUDE HEALTH CENTRE,,,,,,,
1937,SSZ,CROSS RIVER,OBUBRA,OSOPONG II,,ISOBO HEALTH CENTRE,,,,,,,
1938,SSZ,CROSS RIVER,OBUBRA,OVONUM,,OFAT PRIMARY HEALTH CENTRE,,,,,,,
1939,SSZ,CROSS RIVER,OBUDU,ALEGE/UBANG,,ALEGE HEALTH CENTRE,,,,,,,
1940,SSZ,CROSS RIVER,OBUDU,ANGIABA/BEGIAKA,,IBONG HEALTH CENTRE,,,,,,,
1941,SSZ,CROSS RIVER,OBUDU,BEGIADING,,OHONG HEALTH CENTRE,,,,,,,
1942,SSZ,CROSS RIVER,OBUDU,IPONG,,BEBUABIE PRIMARY HEALTH CENTRE,,,,,,,
1943,SSZ,CROSS RIVER,OBUDU,OBUDU URBAN I,,PRIMARY HEALTH CENTRE,,,,,,,
1944,SSZ,CROSS RIVER,OBUDU,OBUDU URBAN II,,UKWEL OBUDU HEALTH CENTRE,,,,,,,
1945,SSZ,CROSS RIVER,OBUDU,UKPE,,UKPE HEALTH CENTRE,,,,,,,
1946,SSZ,CROSS RIVER,OBUDU,UTUGWANG CENTRAL,,UTUKWANG HEALTH CENTER,,,,,,,
1947,SSZ,CROSS RIVER,OBUDU,UTUGWANG NORTH,,UKWUTIA MODEL PRIMARY HEALTH CENTRE,,,,,,,
1948,SSZ,CROSS RIVER,OBUDU,UTUGWNAG SOUTH,,HEALTH POST OKONOGUNG,,,,,,,
1949,SSZ,CROSS RIVER,ODUKPANI,ADIABO/EFUT,,ADIABO OKURIKANG HEALTH CENTRE,,,,,,,
1950,SSZ,CROSS RIVER,ODUKPANI,AKAMKPA,,AKPAP OKOYONG PRIMARY HEALTH CENTRE,,,,,,,
1951,SSZ,CROSS RIVER,ODUKPANI,CREEK-TOWN 1,,CREEK TOWN PRIMARY HEALTH CENTRE,,,,,,,
1952,SSZ,CROSS RIVER,ODUKPANI,CREEK-TOWN II,,URUA UYO HEALTH CENTRE,,,,,,,
1953,SSZ,CROSS RIVER,ODUKPANI,EKI,,ATAN EKI,,,,,,,
1954,SSZ,CROSS RIVER,ODUKPANI,EKORI/ANAKU,,OKURIKANG HEALTH CENTRE,,,,,,,
1955,SSZ,CROSS RIVER,ODUKPANI,ENIONG,,ATAN ONOYOM PRIMARY HEALTH CENTRE,,,,,,,
1956,SSZ,CROSS RIVER,ODUKPANI,IKONETO,,IKONETO HEALTH CENTRE,,,,,,,
1957,SSZ,CROSS RIVER,ODUKPANI,ITO/IDERE/UKWA,,UKAN IBON,,,,,,,
1958,SSZ,CROSS RIVER,ODUKPANI,OBOMITIAT/MBIABO/EDIONG,,OBOM ITIAT,,,,,,,
1959,SSZ,CROSS RIVER,ODUKPANI,ODOT,,USUNG ESUK PRIMARY HEALTH CENTRE,,,,,,,
1960,SSZ,CROSS RIVER,ODUKPANI,ODUKPANI CENTRAL,,PRIMARY HEALTH CENTRE ODUKPANI CENTRAL,,,,,,,
1961,SSZ,CROSS RIVER,ODUKPANI,ONIMAN-RIONG,,OKOYONGUSANG ABASI HEALTH CENTRE,,,,,,,
1962,SSZ,CROSS RIVER,OGOJA,EKAJUK I,,BANSARA PRIMARY HEALTH CENTRE,,,,,,,
1963,SSZ,CROSS RIVER,OGOJA,EKAJUK II,,NWANG PRIMARY HEALTH CENTRE,,,,,,,
1964,SSZ,CROSS RIVER,OGOJA,MBUBE EAST I,,OJIRIM PRIMARY HEALTH CENTER,,,,,,,
1965,SSZ,CROSS RIVER,OGOJA,MBUBE EAST II,,ARAGBAM PRIMARY HEALTH CENTRE,,,,,,,
1966,SSZ,CROSS RIVER,OGOJA,MBUBE WEST I,,EKUMTAK PRIMARY HEALTH CENTRE,,,,,,,
1967,SSZ,CROSS RIVER,OGOJA,MBUBE WEST II,,BANSAN PRIMARY HEALTH CENTRE,,,,,,,
1968,SSZ,CROSS RIVER,OGOJA,NKUM IBORR,,UKPE PRIMARY HEALTH CENTRE,,,,,,,
1969,SSZ,CROSS RIVER,OGOJA,NKUM IREDE,,IBIL PRIMARY HEALTH CENTRE,,,,,,,
1970,SSZ,CROSS RIVER,OGOJA,OGOJA URBAN I,,MATERNAL AND CHILD HEALTH OGOJA,,,,,,,
1971,SSZ,CROSS RIVER,OGOJA,OGOJA URBAN II,,OGBOJA HEALTH POST,,,,,,,
1972,SSZ,CROSS RIVER,YAKURR,ABANAKPAI,,OKOMASI PRIMARY HEALTH CENTRE,,,,,,,
1973,SSZ,CROSS RIVER,YAKURR,AFREKPE/EKPENTI,,EPENTI PRIMARY HEALTH CENTRE,,,,,,,
1974,SSZ,CROSS RIVER,YAKURR,AJERE,,PHC AJERE,,,,,,,
1975,SSZ,CROSS RIVER,YAKURR,ASSIGA,,ASSIGA PRIMARY HEALTH CENTRE,,,,,,,
1976,SSZ,CROSS RIVER,YAKURR,BIKO BIKO,,PRIMARY HEALTHCARE CENTER UGEP,,,,,,,
1977,SSZ,CROSS RIVER,YAKURR,IDOMI,,IDOMI PRIMARY HEALTH CENTRE,,,,,,,
1978,SSZ,CROSS RIVER,YAKURR,IJIMAN,,IJIMAN PRIMARY HEALTH CENTRE,,,,,,,
1979,SSZ,CROSS RIVER,YAKURR,IJOM,,KETABEBE HEALTH POST,,,,,,,
1980,SSZ,CROSS RIVER,YAKURR,IKPAKAPIT,,YENON PRIMARY HEALTHCARE CENTER,,,,,,,
1981,SSZ,CROSS RIVER,YAKURR,INYIMA,,INYIMA PRIMARY HEALTH CENTRE,,,,,,,
1982,SSZ,CROSS RIVER,YAKURR,MKPANI/AGOI,,MKPANI PHC,,,,,,,
1983,SSZ,CROSS RIVER,YAKURR,NKPOLO/UKPAWEN,,NKO PRIMARY HEALTH CENTRE,,,,,,,
1984,SSZ,CROSS RIVER,YAKURR,NTAN,,EKORI PHC,,,,,,,
1985,SSZ,CROSS RIVER,YALA,ECHUMOFANA,,ECHUMOFANA PRIMARY HEALTH CENTRE,,,,,,,
1986,SSZ,CROSS RIVER,YALA,GABU,,GABU PRIMARY HEALTH CENTRE,,,,,,,
1987,SSZ,CROSS RIVER,YALA,IGEDE,,ANYUGBE PRIMARY HEALTH CENTRE ,,,,,,,
1988,SSZ,CROSS RIVER,YALA,IJERAGA,,IJIRAGA PRIMARY HEALTH CENTRE,,,,,,,
1989,SSZ,CROSS RIVER,YALA,NJRIGOM/MFUMA,,MFUMA PRIMARY HEALTH  CENTRE,,,,,,,
1990,SSZ,CROSS RIVER,YALA,OKPOMA,,OLACHOR PRIMARY HEALTH CENTRE,,,,,,,
1991,SSZ,CROSS RIVER,YALA,OKUKU,,YALA WOMEN HEALTH CENTRE,,,,,,,
1992,SSZ,CROSS RIVER,YALA,OOH,,OBA COMPREHENSIVE HEALTH CENTRE,,,,,,,
1993,SSZ,CROSS RIVER,YALA,UGAGA,Igede,UGAGA  PRIMARY HEALTH CENTRE,,,,,,,
1994,SSZ,CROSS RIVER,YALA,WANIHEM,,WANIHEM PRIMARY HEALTH CENTER,,,,,,,
1995,SSZ,CROSS RIVER,YALA,WANIKDADE,,BIKELLE HEALTH CENTRE,,,,,,,
1996,SSZ,CROSS RIVER,YALA,WANOKOM,,WANOKOM HEALTH CENTRE,,,,,,,
1997,SSZ,CROSS RIVER,YALA,YACHE,,WONYE PRIMARY HEALTH CENTRE,,,,,,,
1998,SSZ,CROSS RIVER,YALA,YAHE,,IPUOLE EBO PRIMARY HEALTH CENTRE,,,,,,,
1999,SSZ,DELTA,ANIOCHA NORTH,EZI,EZI,EZI PHC,,,,,,,
2000,SSZ,DELTA,ANIOCHA NORTH,IDUMUJE-UNOR,IDUMUJE,IDUMUJE UGBOKO PHC,,,,,,,
2001,SSZ,DELTA,ANIOCHA NORTH,ISSELE-AZAGBA,ISSELE MKPITIME,ISSELE-AZAGBA PHC,,,,,,,
2002,SSZ,DELTA,ANIOCHA NORTH,ISSELE-UKU 1,ISSELE UKU I,URBAN PHC ISSELE UKU 1,,,,,,,
2003,SSZ,DELTA,ANIOCHA NORTH,ISSELE-UKU 11,ISSELE UKU 2,ISSELE-UKU URBAN PHC,,,,,,,
2004,SSZ,DELTA,ANIOCHA NORTH,OBIOR,OBIOR/ONICHA UKU,ONICHA -UKU PHC,,,,,,,
2005,SSZ,DELTA,ANIOCHA NORTH,OBOMKPA,UGBOBA,UGBOBA PHC,,,,,,,
2006,SSZ,DELTA,ANIOCHA NORTH,OBOMKPA,OBOMKPA,OBOMKPA PHC,,,,,,,
2007,SSZ,DELTA,ANIOCHA NORTH,ONICHA OLONA,ONOCHA OLONA,ONICHA-OLONA PHC,,,,,,,
2008,SSZ,DELTA,ANIOCHA NORTH,ONICHA-UGBO,ONICHA UGBO,ONICHA-UGBO,,,,,,,
2009,SSZ,DELTA,ANIOCHA NORTH,UKWU-NZU,UKWU NZU,UKWU-NZU PHC,,,,,,,
2010,SSZ,DELTA,ANIOCHA SOUTH,ABA-UNOR,ADONTE,PHC ADONTE,,,,,,,
2011,SSZ,DELTA,ANIOCHA SOUTH,EJEME,EJEME,EJEME ANIOGOR PHC,,,,,,,
2012,SSZ,DELTA,ANIOCHA SOUTH,ISHEAGU-EWULU,EWULU,EWULU PHC,,,,,,,
2013,SSZ,DELTA,ANIOCHA SOUTH,NSUKWA,NSUKWA,PHC NSUKWA,,,,,,,
2014,SSZ,DELTA,ANIOCHA SOUTH,OGWASHI-UKU I,AGIDIASE,PHC - OGWASHI-UKU,,,,,,,
2015,SSZ,DELTA,ANIOCHA SOUTH,OGWASHI-UKU II,UMUDEI,PHC AZAGBA - OGWASHI,,,,,,,
2016,SSZ,DELTA,ANIOCHA SOUTH,OGWASHI-UKU VILLAGE,OTULU,PHC OTULU,,,,,,,
2017,SSZ,DELTA,ANIOCHA SOUTH,UBULU OKITI,UBULU OKITI,PHC UBULU-OKITI,,,,,,,
2018,SSZ,DELTA,ANIOCHA SOUTH,UBULU-UKU I,UBULU UKU,PHC UBULU-UKU,,,,,,,
2019,SSZ,DELTA,ANIOCHA SOUTH,UBULU-UNOR,UBULU UNOR,PHC UBULU-UNOR,,,,,,,
2020,SSZ,DELTA,BOMADI,AKUGBENE 1,AKUGBENE,AKUGBENE PHC,,,,,,,
2021,SSZ,DELTA,BOMADI,BOMADI,BOMADI,BOMADI PHC,,,,,,,
2022,SSZ,DELTA,BOMADI,ESANMA,ESANMA,ESANMA PHC,,,,,,,
2023,SSZ,DELTA,BOMADI,KALAFIOGBENE / EKAMETAGBENE,EKAMTAGBENE,EKAMTAGBENE PHC,,,,,,,
2024,SSZ,DELTA,BOMADI,KPAKIAMA,KPAKIAMA,KPAKIAMA PHC,,,,,,,
2025,SSZ,DELTA,BOMADI,OGBEINAMA/OKOLOBA,OGBEINAMA,OGBEIN-AMA PHC,,,,,,,
2026,SSZ,DELTA,BOMADI,OGO-EZE P/S OGO-EZE,OGOEZE,OGOEZE PHC (EZEMBIRI),,,,,,,
2027,SSZ,DELTA,BOMADI,OGRIA GBENE,OGRIAGBENE,OGRIAGBENE PHC,,,,,,,
2028,SSZ,DELTA,BURUTU,BOLOUNDORO,BOLOU NDORO,EKOGBENE PHC,,,,,,,
2029,SSZ,DELTA,BURUTU,NGBILEBIRI 1,NGBILEBIRI,AYAKOROMO PHC,,,,,,,
2030,SSZ,DELTA,BURUTU,NGBILEBIRI I,KIAGODO,KIAGBODO PHC,,,,,,,
2031,SSZ,DELTA,BURUTU,OBOTEBE,OBOTEBE,OBOTEBE PHC,,,,,,,
2032,SSZ,DELTA,BURUTU,OGBOLIBIRI,EGODOR,EGODOR PHC,,,,,,,
2033,SSZ,DELTA,BURUTU,OGULAGHA,OGULAGHA,SOKEBOLU PHC,,,,,,,
2034,SSZ,DELTA,BURUTU,OJOBO,OJOBO,OJOBO PHC,,,,,,,
2035,SSZ,DELTA,BURUTU,SEIMBIRI,ESEINBIRI,OKPOKUNOU PHC,,,,,,,
2036,SSZ,DELTA,BURUTU,TAMIGBE,TAMIGBE,TAMIGBE PHC,,,,,,,
2037,SSZ,DELTA,BURUTU,TORUGBENE,TORUGBENE,TORUGBENE PHC,,,,,,,
2038,SSZ,DELTA,BURUTU,TUOMO,TUOMA,TUOMO PHC,,,,,,,
2039,SSZ,DELTA,ETHIOPE EAST,ABRAKA 1,ABRAKA 1,ABRAKA PHC,,,,,,,
2040,SSZ,DELTA,ETHIOPE EAST,ABRAKA 11,ABRAKA 2 (EGBO),SAMAGIDI PHC,,,,,,,
2041,SSZ,DELTA,ETHIOPE EAST,ABRAKA 111,EKU (ABRAKA 3),ORHONO PHC,,,,,,,
2042,SSZ,DELTA,ETHIOPE EAST,AGBON 1,IGUN(AGBON 1),OKPARA WATERSIDE PHC,,,,,,,
2043,SSZ,DELTA,ETHIOPE EAST,AGBON 11,ISIOKOLO (AGBON II),ISIOKOLO PHC,,,,,,,
2044,SSZ,DELTA,ETHIOPE EAST,AGBON 111,KOKORI (AGBON III),KOKORI PHC,,,,,,,
2045,SSZ,DELTA,ETHIOPE EAST,AGBON IV,OKPARA (AGBON 4),OKPARA INLAND PHC,,,,,,,
2046,SSZ,DELTA,ETHIOPE EAST,AGBON V,AGBON V,URHUOKPE PHC,,,,,,,
2047,SSZ,DELTA,ETHIOPE EAST,AGBON VI,AGBON VI,ORIA PHC,,,,,,,
2048,SSZ,DELTA,ETHIOPE EAST,AGBON VII,AGBON VII,OVU PHC,,,,,,,
2049,SSZ,DELTA,ETHIOPE EAST,AGBON VIII,AGBON VIII,ORHUOVIE PHC,,,,,,,
2050,SSZ,DELTA,ETHIOPE WEST,JESSE I,JESSE 1,IRHODO MODEL PHC,,,,,,,
2051,SSZ,DELTA,ETHIOPE WEST,JESSE 2,JESSE I,JESSE PHC,,,,,,,
2052,SSZ,DELTA,ETHIOPE WEST,JESSE III,JESSE 3,UGBOMOYA PHC,,,,,,,
2053,SSZ,DELTA,ETHIOPE WEST,JESSE IV,JESSE 4,ONYOBRU PHC,,,,,,,
2054,SSZ,DELTA,ETHIOPE WEST,MOSOGAR 1,MOSOGAR 1,MOSOGAR PHC,,,,,,,
2055,SSZ,DELTA,ETHIOPE WEST,MOSOGAR II,MOISOGAR 2,UGBOKPA PHC,,,,,,,
2056,SSZ,DELTA,ETHIOPE WEST,OGHARA I,OGHAREKI 1,OGHAREKI- PHC,,,,,,,
2057,SSZ,DELTA,ETHIOPE WEST,OGHARA II,OGHAREFE 1,IJOMI PHC,,,,,,,
2058,SSZ,DELTA,ETHIOPE WEST,OGHARA II,OGHAREFE 2,OGHAREFE,,,,,,,
2059,SSZ,DELTA,ETHIOPE WEST,OGHARA V ,OGHARA WARD   11,OVADE PHC,,,,,,,
2060,SSZ,DELTA,ETHIOPE WEST,OGHARA II,OGHAREKI 2,OGHAREKI MODEL PHC,,,,,,,
2061,SSZ,DELTA,IKA NORTH EAST,AKUMAZI,AKUMAZI,AKUMAZI PHC,,,,,,,
2062,,DELTA,IKA NORTH EAST,"BOJI-BOJI, OWA I","BOJI-BOJI, OWA I","BOJI-BOJI, OWA I PHC",,,,,,,
2063,SSZ,DELTA,IKA NORTH EAST,IDUMUESAH,IDUMUESAH,IDUMUESAH PHC,,,,,,,
2064,SSZ,DELTA,IKA NORTH EAST,IGBODO,IGBODO,IGBODO PHC,,,,,,,
2065,SSZ,DELTA,IKA NORTH EAST,MBIRI,MBIRI,MBIRI PHC,,,,,,,
2066,SSZ,DELTA,IKA NORTH EAST,OTOLOKPO,OTOLOKPO,OTOLOKPO PHC,,,,,,,
2067,SSZ,DELTA,IKA NORTH EAST,OWA V,OWANTA,OWANTA PHC,,,,,,,
2068,SSZ,DELTA,IKA NORTH EAST,OWA VI,OWA-ALIZOMOR,OWA-ALIZOMOR,,,,,,,
2069,SSZ,DELTA,IKA NORTH EAST,OWA-ALERO,OWA- ALERO,OWA- ALERO,,,,,,,
2070,SSZ,DELTA,IKA NORTH EAST,OWA-OYIBU,OWA OYIBU,OWA OYIBU,,,,,,,
2071,SSZ,DELTA,IKA NORTH EAST,UMUNEDE,OMUNEDE,UMUNEDE PHC,,,,,,,
2072,SSZ,DELTA,IKA NORTH EAST,UTE-OGBEJE,UTE-OGBEJE,UTE-OGBEJE PHC,,,,,,,
2073,SSZ,DELTA,IKA NORTH EAST,UTE-OKPU,UTE-OKPU,UTE-OKPU PHC,,,,,,,
2074,SSZ,DELTA,IKA SOUTH,ABAVO I,OYOKO (ABAVO 1),OYOKO PHC,,,,,,,
2075,SSZ,DELTA,IKA SOUTH,ABAVO II,UDOMI (ABAVO 2),UDOMI ALIZOMOR,,,,,,,
2076,SSZ,DELTA,IKA SOUTH,ABAVO III,ABAVO CENTRAL,IGBOGILI PHC,,,,,,,
2077,SSZ,DELTA,IKA SOUTH,AGBOR TOWN I,AGBOR OBI 1,AGBOR-OBI PHC,,,,,,,
2078,SSZ,DELTA,IKA SOUTH,AGBOR TOWN II,AGBOR OBI 2,AGBOR OBI HEALTH FACILITY,,,,,,,
2079,SSZ,DELTA,IKA SOUTH,BOJI-BOJI I,BOJI-BOJI AGBOR 7,MODEL PHC,,,,,,,
2080,SSZ,DELTA,IKA SOUTH,BOJI-BOJI III,EMUHU,EMUHU PHC,,,,,,,
2081,SSZ,DELTA,IKA SOUTH,EKUKU AGBOR,EKUKU AGBOR,EKUKU AGBOR PHC,,,,,,,
2082,SSZ,DELTA,IKA SOUTH,IHUN IYASE II,AGBOR NTA,ALIHAME PHC,,,,,,,
2083,SSZ,DELTA,IKA SOUTH,IHUN IYASE I,ALIHAGU,ALIHAGWU PHC,,,,,,,
2084,SSZ,DELTA,IKA SOUTH,OZANOGO/IHU/OZOMOR,OZANOGOGO/IHU/OZOMOR,EBUDO/OZANOGOGO PHC,,,,,,,
2085,SSZ,DELTA,ISOKO NORTH,ELLU/ARADHE/OVRODE,ELLU,ELLU PHC,,,,,,,
2086,SSZ,DELTA,ISOKO NORTH,EMEVOR,EMEVOR,EMEVOR PHC,,,,,,,
2087,SSZ,DELTA,ISOKO NORTH,IYEDE I,IYEDE 1,OTOR-IYEDE,,,,,,,
2088,SSZ,DELTA,ISOKO NORTH,IYEDE II,IYEDE 2,EKIUGBO-IYEDE PHC,,,,,,,
2089,SSZ,DELTA,ISOKO NORTH,OFAGBE,OFAGBE,OFAGBE PHC,,,,,,,
2090,SSZ,DELTA,ISOKO NORTH,OKPE-ISOKO,OKPE ISOKO,OKPE-ISOKO PHC,,,,,,,
2091,SSZ,DELTA,ISOKO NORTH,OTIBIO,OTIBIO,OTIBIO PHC,,,,,,,
2092,SSZ,DELTA,ISOKO NORTH,OTOR-OWHE/AKIEHWE,OTOR OWHE,OTOR OWHE,,,,,,,
2093,SSZ,DELTA,ISOKO NORTH,OWHELOGBO,OWHE 1,OWHELOGBO PHC,,,,,,,
2094,SSZ,DELTA,ISOKO NORTH,OYEDE,OYEDE,OYEDE PHC,,,,,,,
2095,SSZ,DELTA,ISOKO NORTH,OZORO I,OZORO 1,URUTO PHC,,,,,,,
2096,SSZ,DELTA,ISOKO NORTH,OZORO II,OZORO 2,EROVIE PHC,,,,,,,
2097,SSZ,DELTA,ISOKO NORTH,OZORO III,OZORO 3,OZORO PHC,,,,,,,
2098,SSZ,DELTA,ISOKO SOUTH,AVIARA,AVIARA,AVIARA PHC,,,,,,,
2099,SSZ,DELTA,ISOKO SOUTH,IRRI I,IRRI 1,AVIARA PHC,,,,,,,
2100,,DELTA,ISOKO SOUTH,OLEH II,OLEH 2,ITESA PHC,,,,,,,
2101,SSZ,DELTA,ISOKO SOUTH,EMEDE,EMEDE,EMEDE PHC,,,,,,,
2102,SSZ,DELTA,ISOKO SOUTH,ENHWE/OKPOLO,ENHWE,ENHWE PHC,,,,,,,
2103,SSZ,DELTA,ISOKO SOUTH,EROHWA/UMEH,UMEH,UMEH PHC,,,,,,,
2104,SSZ,DELTA,ISOKO SOUTH,IGBIDE/OWODOKPOKPO,IGBIDE,IGBIDE PHC,,,,,,,
2105,SSZ,DELTA,ISOKO SOUTH,IRRI I,IRRI 1,IRRI PHC,,,,,,,
2106,SSZ,DELTA,ISOKO SOUTH,IRRI II,IRRI 2,URO PHC,,,,,,,
2107,SSZ,DELTA,ISOKO SOUTH,OLEH I,OLEH 1,OLEH PHC,,,,,,,
2108,SSZ,DELTA,ISOKO SOUTH,OLOMORO,OLOMORO,OLOMORO PHC,,,,,,,
2109,SSZ,DELTA,ISOKO SOUTH,UZERE,UZERE,UZERE PHC,,,,,,,
2110,SSZ,DELTA,NDOKWA EAST,ABARRA/INYI ONUABOH,ABALLA/INYI,ABALA OBODO PHC,,,,,,,
2111,SSZ,DELTA,NDOKWA EAST,ABOH/AKARAI,ABOH/AKARAI,ABOH PHC,,,,,,,
2112,SSZ,DELTA,NDOKWA EAST,AFOR/OBIKWLE,AFOR/OBIKWELE,AFOR UMUACHI PHC,,,,,,,
2113,,DELTA,NDOKWA EAST,ASHAKA,ASHAKA,ASHAKA PHC,,,,,,,
2114,SSZ,DELTA,NDOKWA EAST,ASE,ASE,ASE PHC,,,,,,,
2115,SSZ,DELTA,NDOKWA EAST,IBEDENI,IBIDENI,IBEDENI PHC,,,,,,,
2116,SSZ,DELTA,NDOKWA EAST,IBREDE / IGBUKU / ONOGBOKOR,IBREDE/IYEDE,IBREDEPHC,,,,,,,
2117,SSZ,DELTA,NDOKWA EAST,OKPAI/UTCHI/BENEKU,OKPAI ANIEZE,OKPAI OLUCHI PHC,,,,,,,
2118,SSZ,DELTA,NDOKWA EAST,ONYAH / ADIAI / OTUOKU / UMUOLU,ONYA,ONYA PHC,,,,,,,
2119,SSZ,DELTA,NDOKWA EAST,OSSISSA,OSSISSA UMUOSHIMILI,OSSISSA UMUOSHIMILI PHC,,,,,,,
2120,SSZ,DELTA,NDOKWA WEST,ABBI I,ABBI WARD 9,ABBI PRIMARY HEALTH CARE CENTER,,,,,,,
2121,SSZ,DELTA,NDOKWA WEST,ABBI II,ABBI WARD 8,INAM PHC,,,,,,,
2122,SSZ,DELTA,NDOKWA WEST,OGUME I,OGUME 7,OGBE OLE PHC,,,,,,,
2123,SSZ,DELTA,NDOKWA WEST,UTAGBA OGBE,KWALE/UTAGBA OGBE,FSP PHC,,,,,,,
2124,,DELTA,NDOKWA WEST,EMU,EMU UNOR,EMU UNOR PHC,,,,,,,
2125,,DELTA,NDOKWA WEST,OGUME II,OGBE OGUME,OGUME PHC,,,,,,,
2126,,DELTA,NDOKWA WEST,ONICHA UKWANI,ONICHA UKWUANI,ONICHA UKWUANI PHC,,,,,,,
2127,SSZ,DELTA,NDOKWA WEST,UTAGBA UNO I,UTAGBA UNO 1,UTAGBA UNO PHC,,,,,,,
2128,SSZ,DELTA,NDOKWA WEST,UTAGBA UNO II,ETUA,ETUA PHC,,,,,,,
2129,SSZ,DELTA,NDOKWA WEST,UTAGBA UNO III,NDEMILI WARD 3,NDEMILI PHC,,,,,,,
2130,SSZ,DELTA,OKPE,ARAGBA,ARHAGBA,ARHAGBA,,,,,,,
2131,SSZ,DELTA,OKPE,MEREJE I,EVRIYEN/MEREJE 1,EVWRIYEN,,,,,,,
2132,SSZ,DELTA,OKPE,MEREJE II,MEREJE 2,EGBORODE,,,,,,,
2133,SSZ,DELTA,OKPE,OHA I,OHA I/OSUBI,OSUBI PHC,,,,,,,
2134,SSZ,DELTA,OKPE,OHA I,OKWUABUDE/OKUOKOKO,OKWUOKOKO PHC,,,,,,,
2135,,DELTA,OKPE,AGHALOKPE,AGHALOKPE,AGHALOKPE WARD,,,,,,,
2136,,DELTA,OKPE,MEREJE III,ADEJE WARD,ADEJE PHC,,,,,,,
2137,,DELTA,OKPE,UGHTOTON/JEDDO,JEDDO,JEDDO PHC,,,,,,,
2138,SSZ,DELTA,OKPE,OHA II,OHA 2,OHA PHC,,,,,,,
2139,SSZ,DELTA,OKPE,OREORKPE,OREROKPE,OREROKPE PHC,,,,,,,
2140,SSZ,DELTA,OKPE,OVIRI-OKPE,OVIRI-OKPE,OVIRI-OKPE,,,,,,,
2141,SSZ,DELTA,OSHIMILI NORTH,AKWUKWU-IGBO,AKWUKWU IGBO,AKWUKWU -IGBO CHC,,,,,,,
2142,SSZ,DELTA,OSHIMILI NORTH,EBU,EBU,EBU PHC,,,,,,,
2143,SSZ,DELTA,OSHIMILI NORTH,IBUSA I,ACHALLA/EZUKWU,OGBOLI PHC,,,,,,,
2144,SSZ,DELTA,OSHIMILI NORTH,IBUSA I,UMUODAFE,IBUSA PHC,,,,,,,
2145,,DELTA,OSHIMILI NORTH,IBUSA III,UMUODAFE,IBUSA PHC,,,,,,,
2146,,DELTA,OSHIMILI NORTH,IBUSA II,UMUEZEAGU/OKPONTA,OKPONTA PHC,,,,,,,
2147,SSZ,DELTA,OSHIMILI NORTH,IBUSA IV,UMUEZEAGU/IBUSA VI,UMUEZEAGWU/OKPONTA PHC,,,,,,,
2148,SSZ,DELTA,OSHIMILI NORTH,ILLAH,ILLAH,ILLAH CHC,,,,,,,
2149,SSZ,DELTA,OSHIMILI NORTH,OKPANAM,OBODO OGBA,OKPANAM PHC,,,,,,,
2150,SSZ,DELTA,OSHIMILI NORTH,OKPANAM,OKPANAM/UGBOLU,UGBOLU PHC,,,,,,,
2151,SSZ,DELTA,OSHIMILI NORTH,UKALA,UKALA,UKALA PHC,,,,,,,
2152,SSZ,DELTA,OSHIMILI SOUTH,AGU,UMUAGU,PHC UMUAGU,,,,,,,
2153,SSZ,DELTA,OSHIMILI SOUTH,ANALA-AMAKOM,OKO-ANALA,PHC OKO-ANALA,,,,,,,
2154,SSZ,DELTA,OSHIMILI SOUTH,ANALA-AMAKOM,OKO-AMAKOM,PHC OKO-AMAKOM,,,,,,,
2155,,DELTA,OSHIMILI SOUTH,UGBOMANTA QUARTERS,UGBOMANTA QUARTERS,UGBOMANTA PHC,,,,,,,
2156,SSZ,DELTA,OSHIMILI SOUTH,CABLE POINT I,CABLE POINT,PHC CABLE-POINT,,,,,,,
2157,SSZ,DELTA,OSHIMILI SOUTH,CABLE POINT II,AKWUEBULU,PHC AKUEBULU,,,,,,,
2158,SSZ,DELTA,OSHIMILI SOUTH,OGBELE/AKPAKO,OKO-OGBELE,PHC OKO-OGBELE,,,,,,,
2159,SSZ,DELTA,OSHIMILI SOUTH,OKWE,OKWE,PHC-OKWE,,,,,,,
2160,SSZ,DELTA,OSHIMILI SOUTH,UMUAJI,UMUAJI,UMUAJI PHC,,,,,,,
2161,SSZ,DELTA,OSHIMILI SOUTH,UMUONAJE,UMUONAJE,UMUONAJE PHC,,,,,,,
2162,SSZ,DELTA,OSHIMILI SOUTH,WEST END,WEST END 1,PHC ANWAI,,,,,,,
2163,SSZ,DELTA,OSHIMILI SOUTH,UMUEZEI,WEST END 2,MODEL PHC,,,,,,,
2164,SSZ,DELTA,PATANI,ABARI I,ABARI PHC,ABARI PHC,,,,,,,
2165,SSZ,DELTA,PATANI,AGOLOMA,AGOLOMA,AGOLOMA PHC,,,,,,,
2166,SSZ,DELTA,PATANI,ODOROBU,ODORUBU,ODORUBU,,,,,,,
2167,SSZ,DELTA,PATANI,TORU-ANGIAMA,TORU-ANGIAMA,TORU-ANGIAMA,,,,,,,
2168,SSZ,DELTA,PATANI,TORU-APELEBIRI / BOLOU / ANGIAMA / AMATEBE,BOLOU APELEBIRI,BOLOU APELEBIRI,,,,,,,
2169,SSZ,DELTA,PATANI,TORU-APELEBIRI / BOLOU / ANGIAMA / AMATEBE,BULU-ANGIAMA,BULU-ANGIAMA,,,,,,,
2170,,DELTA,PATANI,PATANI II,PATANI  II,PATANI 2 PHC,,,,,,,
2171,,DELTA,PATANI,TAWARE/KOLOWARE/AVEN,PATANI V,PATANI 5 PHC,,,,,,,
2172,SSZ,DELTA,PATANI,UDUOPHORI,UDUOPHORI,UDUOPHORI,,,,,,,
2173,SSZ,DELTA,SAPELE,AMUKPE,AMUKPE 9,AMUKPE PHC,,,,,,,
2174,SSZ,DELTA,SAPELE,ELUME,ELUME 10,IBADA ELUME PHC,,,,,,,
2175,SSZ,DELTA,SAPELE,OKOPORO/UGBORHEN,OKOPORO/UGHOREN,UGHORHEN PHC,,,,,,,
2176,SSZ,DELTA,SAPELE,SAPELE URBAN I,OKPE 1 (SAPELE URBAN 1),URBAN PHC,,,,,,,
2177,SSZ,DELTA,SAPELE,SAPELE URBAN IV,ABEKE 4 (SAPELE URBAN IV),OMIEMIEDI PHC,,,,,,,
2178,SSZ,DELTA,SAPELE,SAPELE URBAN VI,SAPELE URBAN VI,OKUOVU PHC,,,,,,,
2179,SSZ,DELTA,SAPELE,SAPELE URBAN VII,SAPELE URBAN VII,GANA PHC,,,,,,,
2180,SSZ,DELTA,SAPELE,SAPELE URBAN VIII,SAPELE URBAN VIII,ETA-AMUA PHC,,,,,,,
2181,SSZ,DELTA,UDU,ALADJA,ALADJA,ALADJA PHC,,,,,,,
2182,SSZ,DELTA,UDU,EKETE,EKETE,PHC EKETE,,,,,,,
2183,SSZ,DELTA,UDU,OPETE/ASSAGBA/EDJOKPE,OPETE,PHC OPETE,,,,,,,
2184,SSZ,DELTA,UDU,ORHUWHORUN,ORHUWHORUN,ORHUWHORUN PHC,,,,,,,
2185,SSZ,DELTA,UDU,OVWIAN I,OVWIAN,OVWIAN PHC,,,,,,,
2186,SSZ,DELTA,UDU,OVWIAN II,OVWIAN,EGINI PRIMARY HEALTH CARE CENTRE,,,,,,,
2187,SSZ,DELTA,UDU,UDU I,OTOR-UDU,PHC OTOR-UDU,,,,,,,
2188,SSZ,DELTA,UDU,UDU III,UDU 3,UKPIOVWIN PHC,,,,,,,
2189,SSZ,DELTA,UDU,UDU IV,UDU IV,UBOGO PHC,,,,,,,
2190,SSZ,DELTA,UGHELLI NORTH,AGBARHA-OTOR,AGBARHA OTOR,AGBARHA PHC,,,,,,,
2191,SSZ,DELTA,UGHELLI NORTH,AGBARHO I,AGBARHO 1,UVWIAMA PHC,,,,,,,
2192,SSZ,DELTA,UGHELLI NORTH,AGBARHO II,AGBARHO 2,EKRERAVWE PHC,,,,,,,
2193,SSZ,DELTA,UGHELLI NORTH,EVWRENI,EVRENI,EVWRENI PHC,,,,,,,
2194,SSZ,DELTA,UGHELLI NORTH,OGOR,OGOR,OTOR-OGOR PHC,,,,,,,
2195,SSZ,DELTA,UGHELLI NORTH,OROGUN II,OROGUN 2,ARAGBA OROGUN PHC,,,,,,,
2196,SSZ,DELTA,UGHELLI NORTH,ORUGUN I,OROGUN 1,OROGUN PHC,,,,,,,
2197,SSZ,DELTA,UGHELLI NORTH,UGHELLI I,URBAN 1,EKIUGBO PHC,,,,,,,
2198,SSZ,DELTA,UGHELLI NORTH,UGHELLI II,URBAN 2,OFUOMA PHC,,,,,,,
2199,SSZ,DELTA,UGHELLI NORTH,UGHELLI III,AFIESERE,AFIESERE PHC,,,,,,,
2200,SSZ,DELTA,UGHELLI NORTH,UWHERU,UWHERU,UWHERU PHC,,,,,,,
2201,SSZ,DELTA,UGHELLI SOUTH,EFFURUN-OTOR,OLOMU 3,OKPARE,,,,,,,
2202,SSZ,DELTA,UGHELLI SOUTH,EKAKPAMRE,EKAKPREME,OTOKUTU,,,,,,,
2203,SSZ,DELTA,UGHELLI SOUTH,EWU I,EWU 1,EWU,,,,,,,
2204,,DELTA,UGHELLI SOUTH,EWU II,EWU II,OLOTA PHC,,,,,,,
2205,,DELTA,UGHELLI SOUTH,EWU III,EWU III,OFRUKAMA PHC,,,,,,,
2206,SSZ,DELTA,UGHELLI SOUTH,JEREMI I,JEREMI 1,EDJOPHE,,,,,,,
2207,SSZ,DELTA,UGHELLI SOUTH,JEREMI II,JEREMI 2,OGINIBO,,,,,,,
2208,SSZ,DELTA,UGHELLI SOUTH,JEREMI III,JEREMI 3,OKWAGBE,,,,,,,
2209,,DELTA,UGHELLI SOUTH,JEREMI IV,JEREMI IV,EGBO IDEH PHC,,,,,,,
2210,SSZ,DELTA,UGHELLI SOUTH,OLOMU I,OLOMU 1,OVIRI-OLOMU,,,,,,,
2211,SSZ,DELTA,UGHELLI SOUTH,OLOMU II,OLOMU 2,OTORHERHE,,,,,,,
2212,SSZ,DELTA,UKWUANI,AKOKU,AKOKU UNOR,AKOKU UNOR,,,,,,,
2213,SSZ,DELTA,UKWUANI,AMAI,AMAI,AMAI PHC,,,,,,,
2214,SSZ,DELTA,UKWUANI,EBEDEI,EBEDEI,EBEDEI UNOR,,,,,,,
2215,SSZ,DELTA,UKWUANI,EZIOKPOR,EZIOPKOR,EZIOKPOR PHC,,,,,,,
2216,SSZ,DELTA,UKWUANI,EZIONUM,EZIONUM,EZIONUM PHC,,,,,,,
2217,SSZ,DELTA,UKWUANI,OBIARUKU I,OGBE OBIARUKU 1,OKUZU PHC,,,,,,,
2218,SSZ,DELTA,UKWUANI,OBIARUKU II,OGBEOBIARUKU 2,URBAN PHC,,,,,,,
2219,SSZ,DELTA,UKWUANI,UMUEBU,UMUEBU,UMUEBU,,,,,,,
2220,SSZ,DELTA,UKWUANI,UMUKWATA,UMUKWATA,UMUKWATA PHC,,,,,,,
2221,SSZ,DELTA,UKWUANI,UMUTU,UMUTU,UMUTU PHC,,,,,,,
2222,SSZ,DELTA,UVWIE,ARMY BARRACS AREA,OHORHE,OHORHE PHC,,,,,,,
2223,SSZ,DELTA,UVWIE,EFFURUN I,ALAKA,ALAKA PHC,,,,,,,
2224,SSZ,DELTA,UVWIE,EFFURUN II,URHUMARHO,URHUMARHO PHC,,,,,,,
2225,SSZ,DELTA,UVWIE,EKPAN I,EKPAN I,EKPAN I PHC,,,,,,,
2226,SSZ,DELTA,UVWIE,EKPAN II,EKPAN II,EKPAN II PHC,,,,,,,
2227,SSZ,DELTA,UVWIE,ENERHEN I,ENERHEN I,ENERHEN I PHC,,,,,,,
2228,SSZ,DELTA,UVWIE,ENERHEN II,ENERHEN II,ENERHEN II PHC,,,,,,,
2229,SSZ,DELTA,UVWIE,UGBOMRO/UGBOLOKPOSO,UGBOMRO,UGBOMRO PHC,,,,,,,
2230,SSZ,DELTA,UVWIE,UGBORIKOKO,UGBORIKOKO,UGBORIKOKO PHC,,,,,,,
2231,SSZ,DELTA,UVWIE,UGBOROKE,UGBOROKE,UGBOROKE PHC,,,,,,,
2232,SSZ,DELTA,WARRI NORTH,EBROHIMI,EBROHIMI,EBROHIMY,,,,,,,
2233,SSZ,DELTA,WARRI NORTH,EGHORO,EGHORO,ITISUN PRIMARY HEALTH CARE CENTER,,,,,,,
2234,SSZ,DELTA,WARRI NORTH,GBOKODA,GBOKODA,GBOKODA PHC,,,,,,,
2235,SSZ,DELTA,WARRI NORTH,ISEKELEWU,TSEKELEWU,TSEKELEWU PHC,,,,,,,
2236,SSZ,DELTA,WARRI NORTH,KOKO I,KOKO I,KOKO BEACH,,,,,,,
2237,SSZ,DELTA,WARRI NORTH,KOKO II,ABIGBORODO,ABIGBORODO,,,,,,,
2238,SSZ,DELTA,WARRI NORTH,OGBINBIRI,OGBINBIRI,OGBINBIRI,,,,,,,
2239,SSZ,DELTA,WARRI NORTH,OGBUDUGBUDU,OGBUDUGBUDU,OGBUDUGBUDU PHC,,,,,,,
2240,SSZ,DELTA,WARRI NORTH,OGHEYE,OGHEYE,OGHEYE,,,,,,,
2241,SSZ,DELTA,WARRI NORTH,OPUAMA,OPUAMA,OPUAMA,,,,,,,
2242,SSZ,DELTA,WARRI SOUTH,EDJEEBA,EDJEBA,EDJEBA PHC,,,,,,,
2243,SSZ,DELTA,WARRI SOUTH,GOVERNMENT RESERVED AREA,GRA 5,AJAMIMOGHA,,,,,,,
2244,SSZ,DELTA,WARRI SOUTH,IGBUDU,IGBUDU,IGBUDU,,,,,,,
2245,SSZ,DELTA,WARRI SOUTH,OBODO/OMADINO,OBODO/OMADINO,OMADIGHO PHC,,,,,,,
2246,SSZ,DELTA,WARRI SOUTH,OKUMAGBA II,UBEJI,IFFIE,,,,,,,
2247,SSZ,DELTA,WARRI SOUTH,ODE ITSEKIRI,ODE ITSEKIRI,ORUGBO,,,,,,,
2248,SSZ,DELTA,WARRI SOUTH,OGUN/EKUREDE URHOBO,EKUREDE 1,OGUNU,,,,,,,
2249,SSZ,DELTA,WARRI SOUTH,OKERE,OKERE,URBAN PHC,,,,,,,
2250,SSZ,DELTA,WARRI SOUTH,OKUMAGBA I,OKUMAGBA 1,EBOH PHC,,,,,,,
2251,SSZ,DELTA,WARRI SOUTH,PESSU,PESSU,PESSU,,,,,,,
2252,SSZ,DELTA,WARRI SOUTH,UGBUWANGUE/EKUREDE ITSEKIRI,UGBUWANGUA/EKRUEDE ITSEKIRI,UGBUWANGUE PHC,,,,,,,
2253,SSZ,DELTA,WARRI SOUTH WEST,AJA-UDAIBO,AJUDAIBO,AJUDAIBO PHC,,,,,,,
2254,SSZ,DELTA,WARRI SOUTH WEST,ISABA,ISABA,ISABA PHC,,,,,,,
2255,SSZ,DELTA,WARRI SOUTH WEST,MADANGHO,MADANGHO,MANDAGHO PHC,,,,,,,
2256,SSZ,DELTA,WARRI SOUTH WEST,OGBE-IJOH,OGBE IJOH,OGBE IJOH PHC,,,,,,,
2257,SSZ,DELTA,WARRI SOUTH WEST,OGIDIGBEN,OGIDIGBEN,OGIDIGBEN PHC,,,,,,,
2258,SSZ,DELTA,WARRI SOUTH WEST,OPORAZA,OPROZA,AZAMA PHC,,,,,,,
2259,SSZ,DELTA,WARRI SOUTH WEST,OPORAZA,OPROZA,OPROZA PHC,,,,,,,
2260,SSZ,DELTA,WARRI SOUTH WEST,ORERE,OKERE,DEGHELE PHC,,,,,,,
2261,SSZ,DELTA,WARRI SOUTH WEST,GBARAMATU,OKERENKOKO,OKERENKOKO PHC,,,,,,,
2262,SSZ,DELTA,WARRI SOUTH WEST,UGBORODO,UGBORODO,UGBORODO PHC,,,,,,,
2263,SEZ,EBONYI,ABAKALIKI,ABAKPA,ABAKPA,NDUEGU URBAN H/C,,,,,,,
2264,SEZ,EBONYI,ABAKALIKI,AMACHI NDEBOR,AMACHI NDIEBOR,NDIOFUTU MDG H/C,,,,,,,
2265,SEZ,EBONYI,ABAKALIKI,AMACHI NDEGU,AMACHI NDIEGU,AKPE AMACHI,,,,,,,
2266,SEZ,EBONYI,ABAKALIKI,AMAGU ENYIGBA,AMAGU ENYIGBA,OBULECHI HC,,,,,,,
2267,SEZ,EBONYI,ABAKALIKI,AMAGU UNUHU,AMAGU UNUHU,NKWEGU MODEL PHC,,,,,,,
2268,SEZ,EBONYI,ABAKALIKI,AZUIYIOKWU,AZUIYIOKWU,MCH AZUIYIOKWU,,,,,,,
2269,SEZ,EBONYI,ABAKALIKI,AZUIYIUDENE,AZUIYIUDELE,EKEABA H P,,,,,,,
2270,SEZ,EBONYI,ABAKALIKI,AZUMINI/AZUGWU,AZUMINI/AZUGWU,UNAGBOKE HC,,,,,,,
2271,SEZ,EBONYI,ABAKALIKI,EDDA,EDDA,AZUOFIA EDDA,,,,,,,
2272,SEZ,EBONYI,ABAKALIKI,IZZI UNUHU,IZZI UNUHU,IZZI UNUHU,,,,,,,
2273,SEZ,EBONYI,ABAKALIKI,NDIAGU,NDIEGU,NDIEGU MDG ONUEBONYI,,,,,,,
2274,SEZ,EBONYI,ABAKALIKI,OKPUITUMO NDEGU,OKPUITUMO NDEGU,OKPANKU MDG,,,,,,,
2275,SEZ,EBONYI,ABAKALIKI,OKPUITUMO NDIEBOR,OKPITUMO NDEBOR,GMELINA H/C,,,,,,,
2276,SEZ,EBONYI,ABAKALIKI,TIMBER SHED,INYIBGA (TIMBER SHED),TIMBER SHADE H/C,,,,,,,
2277,SEZ,EBONYI,AFIKPO NORTH,AMATA AKPO,AMATA AKPOHA,AMATA AKPOHA MDG H/C,,,,,,,
2278,SEZ,EBONYI,AFIKPO NORTH,AMOGU AKPOHA,AMOGU AKPOHA,BASIC HC AKPOHA,,,,,,,
2279,SEZ,EBONYI,AFIKPO NORTH,EZEKE AMASIRI,EZEKE AMASIRI,AMASIRI PHC,,,,,,,
2280,SEZ,EBONYI,AFIKPO NORTH,IBII/OZIZZAN AFIKPO,IBII OZIZZA,IBII HC,,,,,,,
2281,SEZ,EBONYI,AFIKPO NORTH,ITIM AFIKPO,ITIM,MGBOM H/C,,,,,,,
2282,SEZ,EBONYI,AFIKPO NORTH,NKPOGHORO AFIKPO,NDIBE NKPOGHORO (NKPOGHORO AFIKPO),AMANKWO MDG,,,,,,,
2283,SEZ,EBONYI,AFIKPO NORTH,OHAISU AFIKPO 'A',OHAISU A,AMAECHARA,,,,,,,
2284,SEZ,EBONYI,AFIKPO NORTH,OHAISU AFIKPO 'B',OHAISU B,AMANGBALLA PHC,,,,,,,
2285,SEZ,EBONYI,AFIKPO NORTH,POPERI AMASIRI,POPERI AMASIRI,POPERI HC,,,,,,,
2286,SEZ,EBONYI,AFIKPO NORTH,UGWUEGU AFIKPO,UGWUEGU AFIKPO,UGWUEGU MDG HC,,,,,,,
2287,SEZ,EBONYI,AFIKPO NORTH,UWANA AFIKPO I,UNWANA A,UNWANA HC,,,,,,,
2288,SEZ,EBONYI,AFIKPO NORTH,UWANA AFIKPO II,UNWANA B,NKAMGBOGO MDG H/C,,,,,,,
2289,SEZ,EBONYI,AFIKPO SOUTH,AMAEKE EKOU,AMEKE EKOLI,EKOLI HC,,,,,,,
2290,SEZ,EBONYI,AFIKPO SOUTH,AMAIGBO,AMAIGBO,AMAOBA PHC,,,,,,,
2291,SEZ,EBONYI,AFIKPO SOUTH,AMANGWU,AMANGWU,AMANGWU HC,,,,,,,
2292,SEZ,EBONYI,AFIKPO SOUTH,AMIRI EKOLI,AMIRI EKOLI,UGWUAMA PHC,,,,,,,
2293,SEZ,EBONYI,AFIKPO SOUTH,AMOSO,AMAOSO ETITI,AMA OSO MODEL PHC,,,,,,,
2294,SEZ,EBONYI,AFIKPO SOUTH,EBUNWANA,EBUWANA,EBUWANA MODEL PHC,,,,,,,
2295,SEZ,EBONYI,AFIKPO SOUTH,NDI OKE EKOLI,NDIOKE EKOLI,EKULA HC,,,,,,,
2296,SEZ,EBONYI,AFIKPO SOUTH,NGUZU,NGUZU EDDA,NGUZU HC,,,,,,,
2297,SEZ,EBONYI,AFIKPO SOUTH,OGBU (AMATO),OGBU,OGBU HC,,,,,,,
2298,SEZ,EBONYI,AFIKPO SOUTH,OSO,OSO,COMPREHENSIVE HC OSO,,,,,,,
2299,SEZ,EBONYI,AFIKPO SOUTH,OWUTU,OWUTU,OWUTU HC,,,,,,,
2300,SEZ,EBONYI,EBONYI,ABAKPA,ABAKPA,AGHAMEHU MDG HC,,,,,,,
2301,SEZ,EBONYI,EBONYI,ABOFIA,ABOFIA,ABIOFA HC,,,,,,,
2302,SEZ,EBONYI,EBONYI,AGELEGU,AGALEGU,COMP HC UGBODO,,,,,,,
2303,SEZ,EBONYI,EBONYI,ECHIABA,ECHIABA,NTEZI ABA HEALTH CENTER,,,,,,,
2304,SEZ,EBONYI,EBONYI,EGWUDINAGU,EGWUDINAGU,ONYIRIGBO MDG HC,,,,,,,
2305,SEZ,EBONYI,EBONYI,ENYIBICHIRI I,ENYIBICHIRI 1,UKPACHACHA MDG HC,,,,,,,
2306,SEZ,EBONYI,EBONYI,ENYIBICHIRI II,ENYIBICHIRI 2,OKARIA HC,,,,,,,
2307,SEZ,EBONYI,EBONYI,KPIRIKPIRI,ENYIBICHIRI (KPIRIKPIRI),ROUNDAMDG,,,,,,,
2308,SEZ,EBONYI,EBONYI,MBEKE,MBEKE,MBEKE HC,,,,,,,
2309,SEZ,EBONYI,EBONYI,NDIAGU,NDIAGU,OGBALA MDG HC,,,,,,,
2310,SEZ,EBONYI,EBONYI,NDIEBOR,NDIEBOR,EDEDEAGU MDG HC,,,,,,,
2311,SEZ,EBONYI,EBONYI,ONUENYIM,ONUENYIM,ONUENYIM MDG HC,,,,,,,
2312,SEZ,EBONYI,EBONYI,URBAN NEW LAYOUT,NEW LAYOUT,MCH NSUGBE,,,,,,,
2313,SEZ,EBONYI,EZZA NORTH,AMUDA/AMAWULA,AMUDA,AMUDA HC,,,,,,,
2314,SEZ,EBONYI,EZZA NORTH,EKKA,EKKA,EKKA MDG HC,,,,,,,
2315,SEZ,EBONYI,EZZA NORTH,INYERE,INYERE,INYERE MDG HC,,,,,,,
2316,SEZ,EBONYI,EZZA NORTH,NDIAGUAZU UMUOGHARA,UMUOGHARA 1,MCH OKPOSI,,,,,,,
2317,SEZ,EBONYI,EZZA NORTH,NKOMORO,NKOMORO,NKOMORO MDG HC,,,,,,,
2318,SEZ,EBONYI,EZZA NORTH,OGBOJI,OGBOJI,COTTAGE HOSP OGBOJI,,,,,,,
2319,SEZ,EBONYI,EZZA NORTH,OKPOSHI UMOGHARA,UMUOGHARA II,AZURAMURA HC,,,,,,,
2320,SEZ,EBONYI,EZZA NORTH,OMEGA UMUEZEOKOHA,UMUEZEOKA,ENIRINA HC,,,,,,,
2321,SEZ,EBONYI,EZZA NORTH,ORIUZOR,ORIUZOR,UMUOME MDG HC,,,,,,,
2322,SEZ,EBONYI,EZZA NORTH,OSHIEGBE UMUEZEOKOHA,OSHIEGBE UMUEZEKOHA,OSHIEGE HC,,,,,,,
2323,SEZ,EBONYI,EZZA NORTH,UMUEZEOKA,UMUEZEKOHA,OMEGE PHC,,,,,,,
2324,SEZ,EBONYI,EZZA SOUTH,AMAEZEKWE,AMAEZEKWE,AMAEZEKWE MDG HC,,,,,,,
2325,SEZ,EBONYI,EZZA SOUTH,AMAGU/NSOKKARA,AMAGU/ NSOKKARA,ACHARAUKWU PHC,,,,,,,
2326,SEZ,EBONYI,EZZA SOUTH,AMANA,AMANA,AMANA PHC,,,,,,,
2327,SEZ,EBONYI,EZZA SOUTH,AMEKA,AMEKA,AMAJIM MDG HC,,,,,,,
2328,SEZ,EBONYI,EZZA SOUTH,AMUDO/OKOFFIA,AMUDO / OKOFFIA,OKOFFIA PHC,,,,,,,
2329,SEZ,EBONYI,EZZA SOUTH,AMUZU,AMUZU,AMUZU PHC,,,,,,,
2330,SEZ,EBONYI,EZZA SOUTH,ECHARA,ECHARA,ECHARA PHC,,,,,,,
2331,SEZ,EBONYI,EZZA SOUTH,EZZAMA,EZZAMA,EZZAMA MDG HC,,,,,,,
2332,SEZ,EBONYI,EZZA SOUTH,IKWUATOR/IDEMBIA,IKWUATOR,IKWUATOR PHC,,,,,,,
2333,SEZ,EBONYI,EZZA SOUTH,ONUEKE URBAN,ONUEKE URBAN,MCH ONUEKE,,,,,,,
2334,SEZ,EBONYI,EZZA SOUTH,UMUNWAGU/IDEMBIA,UMUNWAGU,UMUNWAGU PHC,,,,,,,
2335,SEZ,EBONYI,IKWO,AMAINYIMA,AMAINYIMA,ODELIGBO HC,,,,,,,
2336,SEZ,EBONYI,IKWO,ECHIALIKE,ECHIALIKE,ECHIALIKE MDG HC,,,,,,,
2337,SEZ,EBONYI,IKWO,EKA AWOKE,EKA AWOKE,MGDS NDUFU UMOTA,,,,,,,
2338,SEZ,EBONYI,IKWO,EKPA NWUDELE,EKPAOMAKA(EKPA NWUDELE),EBIEM HC,,,,,,,
2339,SEZ,EBONYI,IKWO,EKPELU,EKPELU,INYIMAGU AMEKA PHC,,,,,,,
2340,SEZ,EBONYI,IKWO,ENYIBICHIRI,ENYIBICHIRI ALIKE,ENYIBICHIRI MODEL PHC,,,,,,,
2341,SEZ,EBONYI,IKWO,ETTAM,ETTAM,ELUGWU ETTAM HC,,,,,,,
2342,SEZ,EBONYI,IKWO,IGBUDU I,IGBUDU I,IMOGO HC,,,,,,,
2343,SEZ,EBONYI,IKWO,IGBUDU II,IGBUDU II,OGAGBO MDG HC,,,,,,,
2344,SEZ,EBONYI,IKWO,INYIMAGU I,INYIMAGU 1,COTTAGE HOSP AGUBIA,,,,,,,
2345,SEZ,EBONYI,IKWO,INYIMAGU II,INYIMAGU 2,ODOMOWO PHC,,,,,,,
2346,SEZ,EBONYI,IKWO,NDIAGU AMAGU I,NDEGU AMAGU 1,NDEGU AMAGU HC,,,,,,,
2347,SEZ,EBONYI,IKWO,NDIAGU AMAGU II,NDIAGU AMAGU II,ITEM PHC,,,,,,,
2348,SEZ,EBONYI,IKWO,NDIAGU ECHARA I,NDEGU ECHARA 1,NZASHI H P,,,,,,,
2349,SEZ,EBONYI,IKWO,NDIAGU ECHARA II,NDIAGU ECHARA II,NDIAOGADOSHI PHC,,,,,,,
2350,SEZ,EBONYI,IKWO,NDUFU ALIKE,NDUFU ALIKE,ELUEGU OHANKWU MDG HC,,,,,,,
2351,SEZ,EBONYI,IKWO,NDUFU AMAGU II,NDUFU AMAGU 1,ABINA MDG,,,,,,,
2352,SEZ,EBONYI,IKWO,NDUFU AMAGU I,NDUFU AMAGU 1,AGALEGU/NDIOFOKE PHC,,,,,,,
2353,SEZ,EBONYI,IKWO,NOYO ALIKE,NOYO ALIKE,NDIOFIA NOYO MDG HC,,,,,,,
2354,SEZ,EBONYI,IKWO,UDUFU ECHARA,NDUFU ECHARA,OBEGU ELEKE HC,,,,,,,
2355,SEZ,EBONYI,ISHIELU,AGBA,AGBA,AGBA MDG H/C,,,,,,,
2356,SEZ,EBONYI,ISHIELU,AMAEZU,AMAEZU,AMAEZU MDG HC,,,,,,,
2357,SEZ,EBONYI,ISHIELU,AZUINYABA 'A',AZUINYABA A,ONUOJI MDG HC,,,,,,,
2358,SEZ,EBONYI,ISHIELU,AZUINYABA 'B',AZUINYABA B,UMUHUALI MDG H/C,,,,,,,
2359,SEZ,EBONYI,ISHIELU,AZUINYABA 'B',AZUINYABA B,AZUOFIA,,,,,,,
2360,SEZ,EBONYI,ISHIELU,EZILLO I,EZILLO 1,AMAOZANU MDG HC,,,,,,,
2361,SEZ,EBONYI,ISHIELU,EZILLO II,UMUZOKE(EZILLO 2),IDUMA MDG,,,,,,,
2362,SEZ,EBONYI,ISHIELU,EZZAGU I,OGOBOJI (EZZAGU 1),AGUOTU MDG,,,,,,,
2363,SEZ,EBONYI,ISHIELU,EZZAGU II,EZZAGU 2,ONUNWEKE PHC,,,,,,,
2364,SEZ,EBONYI,ISHIELU,IYONU,IYIONU,IYIONU MDG HC,,,,,,,
2365,SEZ,EBONYI,ISHIELU,NITEZI,NTEZI,NTEZI HC,,,,,,,
2366,SEZ,EBONYI,ISHIELU,NKALAGU,EZEKUNA(NKALAGU),EZEKUNA HC,,,,,,,
2367,SEZ,EBONYI,ISHIELU,NKALAGU,EZEKUNA(NKALAGU),AMANVU MDGS,,,,,,,
2368,SEZ,EBONYI,ISHIELU,NKALAHA,NKALAHA,NKALAHA MODEL PHC,,,,,,,
2369,SEZ,EBONYI,ISHIELU,OBEAGU,OBEAGU,OBEAGU H/C,,,,,,,
2370,SEZ,EBONYI,ISHIELU,OHOFIA,OHOFIA,OHOFIA HC,,,,,,,
2371,SEZ,EBONYI,ISHIELU,OKPOTO,OKPOTO,OKPOTO HC,,,,,,,
2372,SEZ,EBONYI,ISHIELU,UMUHUALI,UMUHUALI,AMATA MDG H/C,,,,,,,
2373,SEZ,EBONYI,IVO,AKAEZE UKWU,AKAEZE UKWU,AKAEZE HC,,,,,,,
2374,SEZ,EBONYI,IVO,AMAEZE ISHIAGU,AMAEZE ISHIAGU,AMEZE HC,,,,,,,
2375,SEZ,EBONYI,IVO,AMAGU,AMAGU IHIE,IHIE PHC,,,,,,,
2376,SEZ,EBONYI,IVO,AMONYE,AMAONYE,AMAONYE HC,,,,,,,
2377,SEZ,EBONYI,IVO,IHENTA/OGIDI,IHENTA OGIDI,AKAEZE BASIC HC,,,,,,,
2378,SEZ,EBONYI,IVO,IYIOJI AKAEZE,IYIOJI,IYIOJI HC,,,,,,,
2379,SEZ,EBONYI,IVO,NDIOKORO UKWU,NDIOKORO UKWU,NDIOKORO MDG HC,,,,,,,
2380,SEZ,EBONYI,IVO,NGWUOGWO,NGWOGWO,NGWOGWO HC,,,,,,,
2381,SEZ,EBONYI,IVO,OBINAGU,OBINAGU,ISIAKA MODEL PHC,,,,,,,
2382,SEZ,EBONYI,IVO,OJUE,OKUE(OJUE),OGWOR HC,,,,,,,
2383,SEZ,EBONYI,IVO,UMOBO,UMUBOR,NDIACHI HC,,,,,,,
2384,SEZ,EBONYI,IZZI,AGBAJA ANYANWIGWE,AGBAJA 3,NDIAKPARATA HC,,,,,,,
2385,SEZ,EBONYI,IZZI,AGBAJA MGBO,OFEREKPE ENYANWANGWE(AGBAJA MGBO),COMPREENSIVE HC,,,,,,,
2386,SEZ,EBONYI,IZZI,AGBAJA OFFIA ONWE,AGBAJA 2,EDUKWUACHI MDG HC,,,,,,,
2387,SEZ,EBONYI,IZZI,EZZA INYIMAGU,OYEGE(EZZA INYIMAGU),OYEGE HC,,,,,,,
2388,SEZ,EBONYI,IZZI,EZZA INYIMAGU IGBUHU,IGBUHU(EZZA INYAMAGU IGBUHU),EZZAOFU H/C,,,,,,,
2389,SEZ,EBONYI,IZZI,EZZA INYIMAGU IGWELEDOHA,EZZA INYIMAGU 3,NDINWANGBA PHC,,,,,,,
2390,SEZ,EBONYI,IZZI,EZZA INYIMAGU IZIOGO,EZZA-INYIMEGU 4,MDGS OFFIANKA,,,,,,,
2391,SEZ,EBONYI,IZZI,IGBEAGU II,IGBEGU 1,NDIGWE MDG H/C,,,,,,,
2392,SEZ,EBONYI,IZZI,IGBEAGU II,IGBEGU 2,ONUEBONYI PHC,,,,,,,
2393,SEZ,EBONYI,IZZI,IGBEAGU NDUOGBU,IGBEGU 3,ONUNWAKPU MDG H/C,,,,,,,
2394,SEZ,EBONYI,IZZI,MGBALUKWU INYIMAGU I,MGBALUKWU 1,OBEGU AGBAENYIM MDG HC,,,,,,,
2395,SEZ,EBONYI,IZZI,MGBALUKWU INYIMAGU II,MGBALUKWU 2,NDINGELE MDG HC,,,,,,,
2396,,EBONYI,IZZI,NGBEAGU NDI ETTA,IGBEGU 2 (NDIETA),EBONYI_IZZI_NDIEZE 2_NDIABOISHIAGU H/C__,,,,,,,
2397,SEZ,EBONYI,IZZI,NDIEZE INYIMAGU MGABELU,NDIEZE II,IZHOKOMA HC,,,,,,,
2398,SEZ,EBONYI,IZZI,NDIEZE INYIMAGU NDIABOR S,NDIEZE 1,NDIOBOVU MDG HC,,,,,,,
2399,SEZ,EBONYI,OHAOZARA,AMACH OKPOSI,AMECHI OKPOSI,UMUKA MDG,,,,,,,
2400,SEZ,EBONYI,OHAOZARA,ENE-NA-EZERAKU,EKENENEZERAKU,AMENE HC,,,,,,,
2401,SEZ,EBONYI,OHAOZARA,MGBOM OKPOSI,MGBOM OKPOSI,URBAN HC,,,,,,,
2402,SEZ,EBONYI,OHAOZARA,OBIOZARA,OBIOZARA,OGWUDU NWUNTUZOR MDG H/C,,,,,,,
2403,SEZ,EBONYI,OHAOZARA,OKPOSI AHCARA,OKPOSI ACHARA,OJIGWE,,,,,,,
2404,SEZ,EBONYI,OHAOZARA,OKPOSI OKWU,OKPOSI OKWU,NDIUNUHU,,,,,,,
2405,SEZ,EBONYI,OHAOZARA,UGBOGOLO UGWULANGWU,UGBOGOLOGO,AKPAMEKA HC,,,,,,,
2406,SEZ,EBONYI,OHAOZARA,UHUOTARU UGWULANGWU,UHUOTARU,UGWULANGWU HC,,,,,,,
2407,SEZ,EBONYI,OHAOZARA,UMOBUNA,UMUOBUNA,OGWU MDG,,,,,,,
2408,SEZ,EBONYI,OHAOZARA,UMUCHIMA,UMUCHIMA,IHEMU MDG,,,,,,,
2409,SEZ,EBONYI,OHAOZARA,UMUNAGA,UMUNAGA,AGUGWU HC,,,,,,,
2410,SEZ,EBONYI,OHAUKWU,EZANGBO,AMIKE NSULAKPA(EZANGBO),EZZAMGBO MATERNITY,,,,,,,
2411,,EBONYI,OHAUKWU,EFFIUM I,Effium 1,Akparata PHC,,,,,,,
2412,,EBONYI,OHAUKWU,EFFIUM II,Effium 2,Ugueze Model PHC,,,,,,,
2413,,EBONYI,OHAUKWU,WIGBEKE II,Wigbeke II,Umuezekoha HC,,,,,,,
2414,,EBONYI,OHAUKWU,WIGBEKE III,Wigbeke III,Effium Marternity,,,,,,,
2415,SEZ,EBONYI,OHAUKWU,ISHINGBO I,ISHINGBO 1,EKWASHI MDG HC,,,,,,,
2416,SEZ,EBONYI,OHAUKWU,ISHINGBO II,ISHINGBO 2,OKPOCHIRI PHC,,,,,,,
2417,SEZ,EBONYI,OHAUKWU,NGBO,MGBO,AMOFIA MDG HC,,,,,,,
2418,SEZ,EBONYI,OHAUKWU,OKPOSI I,OKPOSHI 1,OGWAWO MDGS,,,,,,,
2419,SEZ,EBONYI,OHAUKWU,OKPOSI II,OKPOSHI I,NGBO MATERNITY,,,,,,,
2420,SEZ,EBONYI,OHAUKWU,UMUAGHARA/AMECHI,UMUEGARA AMECHI,UMUOKPO MDG,,,,,,,
2421,SEZ,EBONYI,OHAUKWU,UMUOGUDU AKPU I,UMUOGODO AKPU 1,CHC NDIEGUEZE,,,,,,,
2422,SEZ,EBONYI,OHAUKWU,UMUOGUDU AKPU II,UMUOGODO AKPU 2,IJINIKE MDG HC,,,,,,,
2423,SEZ,EBONYI,OHAUKWU,UMUOGUDU OSHIA,UMUOGUDUOSHA,UGUM MDG H/C,,,,,,,
2424,SEZ,EBONYI,ONICHA,ABAOMEGE,ABAOMEGE,OKARIA MDG HC,,,,,,,
2425,SEZ,EBONYI,ONICHA,AGBABOR,AGBAEBOR,ISU HC,,,,,,,
2426,SEZ,EBONYI,ONICHA,AMANATOR ISU,AMANATOR,NGBALEZE HC,,,,,,,
2427,SEZ,EBONYI,ONICHA,EBIA OSHIRI,EBIA,OSHIRI HC,,,,,,,
2428,SEZ,EBONYI,ONICHA,ENUAGU ONICHA,ENUAGU ONICHA,ONICHA HC,,,,,,,
2429,SEZ,EBONYI,ONICHA,ISHINKWOR UKAWU,ISHINKWO UKAWU,ONOKO MDG,,,,,,,
2430,SEZ,EBONYI,ONICHA,ISI ONICHA,ISI ONICHA,AMANATOR MDG HC,,,,,,,
2431,SEZ,EBONYI,ONICHA,OBEAGU ISU,OBEGU ISU,MGBALUKWU MDG,,,,,,,
2432,SEZ,EBONYI,ONICHA,OGUDU-OKWU OSHIRI,OGUDUOKWOR,OSHIRI MODEL PHC,,,,,,,
2433,SEZ,EBONYI,ONICHA,OGWU OSHIRI,UGWU OSHIRI,UGWU HC,,,,,,,
2434,SEZ,EBONYI,ONICHA,OKUZZU UKAWU,OKUZU UKAWU,OKUZU MDG HC,,,,,,,
2435,SEZ,EBONYI,ONICHA,UMUDOMI ONICHA,UMUDOMI,AMAS MDG HC,,,,,,,
2436,SSZ,EDO,AKOKO EDO,IBILO / EKPESA / EKOR / KIRAN-ILE / KIRAN-OKE,IBILLO,PRIMARY HEALTH CARE CENTER IKIRAN-OKE,,,,,,,
2437,SSZ,EDO,AKOKO EDO,IGARRA 1,IGARRA 1,PRIMARY HEALTH CARE CENTER UGBOBO,,,,,,,
2438,SSZ,EDO,AKOKO EDO,MAKEKE / OJAH / DANGBAL / OJIRAMI / ANYANWOZ,OKULOSHO,OJIRAMI,,,,,,,
2439,SSZ,EDO,AKOKO EDO,MAKEKE / OJAH / DANGBAL / OJIRAMI / ANYANWOZ,OKULOSHO,PRIMARY HEALTH CARE CENTER DAGBALA,,,,,,,
2440,SSZ,EDO,AKOKO EDO,OLOMA / OKPE / IKAKUMO / NYANRAN,OKPE,PRIMARY HESALTH CARE CENTER IJAJA,,,,,,,
2441,SSZ,EDO,AKOKO EDO,OSOSO,OSOSO,PRIMARY HEALTH CARE CENTER EGBETUA.,,,,,,,
2442,SSZ,EDO,AKOKO EDO,SOMORIKA / OGBE / SASARO / ONUMU / ESHAWA / OGUGU / IGBOSHI-AFE & ELE / ANYEGUNL,AIYEGUNLE,PRIMARY HEALTH CARE CENTER OGUGU,,,,,,,
2443,SSZ,EDO,AKOKO EDO,SOMORIKA / OGBE / SASARO / ONUMU / ESHAWA / OGUGU / IGBOSHI-AFE & ELE / ANYEGUNL,AIYEGUNLE,SOMORIKA,,,,,,,
2444,SSZ,EDO,AKOKO EDO,UNEME-NEKUA / AKPAMA / AIYETORO / EKPEDO / ERHURRUN / UNEME / OSU,UNEME,CLARA OSHIOMOLE COMP. CENTER UNEME-EKPEDO,,,,,,,
2445,,EDO,AKOKO EDO,ENWAN / ATTE / IKPESHI / EGBEGERE,ENWAN / ATTE / IKPESHI / EGBEGERE,ENWAN I PHC,,,,,,,
2446,,EDO,AKOKO EDO,IGARRA 11,IGARRA 11,IGARRA PHC,,,,,,,
2447,,EDO,AKOKO EDO,IMOGA / LAMPESE / BEKUMA / EKPE,IMOGA / LAMPESE / BEKUMA / EKPE,LAMPESE PHC ,,,,,,,
2448,SSZ,EDO,EGOR,OGIDA/ USE,OGIDA,PRIMARY HEALTH CENTER OGIDA,,,,,,,
2449,SSZ,EDO,EGOR,USELU 1,USELU 1,COMPREHENSIVE HEALTH CENTER EGUA-EDEIKEN,,,,,,,
2450,SSZ,EDO,EGOR,UWELU,UWELU,PRIMARY HEALTH CENTER UWELU,,,,,,,
2451,SSZ,EDO,ESAN CENTRAL,EWU 1,EHALEN,HEALTH CENTER EKO-EWU,,,,,,,
2452,SSZ,EDO,ESAN CENTRAL,EWU 11,EWU,HEALTH CENTER EGURE-EWU,,,,,,,
2453,SSZ,EDO,ESAN CENTRAL,IKEKATO,IKEKATO,PRIMARY HEALTH CARE CENTER UDOWO,,,,,,,
2454,SSZ,EDO,ESAN CENTRAL,IKEKATO,IKEKATO,PRIMARY HEALTH CENTER AGUA,,,,,,,
2455,SSZ,EDO,ESAN CENTRAL,OPOJI,OPOJI,HEALTH CENTER OPOJI,,,,,,,
2456,SSZ,EDO,ESAN CENTRAL,UGBEGUN,UGBEGUN,HEALTH CENTER EBUDIN,,,,,,,
2457,SSZ,EDO,ESAN CENTRAL,UNEAH,UNEAH,PRIMARY HEALTH CENTER ATUAGBO,,,,,,,
2458,SSZ,EDO,ESAN CENTRAL,UWESSAN 1,UWESSAN LL,PRIMARY HEALTH CENTER IBHIOLULU,,,,,,,
2459,SSZ,EDO,ESAN CENTRAL,UWESSAN 11,UWESSAN L,PRIMARY HEALTH CARE CENTER UNOGBO,,,,,,,
2460,SSZ,EDO,ESAN NORTH EAST,AMEDOKHIAN,AMEDOKHIAN,PRIMARY HEALTH CENTER AWO,,,,,,,
2461,SSZ,EDO,ESAN NORTH EAST,AMEDOKHIAN,OBIYON-AMEDOKHIAN,OBIYON PRIMARY HEALTH CENTER,,,,,,,
2462,SSZ,EDO,ESAN NORTH EAST,ARUE,ARUE,PRIMARY HEALTH CENTER ARUE,,,,,,,
2463,SSZ,EDO,ESAN NORTH EAST,EGBELE,EGBELE,PRIMARY HEALTH CENTER EGBELE,,,,,,,
2464,SSZ,EDO,ESAN NORTH EAST,OBEIDU,OBEIDU,PRIMARY HEALTH CENTER OBEIDU,,,,,,,
2465,SSZ,EDO,ESAN NORTH EAST,UBIERUMU,UBIERUMI-OKE,PRIMARY HEALTH CENTER IDUMOZA,,,,,,,
2466,SSZ,EDO,ESAN NORTH EAST,UWALOR,UWALOR-OKE,PRIMARY HEALTH CARE CENTER UWALOR-OKE,,,,,,,
2467,SSZ,EDO,ESAN NORTH EAST,UZBA,UZENEME,PRIMARY HEALTH CENTER UZENEME,,,,,,,
2468,SSZ,EDO,ESAN SOUTH EAST,EMU,EMU,PRIMARY HEALTH CENTER OROWA,,,,,,,
2469,SSZ,EDO,ESAN SOUTH EAST,EWATTO,EWATTO,PRIMARY HEALTH CENTER UHUMHENBHO,,,,,,,
2470,SSZ,EDO,ESAN SOUTH EAST,EWOHIMI 1,EWOHIMI L,PRIMARY HEALTH CENTEREGUARE EWOHINI,,,,,,,
2471,SSZ,EDO,ESAN SOUTH EAST,EWOHIMI 11,EWOHIMI LL,PRIMARY HEALTH CENTER OKEDE,,,,,,,
2472,SSZ,EDO,ESAN SOUTH EAST,ILLUSHI 11,ILLUSHI LL,PRIMARY HEALTH CENTER ILLUSHI LL,,,,,,,
2473,SSZ,EDO,ESAN SOUTH EAST,ILLUSHI I,ORIA,ORIA PHC 2,,,,,,,
2474,SSZ,EDO,ESAN SOUTH EAST,UBIAJA 1,UBIAJA L,PRIMARY HEALTH CENTEREGUARE UBIAJA L,,,,,,,
2475,SSZ,EDO,ESAN SOUTH EAST,UGBOHA,UGBOHA,PRIMARY HEALTH CENTER UGBOLA,,,,,,,
2476,SSZ,EDO,ESAN WEST,EGORO/IDOA/UKHUN,EGORO,PRIMARY HEALTH CENTER IDOA,,,,,,,
2477,SSZ,EDO,ESAN WEST,EMUHI/UKPENU/UJOELEN,UKPENU,"CENTRAL, PRIMARY HEALTH CENTER",,,,,,,
2478,SSZ,EDO,ESAN WEST,EMUHI/UKPENU/UJOELEN,EMUHI,UJOELEN PHC,,,,,,,
2479,SSZ,EDO,ESAN WEST,IRUEKPEN,IRUEKPEN,HEALTH CENTER IRUEKPEN,,,,,,,
2480,SSZ,EDO,ESAN WEST,IRURKPEN,JANE,"PRIMARY HEALTH CARE CENTRE, JAGBE",,,,,,,
2481,SSZ,EDO,ESAN WEST,UJIOGBA,UJIOGBA,PRIMARY HEALTH CENTER UJIOGBA,,,,,,,
2482,SSZ,EDO,ETSAKO CENTRAL,EKPERI I,UGBEKPE,PRIMARY HEALTH CENTER AZUKHALA,,,,,,,
2483,SSZ,EDO,ETSAKO CENTRAL,EKPERI II,OGBONERE,PRIMARY HEALTH CENTER OGOCHI,,,,,,,
2484,SSZ,EDO,ETSAKO CENTRAL,EKPERI III,OSOMEGBE,PRIMARY HEALTH CENTER OSOMEGBE,,,,,,,
2485,SSZ,EDO,ETSAKO CENTRAL,FUGAR I,IVNOME,PRIMARY HEALTH CENTER UNONE-FUGAR,,,,,,,
2486,SSZ,EDO,ETSAKO CENTRAL,FUGAR II,IVIARUA,PRIMARY HEALTH CENTER ARUA-FUGAR,,,,,,,
2487,SSZ,EDO,ETSAKO CENTRAL,FUGAR III,ADACHI WARD,PHC ADACHI,,,,,,,
2488,SSZ,EDO,ETSAKO CENTRAL,IRAOKHOR,IRAOKHOR,PRIMARY HEALTH CENTER IRAOKHOR,,,,,,,
2489,SSZ,EDO,ETSAKO CENTRAL,OGBONA,OGBONA,PRIMARY HEALTH CENTER OGBONA,,,,,,,
2490,SSZ,EDO,ETSAKO CENTRAL,SOUTH UWEME I,ANEGBETTE,PRIMARY HEALTH CENTER ANEGBETTE,,,,,,,
2491,SSZ,EDO,ETSAKO EAST,AGENEBODE,AGENEBODE,PRIMARY HEALTH CENTER IVIARI,,,,,,,
2492,SSZ,EDO,ETSAKO EAST,OKPEKPE,EBELLA,PRIMARY HEALTH CENTER EBELLA,,,,,,,
2493,SSZ,EDO,ETSAKO EAST,OKPELLA 1,OKPELLE I,PRIMARY HEALTH CENTER OKHASHE,,,,,,,
2494,SSZ,EDO,ETSAKO EAST,OKPELLA 11,OKPELLE II,PRIMARY HEALTH CENTER IMIEKURI,,,,,,,
2495,SSZ,EDO,ETSAKO EAST,OKPELLA 111,AFOKPELLA,HEALTH CENTER OGIROGA,,,,,,,
2496,SSZ,EDO,ETSAKO EAST,THREE IBIES,IMIEGBE,IMIEGBA PRIMARY HEALTH CARE CENTRE,,,,,,,
2497,SSZ,EDO,ETSAKO EAST,THREE IBIES,IMIEGBE,"ITSUKWI, PRIMARY HEALTH CARE CENTRE",,,,,,,
2498,SSZ,EDO,ETSAKO EAST,THREE IBIES,IMIEGBE,IMIAKEBU PRIMARY HEALTH CARE CENTRE,,,,,,,
2499,SSZ,EDO,ETSAKO EAST,WANNO 1,UZANU,PRIMARY HEALTH CENTER UZANU,,,,,,,
2500,SSZ,EDO,ETSAKO EAST,WANNO 11,WEPPSA-WANNO,PRIMARY HEALTH CENTER IGIODE,,,,,,,
2501,SSZ,EDO,ETSAKO WEST,ANWAIN,ANWAIN,PRIMARY HEALTH CENTER IDEGUN,,,,,,,
2502,SSZ,EDO,ETSAKO WEST,AUCHI 1,AUCHI 4,PHC AUCHI,,,,,,,
2503,SSZ,EDO,ETSAKO WEST,AVIELE,AVIELE,PRIMARY HEALTH CENTER UBIANE,,,,,,,
2504,SSZ,EDO,ETSAKO WEST,SOUTH IBIE,SOUTH IBIE,PRIMARY HEALTH CENTER SABO,,,,,,,
2505,SSZ,EDO,ETSAKO WEST,UZARUE N/E,UZAIARU NORTH EAST,PRIMARY HEALTH CARE CENTER APANA,,,,,,,
2506,SSZ,EDO,ETSAKO WEST,UZARUE N/E,UZAIARU NORTH EAST,PRIMARY HEALTH CARE CENTRE ULUOKE,,,,,,,
2507,SSZ,EDO,ETSAKO WEST,UZARUE S/E,UZAIRE SOUTH EAST,PRIMARY HEALTH CENTER IKABIGBO,,,,,,,
2508,SSZ,EDO,IGUEBEN,AFUDA,AFUDA,PRIMARY HEALTH CENTER AFUDA,,,,,,,
2509,SSZ,EDO,IGUEBEN,EKEKEHE/ IDUMOGO/EGBIKI,EKHEKHEN,PRIMARY HEALTH CENTER EKEKHEN,,,,,,,
2510,SSZ,EDO,IGUEBEN,EKPON,EKPON,PRIMARY HEALTH CENTER EKPON,,,,,,,
2511,SSZ,EDO,IGUEBEN,EWOSSA,EWOSSAN,PRIMARY HEATH CENTER EWOSSA,,,,,,,
2512,SSZ,EDO,IGUEBEN,OWU / OKUTA / EGUARE EBELLE,EGUARE,PRIMARY HEALTH CENTER EGUARE-IGUEBEN,,,,,,,
2513,SSZ,EDO,IGUEBEN,OWU / OKUTA / EGUARE EBELLE,EBELLE,PRIMARY HEALTH CENTER EBELLE,,,,,,,
2514,SSZ,EDO,IGUEBEN,UDO,UDO-EGUARE,PRIMARY HEALTH CENTER UDO-EGUARE,,,,,,,
2515,SSZ,EDO,IKPOBA OKHA,ADUWAWA,ADUWAWA,PRIMARY HEALTH CENTER EVBOMUDU,,,,,,,
2516,SSZ,EDO,IKPOBA OKHA,IDOGBO,UKHIRI,PRIMSRY HEALTH CENTER UKHIRI,,,,,,,
2517,SSZ,EDO,IKPOBA OKHA,IWOGBAN/ UTEH,UTE,PRIMARY HEALTH CENTER UTE,,,,,,,
2518,SSZ,EDO,IKPOBA OKHA,IWOGBAN/ UTEH,IWOGBAN,PRIMARY HEALTH CENTER IWOGBAN,,,,,,,
2519,SSZ,EDO,IKPOBA OKHA,OBAYANTOR,OGHEGHE WARD,OBAGIENEVBOSA PHC,,,,,,,
2520,SSZ,EDO,IKPOBA OKHA,OGBESON,AMUFI,PRIMARY HEALTH CENTER AMUFI,,,,,,,
2521,SSZ,EDO,IKPOBA OKHA,OGBESON,OGBESON,PRIMARY HEALTH CENTER OGBESON,,,,,,,
2522,SSZ,EDO,IKPOBA OKHA,OREGBENI,OREGBENI,PRIMARY HEALTH CENTER OREGBENI,,,,,,,
2523,SSZ,EDO,IKPOBA OKHA,UGBEKUN,UGBEKUN,PRIMARY HEALTH CENTER UGBEKUN,,,,,,,
2524,SSZ,EDO,OREDO,GRA/ETETE,IYEKOGBA,UGBOR PRIMARY HEALTH CARE,,,,,,,
2525,SSZ,EDO,OREDO,IKPEMA/EGUADASE,IKPEMA,IKPEMA PHC,,,,,,,
2526,SSZ,EDO,OREDO,NEW BENIN 11,NEW BENIN,PRIMARY HEALTH CENTER NEW BENIN,,,,,,,
2527,SSZ,EDO,ORHIOMWON,AIBIOKULA I,ABIOKUNLA I,OGAN PHC,,,,,,,
2528,SSZ,EDO,ORHIOMWON,AIBIOKULA I,ABIOKUNLA I,PRIMARY HEALTH CARE CENTER ABUDU,,,,,,,
2529,SSZ,EDO,ORHIOMWON,AIBIOKUNLA II,ABIOKUNLA II,PRIMARY HEALTH CARE CENTER OZA,,,,,,,
2530,SSZ,EDO,ORHIOMWON,EVBOESI,EVBOESI,PRIMARY HEALTH CARE CENTER EVBOESI,,,,,,,
2531,SSZ,EDO,ORHIOMWON,IGBANKE EAST,IGBANKE EAST,PRIMARY HEALTH CARE CENTER OLIGIE,,,,,,,
2532,SSZ,EDO,ORHIOMWON,UGBEKA,EVBOEHIGHAE,EVBOEHIGHAE PHC_,,,,,,,
2533,SSZ,EDO,ORHIOMWON,UGBOKO,UGBOKO,PRIMARY HEALTH CARE CENTER IGUODODO,,,,,,,
2534,SSZ,EDO,ORHIOMWON,UGU,UGU,PRIMARY HEALTH CARE CENTER URHEHURE,,,,,,,
2535,SSZ,EDO,ORHIOMWON,UKPATO,UKPATO,PRIMARY HEALTH CARE CENTER IGBEKHURE,,,,,,,
2536,SSZ,EDO,ORHIOMWON,URHONIGBE NORTH,URHONIGBE,PRIMARY HEALTH CARE CENTER UROHNIGBE,,,,,,,
2537,SSZ,EDO,OVIA NORTH EAST,ADOLOR,ADOLOR,PHC EKIADOLOR,,,,,,,
2538,SSZ,EDO,OVIA NORTH EAST,IGUOSHODIN,IGUOSHODIN,EGBEAN HEALTH POST,,,,,,,
2539,SSZ,EDO,OVIA NORTH EAST,ISIUWA,ISIUWA,PRIMARY HEALTH CARE CENTER UGBOIOGBO,,,,,,,
2540,SSZ,EDO,OVIA NORTH EAST,ODUNA,UGBINEH,UGBINEH,,,,,,,
2541,SSZ,EDO,OVIA NORTH EAST,OKADA EAST,OKADA EAST,IGUIYE PHC,,,,,,,
2542,SSZ,EDO,OVIA NORTH EAST,OKOKHUO,OKOKHUO,OKOKHUO PHC,,,,,,,
2543,SSZ,EDO,OVIA NORTH EAST,OLUKU,OLUKU,PRIMARY HEALTH CARE CENTER OLUKU,,,,,,,
2544,SSZ,EDO,OVIA NORTH EAST,UHEN,UHEN,PRIMARY HEALTH CARE CENTER UHEN,,,,,,,
2545,SSZ,EDO,OVIA NORTH EAST,UHIERE,UKHIRE,PRIMARY HEALTH CARE CENTER OWAN,,,,,,,
2546,SSZ,EDO,OVIA NORTH EAST,UHIERE,ODIGHI PHC,ODIGHI PHC,,,,,,,
2547,SSZ,EDO,OVIA NORTH EAST,UTOKA,UTOKA,HEALTH CLINIC UTOKA,,,,,,,
2548,SSZ,EDO,OVIA SOUTH WEST,IGUOBAZUWA EAST,IGUBAZUWA EAST,IGBUOBAZUWA PHC,,,,,,,
2549,SSZ,EDO,OVIA SOUTH WEST,NIKOROGHA,NIKOROGHA,PRIMARY HEALTH CARE CENTER NIKOROGHA,,,,,,,
2550,SSZ,EDO,OVIA SOUTH WEST,OFUNAMA,OFUNAMA,PRIMARY HEALTH CARE CENTER AJAKURANA,,,,,,,
2551,SSZ,EDO,OVIA SOUTH WEST,ORA,ORA,ORA PHC,,,,,,,
2552,SSZ,EDO,OVIA SOUTH WEST,UMAZA,UMAZA,USEN PRIMARY HEALTH CARE,,,,,,,
2553,SSZ,EDO,OVIA SOUTH WEST,USEN,USEN,USEN PRIMARY HEALTH CARE,,,,,,,
2554,SSZ,EDO,OWAN EAST,EMAI I,EMAI 1,REFERAL MEDICAL CENTER AFUZE,,,,,,,
2555,SSZ,EDO,OWAN EAST,EMAI II,EMAI IL,OVBIOWUN BASIC HEALTH CENTRE,,,,,,,
2556,SSZ,EDO,OWAN EAST,EMAI II,EMAI IL,PRIMARY HEALTH CARE CENTER OKPKHUMI,,,,,,,
2557,SSZ,EDO,OWAN EAST,IGUE/ IKAO,IGUE,PRIMARY HEALTH CARE CENTER IGUE-SALE,,,,,,,
2558,SSZ,EDO,OWAN EAST,IHIEVBE I,IHIEVEBE,PRIMARY HEALTH CARE CENTER UBUNEKE,,,,,,,
2559,SSZ,EDO,OWAN EAST,IHIEVBE II,"IHIEVBE 2, WARD 4",OTUA MODEL PHC,,,,,,,
2560,SSZ,EDO,OWAN EAST,IVBIADAOBI,IVBIADAOBI,PRIMARY HEALTH CARE CENTER OHAMNI,,,,,,,
2561,SSZ,EDO,OWAN EAST,OTUO I,OTUO L,PRIMARY HEALTH CARE CENTER OLUMA,,,,,,,
2562,SSZ,EDO,OWAN EAST,OTUO II,OTUO II,PRIMARY HEALTH CARE CENTER AMOYA,,,,,,,
2563,SSZ,EDO,OWAN EAST,UOKHA/ AKE,AKE,PRIMARY HEALTH CARE CENTER AKE,,,,,,,
2564,SSZ,EDO,OWAN EAST,WARRAKE,WARRAKE,PRIMARY HEALTH CARE CENTER AFARBAKHIRE,,,,,,,
2565,SSZ,EDO,OWAN WEST,AKHUSE- OSE,OGBAGUN,PRIMARY HEALTH CENTER OKKUFE/OSI,,,,,,,
2566,SSZ,EDO,OWAN WEST,AVBIOSI- OSI,AVBIOSI,PRIMARY HEALTH CARE CENTER AVBIOSI,,,,,,,
2567,SSZ,EDO,OWAN WEST,ERURERE,ERUERE,PRIMARY HEALTH CARE CENTER EURERE,,,,,,,
2568,SSZ,EDO,OWAN WEST,OZALLA,OZALLA,PRIMARY HEALTH CARE CENTER OZALLA,,,,,,,
2569,SSZ,EDO,OWAN WEST,SABONGIDA / ORA / OGBETURU,SABOGIDA-ORA,MICHAEL IMOUDU COMPREHENSIVE HEALTH CARE,,,,,,,
2570,SSZ,EDO,OWAN WEST,SABONGIDA / ORA / OGBETURU,SABOGIDA-ORA,HEALTH CENTER ATURURU,,,,,,,
2571,SSZ,EDO,OWAN WEST,SOBE,SOBE,PRIMARY HEALTH CARE CENTER SOBE II,,,,,,,
2572,SSZ,EDO,OWAN WEST,UHONMORA,UHUNMORA,PRIMARY HEALTH CARE CENTER UHUNMORA,,,,,,,
2573,SSZ,EDO,OWAN WEST,UZEBBA 1,UZEBBA I,PHC UZEBBA,,,,,,,
2574,SSZ,EDO,UHUMWONDE,EHOR,EHOR,PRIMARY HEALTH CARE CENTER EHOR,,,,,,,
2575,SSZ,EDO,UHUMWONDE,IRHUE,IRHUE,PRIMARY HEALTH CARE CENTER ORHUA,,,,,,,
2576,SSZ,EDO,UHUMWONDE,IRHUE,IRHUE,OKE PHC,,,,,,,
2577,SSZ,EDO,UHUMWONDE,ISI NORTH,ISI NORTH,PRIMARY HEALTH CAENTER OKHUOKHUO,,,,,,,
2578,SSZ,EDO,UHUMWONDE,OHUAN,OHUAN,PRIMARY HEALTH CENTER IGUEHANA,,,,,,,
2579,SSZ,EDO,UHUMWONDE,OHUAN,OHUAN,PRIMARY HEALTH CARE CENTER EVBOHUAN,,,,,,,
2580,SSZ,EDO,UHUMWONDE,UMAGBAE SOUTH,UMAGBAE SOUTH,PRIMARY HEALTH CARE CENTER IDUMWUNGHA,,,,,,,
2581,SWZ,EKITI,ADO,DALLINMORE,OPOPOGBOORO(DALLIMORE),BASIC HEALTH CENTRE OPOPO,,,,,,,
2582,SWZ,EKITI,ADO,FARM SETT,ODO,BHC ODO,,,,,,,
2583,SWZ,EKITI,ADO,IDOLOFIN,IJIGBO,BASIC HEALTH CENTRE IDOLOFIN,,,,,,,
2584,SWZ,EKITI,ADO,IDOLOFIN,IDOLOFIN,PRIMARY HEALTH CLINIC,,,,,,,
2585,SWZ,EKITI,ADO,IGBEHIN,AGO ADULOJU,PRIMARY HEALTH CLINIC EMIRIN,,,,,,,
2586,SWZ,EKITI,ADO,IJOKA,BASIRI,BHC BASIRI,,,,,,,
2587,SWZ,EKITI,ADO,IJOKA,IJOKA,BHC OKE ONIYO_,,,,,,,
2588,SWZ,EKITI,ADO,INISA,ODO-ADO(INISA),IDOFIN PRIMARY HEALTH CLINIC,,,,,,,
2589,SWZ,EKITI,ADO,INISA,ODO-ADO(INISA),BASIC HEALTH CENTRE ODO ADO,,,,,,,
2590,,EKITI,ADO,EREGURU,Ureje,IGIEGHUDU PHC,,,,,,,
2591,,EKITI,ADO,IDOFIN,Idofin,IDOFIN PRIMARY HEALTH CLINIC,,,,,,,
2592,,EKITI,ADO,IJIGBO,Ekute,BHC OKE Oniyo,,,,,,,
2593,SWZ,EKITI,ADO,IRONA,IRONA,BASIC HEALTH CENTRE IRONA,,,,,,,
2594,SWZ,EKITI,ADO,OKEILA,OKE-ILA,BASIC HEALTH CENTRE FEDERAL HOUSING,,,,,,,
2595,SWZ,EKITI,ADO,OKESA,OKESA,COMPREHENSIVE HEALTH CENTRE OKESA,,,,,,,
2596,SWZ,EKITI,ADO,OKEYINMI,OKEYINMI,FSP OKEYINMI,,,,,,,
2597,SWZ,EKITI,EFON,EFON I,EREKESAN-1(EFON I),COMPREHENSIVE HEALTH CENTRE EREKESAN,,,,,,,
2598,SWZ,EKITI,EFON,EFON III,IDAGBA-APERE-3(EFON III),BASIC HEALTH CENTRE ISAJA,,,,,,,
2599,SWZ,EKITI,EFON,EFON IV,ALAJO-SURULERE-4 (EFON IV),BASIC HEALTH CENTRE ITA IDO,,,,,,,
2600,SWZ,EKITI,EFON,EFON IX,ILORO-9 (EFON IX),BASIC HEALTH CENTRE ILORO,,,,,,,
2601,SWZ,EKITI,EFON,EFON V,OBAKE-5 (EFON V),BASIC HEALTH CENTRE OBAKE,,,,,,,
2602,SWZ,EKITI,EFON,EFON VI,IGBO-OLOFIN(EFON VI),BASIC HEALTH CENTRE IGBO OLOFIN,,,,,,,
2603,SWZ,EKITI,EFON,EFON II,ILUGBEKU(EFON II),BHC ILUBEKU,,,,,,,
2604,SWZ,EKITI,EFON,EFON VII,ALANAKA-7 (EFON VII),BASIC HEALTH CENTRE ALANAKA,,,,,,,
2605,SWZ,EKITI,EFON,EFON VIII,IWAJI-8 (EFON VIII),BASIC HEALTH CENTRE IWAJI,,,,,,,
2606,SWZ,EKITI,EFON,EFON X,ARAROMI-10(EFON X),BASIC HEALTH CENTRE ARAROMI,,,,,,,
2607,SWZ,EKITI,EK SOUTH WEST,IGBARA ODO I,OKE-ODE (IGBARA ODO I),COMPREHENSIVE HEALTH CENTRE IGBARA ODO,,,,,,,
2608,SWZ,EKITI,EK SOUTH WEST,IGBARA ODO II,ODO-GBARA(IGBARA ODO II0,BASIC HEALTH CENTRE IGBARA ODO,,,,,,,
2609,SWZ,EKITI,EK SOUTH WEST,ILAWE V,ADIN (ILAWE V),COMPREHENSIVE HEALTH CENTRE ADIN ILAWE,,,,,,,
2610,SWZ,EKITI,EK SOUTH WEST,ILAWE VI,OKE-EMO (ILAWE VI),BASIC HEALTH CENTRE OKE EMO,,,,,,,
2611,SWZ,EKITI,EK SOUTH WEST,ILAWE VII,IRO-OKELOYE-OKEPA(ILAWE VII),ALGON COMPREHENSIVE HEALTH CENTRE ILAWE,,,,,,,
2612,SWZ,EKITI,EK SOUTH WEST,ILAWEI,AAYE (ILAWE I),BASIC HEALTH CENTRE AAYE,,,,,,,
2613,SWZ,EKITI,EK SOUTH WEST,ILAWEII,IRORIN (ILAWE II),HEALTH POST IRORIN,,,,,,,
2614,SWZ,EKITI,EK SOUTH WEST,ILAWEIII,OKEBEDO-I (ILAWE III),HEALTH POST OKEBEDO I,,,,,,,
2615,SWZ,EKITI,EK SOUTH WEST,ILAWEIV,OKEBEDO-II (ILAWE IV),HEALTH POST OKEBEDO II,,,,,,,
2616,SWZ,EKITI,EK SOUTH WEST,OGOTUN I,IFAKIN (OGOTUN I),BASIC HEALTH CENTRE OGOTUN,,,,,,,
2617,SWZ,EKITI,EK SOUTH WEST,OGOTUN II,OKEMI (OGOTUN II),OGOTUN COMPREHENSIVE HEALTH CENTRE,,,,,,,
2618,SWZ,EKITI,EK WEST,ARAMOKE I,ARAMOKO-I,BASIC HEALTH CENTRE OKE OJA ARAMOKO,,,,,,,
2619,SWZ,EKITI,EK WEST,ARAMOKE II,ARAMOKO-II,COMPREHENSIVE HEALTH CENTRE IWARO ARAMOKO,,,,,,,
2620,SWZ,EKITI,EK WEST,ARAMOKE III,ERIO (ARAMOKO III),BASIC HEALTH CENTRE ERIO,,,,,,,
2621,SWZ,EKITI,EK WEST,ERIJIYAM I,ERIJIYAN-A,MODEL HEALTH CENTRE ERIJIYAN,,,,,,,
2622,SWZ,EKITI,EK WEST,ERIJIYAM II,ERINJIYAN-B,COMPREHENSIVE HEALTH CENTRE ERIJIYAN,,,,,,,
2623,SWZ,EKITI,EK WEST,IDO AJINARE,IDO-ILE( IDO AJINARE),COMPREHENSIVE HEALTH CENTRE IDO ILE,,,,,,,
2624,SWZ,EKITI,EK WEST,IKOGOSI,IKOGOSI,COMPREHENSIVE HEALTH CENTRE IKOGOSI,,,,,,,
2625,SWZ,EKITI,EK WEST,IPOLE ILORO,IPOLE-ILORO,BASIC HEALTH CENTRE IPOLE ILORO,,,,,,,
2626,SWZ,EKITI,EK WEST,OKEMESI I,OKEMESI-A,COMPREHENSIVE HEALTH CENTRE OKEMESI,,,,,,,
2627,SWZ,EKITI,EK WEST,OKEMESI II,OKEMESI-B,BASIC HEALTH CENTRE OKEMESI,,,,,,,
2628,SWZ,EKITI,EK WEST,OKEMESI III,OKEMESI-C,HEALTH POST OKO IRO,,,,,,,
2629,SWZ,EKITI,EKITI EAST,ARAROMI,ARAROMI,BASIC HEALTH CENTRE ARAROMI,,,,,,,
2630,SWZ,EKITI,EKITI EAST,ILASA I,ILASA I,BASIC HEALTH CENTRE ILASA,,,,,,,
2631,SWZ,EKITI,EKITI EAST,ILASA II IKUN/ARAROMI,ILASA II IKUN/ARAROMI,BASIC HEALTH CENTRE EDA ILE,,,,,,,
2632,SWZ,EKITI,EKITI EAST,ISINBODE,ISINBODE,COMPREHENSIVE HEALTH CENTRE ISINBODE,,,,,,,
2633,SWZ,EKITI,EKITI EAST,KOTA,KOTA,BASIC HEALTH CENTRE ISAYA KOTA,,,,,,,
2634,SWZ,EKITI,EKITI EAST,KOTA II,KOTA II,COMPREHENSIVE HEALTH CENTRE KOTA,,,,,,,
2635,SWZ,EKITI,EKITI EAST,OBADORE I,OBADORE I,BASIC HEALTH CENTRE IJERO OMUO,,,,,,,
2636,SWZ,EKITI,EKITI EAST,OBADORE II,OBADORE II,BASIC HEALTH CENTRE IWORO,,,,,,,
2637,SWZ,EKITI,EKITI EAST,OBADORE III,WARD-8 (OBADORE III),COMPREHENSIVE HEALTH CENTRE ILISA OMUO,,,,,,,
2638,SWZ,EKITI,EKITI EAST,OBADORE IV,WARD-9(OBADORE IV),BASIC HEALTH CENTRE ILUDOFIN,,,,,,,
2639,SWZ,EKITI,EKITI EAST,OMU-OKE,OMU-OKE,BASIC HEALTH CENTRE SURULERE OMUO,,,,,,,
2640,SWZ,EKITI,EKITI EAST,OMU-OKE II,OMU-OKE II,COMPREHENSIVE HEALTH CENTRE OMUOOKE 2,,,,,,,
2641,SWZ,EKITI,EMURE,IDAMUDU I,IDUMUDU ( IDAMUDU I),BASIC HEALTH CENTRE IDAMUDU,,,,,,,
2642,SWZ,EKITI,EMURE,IDAMUDU II,ARIYASI (IDAMUDU II),MODEL HEALTH CENTRE ARIYASI EMURE,,,,,,,
2643,SWZ,EKITI,EMURE,ODO EMURE I,ODO-EMURE I,CHILD WELFARE CLINIC ODO EMURE 2,,,,,,,
2644,SWZ,EKITI,EMURE,ODO EMURE II,ODO-EMURE II,BASIC HEALTH CENTRE ODO EMURE,,,,,,,
2645,SWZ,EKITI,EMURE,ODO EMURE III,IBEJI-SHITTU(ODO EMURE III),BHC IBEJI SHITTU,,,,,,,
2646,SWZ,EKITI,EMURE,ODO EMURE IV,OWODE-OSE (ODO EMURE IV),BASIC HEALTH CENTRE OWODE OSE,,,,,,,
2647,SWZ,EKITI,EMURE,OGBONTIORO I,OGBONTIORO I,BASIC HEALTH CENTRE OGBONTIORO,,,,,,,
2648,SWZ,EKITI,EMURE,OGBONTIORO II,EPORO(OGBONTIORO II),BASIC HEALTH CENTRE EPORO,,,,,,,
2649,SWZ,EKITI,EMURE,OKE EMURE I,OKE-EMURE I,BASIC HEALTH CENTRE OGE,,,,,,,
2650,SWZ,EKITI,EMURE,OKE EMURE II,SASERE(OKE EMURE II),BASIC HEALTH CENTRE SASERE,,,,,,,
2651,SWZ,EKITI,GBONYIN,AGBADO,AGBADO,BASIC HEALTH CENTRE IPOLE AGBADO,,,,,,,
2652,SWZ,EKITI,GBONYIN,AISEGBA I,AISEGBA-I,BASIC HEALTH CENTRE BOLORUNDURO,,,,,,,
2653,SWZ,EKITI,GBONYIN,AISEGBA II,AISEGBA-II,BASIC HEALTH CENTRE AISEGBA,,,,,,,
2654,SWZ,EKITI,GBONYIN,EGBE/IRO,EGBE-IRO,BASIC HEALTH CENTRE IRO EKITI,,,,,,,
2655,SWZ,EKITI,GBONYIN,IJAN,IJAN,BASIC HEALTH CENTRE IJAN I,,,,,,,
2656,SWZ,EKITI,GBONYIN,ILUOMOBA,ILUOMOBA,BASIC HEALTH CENTRE AJEBANDELE,,,,,,,
2657,SWZ,EKITI,GBONYIN,IMESI,IMESI,COMPREHENSIVE HEALTH CENTRE IMESI,,,,,,,
2658,SWZ,EKITI,GBONYIN,ODE I,ODE-I,COMPREHENSIVE HEALTH CENTRE ODE,,,,,,,
2659,SWZ,EKITI,GBONYIN,ODE II,ODE-II,BASIC HEALTH CENTRE ODE,,,,,,,
2660,SWZ,EKITI,GBONYIN,ODE III,ODE-III,MODEL HEALTH CENTRE ODE,,,,,,,
2661,SWZ,EKITI,IDO OSI,AYETORO I,AYETORO-1,MODEL HEALTH CENTRE AYETORO,,,,,,,
2662,SWZ,EKITI,IDO OSI,AYETORO II,AYETORO-2,COMPREHENSIVE HEALTH CENTRE AYETORO,,,,,,,
2663,SWZ,EKITI,IDO OSI,IDO I,IDO-I,BASIC HEALTH CENTRE IDO I,,,,,,,
2664,SWZ,EKITI,IDO OSI,IDO II,IDO-II,COMPREHENSIVE HEALTH CENTRE IDO,,,,,,,
2665,SWZ,EKITI,IDO OSI,IFAKI I,IFAKI-I,COMPREHENSIVE HEALTH CENTRE IFAKI,,,,,,,
2666,SWZ,EKITI,IDO OSI,IFAKI II,IFAKI-II,BASIC HEALTH CENTRE IFAKI,,,,,,,
2667,SWZ,EKITI,IDO OSI,IGBOLIS/IFISIN AYOS,IGBOLE-AAYE-IFISIN,BASIC HEALTH CENTRE IFISIN,,,,,,,
2668,SWZ,EKITI,IDO OSI,ILOGBO,ILOGBO,COMPREHENSIVE HEALTH CENTRE ILOGBO,,,,,,,
2669,SWZ,EKITI,IDO OSI,ORIN/ORA,ORIN-ORA,COMPREHENSIVE HEALTH CENTRE ORIN,,,,,,,
2670,SWZ,EKITI,IDO OSI,OSI,OSI,COMPREHENSIVE HEALTH CENTRE OSI,,,,,,,
2671,SWZ,EKITI,IDO OSI,USI,USI,COMPREHENSIVE HEALTH CENTRE USI,,,,,,,
2672,SWZ,EKITI,IJERO,EKAMARUN,EKAMARUN,BASIC HEALTH CENTRE AYEGUNLE,,,,,,,
2673,SWZ,EKITI,IJERO,EKAMETA,EKAMETA,COMPREHENSIVE HEALTH CENTRE ARA,,,,,,,
2674,SWZ,EKITI,IJERO,IJERO A,IJERO-A,COMPREHENSIVE HEALTH CENTRE ODO ESE IJERO,,,,,,,
2675,SWZ,EKITI,IJERO,IJERO B,IJERO-B,COMPREHENSIVE HEALTH CENTRE ODO OYE,,,,,,,
2676,SWZ,EKITI,IJERO,IJERO C,IJERO-C,PRIMARY HEALTH CLINIC,,,,,,,
2677,SWZ,EKITI,IJERO,IJERO D,IJERO-D,BASIC HEALTH CENTRE OJUORO,,,,,,,
2678,SWZ,EKITI,IJERO,IKORO,IKORO,COMPREHENSIVE HEALTH CENTRE IKORO,,,,,,,
2679,SWZ,EKITI,IJERO,ILORO / IJURIN B,ILORO-IJURIN,MODEL HEALTH CENTRE IJURIN,,,,,,,
2680,SWZ,EKITI,IJERO,ILORO A,ILORO-A,CHC EDA ONIYO,,,,,,,
2681,SWZ,EKITI,IJERO,IPOTI A,IPOTI-A,COMPREHENSIVE HEALTH CENTRE ISOKUN IPOTI,,,,,,,
2682,SWZ,EKITI,IJERO,IPOTI B,IPOTI-B,BASIC HEALTH CENTRE EJIYAN,,,,,,,
2683,SWZ,EKITI,IJERO,ODO-OWA,ODO-OWA,BASIC HEALTH CENTRE ODO OWA,,,,,,,
2684,SWZ,EKITI,IKERE,AFAO / KAJOLA,AFAO-KAJOLA,COMPREHENSIVE HEALTH CENTRE AFAO IKERE,,,,,,,
2685,SWZ,EKITI,IKERE,AGBADO/OYO,AGBADO-OYO,BASIC HEALTH CENTRE AGBADO OYO,,,,,,,
2686,SWZ,EKITI,IKERE,ARE / ARAROMI,ARE-ARAROMI,BASIC HEALTH CENTRE ARE ARAROMI,,,,,,,
2687,SWZ,EKITI,IKERE,ATIBA-AAFIN,ATIBA-AAFIN,BASIC HEALTH CENTRE ATIBA,,,,,,,
2688,SWZ,EKITI,IKERE,IDEMO,IDEMO,HEALTH POST IDEMO,,,,,,,
2689,SWZ,EKITI,IKERE,ILAPETU/IJAO,IJAO-ILAPETU,BASIC HEALTH CENTRE OKEKERE,,,,,,,
2690,SWZ,EKITI,IKERE,ODOSE,ODOSE,HEALTH POST ODOSE,,,,,,,
2691,SWZ,EKITI,IKERE,OGBON JANA,OGBONJANA,HEALTH POST OGBONJANA,,,,,,,
2692,SWZ,EKITI,IKERE,OKEOSUN,OKEOSUN,BASIC HEALTH CENTRE OKE OSUN,,,,,,,
2693,SWZ,EKITI,IKERE,OKERUKU,OKERUKU,HEALTH POST OKERUKU,,,,,,,
2694,SWZ,EKITI,IKERE,UGELE/AROKUN,UGELE(UGELE/AROKUN),HEALTH POST UGELE AROKUN,,,,,,,
2695,SWZ,EKITI,IKOLE,ARAROMI / BOLODUNRO,IKURIN-ORIN-ODO(ARAROMI/BOLODUNRO),HEALTH POST IKOLE MARKET,,,,,,,
2696,SWZ,EKITI,IKOLE,IJESA ISU,IJESU-ISU,BASIC HEALTH CENTRE IJESA ISU,,,,,,,
2697,SWZ,EKITI,IKOLE,IKOLE EAST,USIN-ISABA(IKOLE EAST),BASIC HEALTH CENTRE ISABA,,,,,,,
2698,SWZ,EKITI,IKOLE,IKOLE SOUTH,ODO-ORO(IKOLE SOUTH),BASIC HEALTH CENTRE ODO ORO,,,,,,,
2699,SWZ,EKITI,IKOLE,IKOLE WEST,IKOLE-2 (IKOLE WEST),METHODIST COMPREHENSIVE HEALTH CENTRE IKOLE,,,,,,,
2700,SWZ,EKITI,IKOLE,IKOLE WEST II,ASIN(IKOLE WEST II),BASIC HEALTH CENTRE ASIN,,,,,,,
2701,SWZ,EKITI,IKOLE,IPAO / OKEAKO IRELE,IPAO-OKEAKO-IRELE,MODEL HEALTH CENTRE OKE AKO,,,,,,,
2702,SWZ,EKITI,IKOLE,IPAO / OKEAKO IRELE,IKOLE-ARA(IPAO OKEAKO IRELE),BASIC HEALTH CENTRE ARA IKOLE,,,,,,,
2703,SWZ,EKITI,IKOLE,ITAPAJI / IYEMERO,ITAPAJI-IYEMERO,BASIC HEALTH CENTRE IYEMERO,,,,,,,
2704,SWZ,EKITI,IKOLE,ODO AYEDUN / AYEBODE,ODO AYEBODE(ODO AYEDUN/AYEBODE),BASIC HEALTH CENTRE AYEBODE,,,,,,,
2705,SWZ,EKITI,IKOLE,ODO AYEDUN I,ODO-AYEDUN,COMPREHENSIVE HEALTH CENTRE AYEDUN,,,,,,,
2706,SWZ,EKITI,IKOLE,OKE AYEDUN,OKEAYEDUN-ESUN,BASIC HEALTH CENTRE ESUN,,,,,,,
2707,SWZ,EKITI,ILEJEMEJE,EDA / OBADA,EDA-OBADA,BASIC HEALTH CENTRE OBADA,,,,,,,
2708,SWZ,EKITI,ILEJEMEJE,EDA ONIYO,EDA-ONIYO-II,CHC EDA ONIYO,,,,,,,
2709,SWZ,EKITI,ILEJEMEJE,EWU,EWU,BASIC HEALTH CENTRE EWU,,,,,,,
2710,SWZ,EKITI,ILEJEMEJE,IJESAMODU,IJESAMODU-7,BASIC HEALTH CENTRE IJESAMODU,,,,,,,
2711,SWZ,EKITI,ILEJEMEJE,ILUDUN I,ILUDUN-I,COMPREHENSIVE HEALTH CENTRE ILUDUN,,,,,,,
2712,SWZ,EKITI,ILEJEMEJE,ILUDUN II,ILUDUN-II,MODEL HEALTH CENTRE ILUDUN,,,,,,,
2713,SWZ,EKITI,ILEJEMEJE,IPERE,IPERE-10,BASIC HEALTH CENTRE IPERE,,,,,,,
2714,SWZ,EKITI,ILEJEMEJE,IYE I,ILEFON (IYE I),COMPREHENSIVE HEALTH CENTRE IYE,,,,,,,
2715,SWZ,EKITI,ILEJEMEJE,IYE II,OKE-IYE(IYE II),MODEL HEALTH CENTRE IYE,,,,,,,
2716,SWZ,EKITI,ILEJEMEJE,IYE III,ISAPA (IYE III),BHC ISAPA,,,,,,,
2717,SWZ,EKITI,IRE-IFE,AFAO,AFAO,COMPREHENSIVE HEALTH CENTRE AFAO,,,,,,,
2718,SWZ,EKITI,IRE-IFE,ARE,ARE,BASIC HEALTH CENTRE ARE ARAROMI,,,,,,,
2719,SWZ,EKITI,IRE-IFE,AWO,AWO,BASIC HEALTH CENTRE AWO,,,,,,,
2720,SWZ,EKITI,IRE-IFE,IABEMO,IGBEMO,COMPREHENSIVE HEALTH CENTRE IGBEMO,,,,,,,
2721,SWZ,EKITI,IRE-IFE,IGEDE I,IGEDE-A,COMPREHENSIVE HEALTH CENTRE IGEDE,,,,,,,
2722,SWZ,EKITI,IRE-IFE,IGEDE II,IGEDE-B,BASIC HEALTH CENTRE AAYE IGEDE,,,,,,,
2723,SWZ,EKITI,IRE-IFE,IGEDE III,IGEDE-C,BASIC HEALTH CENTRE ILAMOYE IGEDE,,,,,,,
2724,SWZ,EKITI,IRE-IFE,IROPORA/ESURE/EYE,IROPORA-EYIO-ESURE,BASIC HEALTH CENTRE IROPORA,,,,,,,
2725,SWZ,EKITI,IRE-IFE,IWOROKO,IWOROKO,BASIC HEALTH CENTRE IWOROKO,,,,,,,
2726,SWZ,EKITI,IRE-IFE,IYIN I,IYIN-A,BASIC HEALTH CENTRE OKETORO IYIN,,,,,,,
2727,SWZ,EKITI,IRE-IFE,IYIN II,IYIN-B,PRIMARY HEALTH CLINIC IRO EKITI,,,,,,,
2728,SWZ,EKITI,ISE-ORUN,ERINWA I,ERINWA-I,BASIC HEALTH CENTRE IFOFIN,,,,,,,
2729,SWZ,EKITI,ISE-ORUN,ERINWA II,ERINWA-II,PRIMARY HEALTH CLINIC OBADA,,,,,,,
2730,SWZ,EKITI,ISE-ORUN,ODO-ISE I,ODO-ISE I,BHC ODO ISE I,,,,,,,
2731,SWZ,EKITI,ISE-ORUN,ODO-ISE II,ODOSE-II,COMPREHENSIVE HEALTH CENTRE OKE YARD ISE,,,,,,,
2732,SWZ,EKITI,ISE-ORUN,ODO-ISE III,ODOSE-III,BASIC HEALTH CENTRE AJEGUNLE,,,,,,,
2733,SWZ,EKITI,ISE-ORUN,ORAYE I,ORAYE I,BHC ORAYE I,,,,,,,
2734,SWZ,EKITI,ISE-ORUN,ORAYE II,ORAYE-2,BASIC HEALTH CENTRE ORAYE,,,,,,,
2735,SWZ,EKITI,ISE-ORUN,ORAYE III,ORAYE-III,BASIC HEALTH CENTRE TEMIDIRE,,,,,,,
2736,SWZ,EKITI,ISE-ORUN,ORUN I,ORUN 1,BHC ORUN 1,,,,,,,
2737,SWZ,EKITI,ISE-ORUN,ORUN II,ORUN II,BASIC HEALTH CENTER ORUN II,,,,,,,
2738,SWZ,EKITI,MOBA,ERINMOPE I,ERINMOPE-1,BASIC HEALTH CENTRE ERINMOPE,,,,,,,
2739,SWZ,EKITI,MOBA,ERINMOPE II,ERINMOPE-2,BASIC HEALTH CENTRE AAYE OJA,,,,,,,
2740,SWZ,EKITI,MOBA,IGIGO I,IGOGO-1,COMPREHENSIVE HEALTH CENTRE IGOGO,,,,,,,
2741,SWZ,EKITI,MOBA,IGIGO II,IGOGO-2,BASIC HEALTH CENTRE IKOSU,,,,,,,
2742,SWZ,EKITI,MOBA,IKUN I,IKUN-1,BASIC HEALTH CENTRE IKUN,,,,,,,
2743,SWZ,EKITI,MOBA,IKUN II,IKUN-2,HEALTH POST IKUN,,,,,,,
2744,SWZ,EKITI,MOBA,OSUN I,OSUN I,BASIC HEALTH CENTRE OSUN,,,,,,,
2745,SWZ,EKITI,MOBA,OSUN II,OSAN (OSUN II),BASIC HEALTH CENTRE OSAN,,,,,,,
2746,SWZ,EKITI,MOBA,OTUN II,OTUN-2,MODEL HEALTH CENTRE OTUN,,,,,,,
2747,SWZ,EKITI,MOBA,OTUN I,OTUN I,OTUN BASIC HEALTH CENTRE,,,,,,,
2748,SWZ,EKITI,MOBA,OTUN III,OTUN-3,COMPREHENSIVE HEALTH CENTRE OTUN,,,,,,,
2749,SWZ,EKITI,OYE,AYEDE NORTH,AYEDE-NORTH,BASIC HEALTH CENTRE AYEDE,,,,,,,
2750,SWZ,EKITI,OYE,AYEDE SOUTH / ITAJI,ITAJI-AYEDE-SOUTH,BASIC HEALTH CENTRE ITAJI,,,,,,,
2751,SWZ,EKITI,OYE,AYEGBAJU,AYEGBAJU,BASIC HEALTH CENTRE AYEGBAJU,,,,,,,
2752,SWZ,EKITI,OYE,ILUPEJU I,ILUPEJU-I,BASIC HEALTH CENTRE ILUPEJU,,,,,,,
2753,SWZ,EKITI,OYE,ILUPEJU II,ILUPEJU-II,MODEL HEALTH CENTRE ILUPEJU,,,,,,,
2754,SWZ,EKITI,OYE,IRE I,IRE-I,BASIC HEALTH CENTRE IRE,,,,,,,
2755,SWZ,EKITI,OYE,IRE II,IRE-II,MODEL HEALTH CENTRE IRE,,,,,,,
2756,SWZ,EKITI,OYE,ISAN/ILAFIN KEMESU,ISAN-ILA-ILE(ISAN/ILAFIN KEMESU),BASIC HEALTH CENTRE ISAN,,,,,,,
2757,SWZ,EKITI,OYE,ITAPA / OSIN,ITAPA-OSIN,BASIC HEALTH CENTRE ITAPA,,,,,,,
2758,SWZ,EKITI,OYE,OMU-OKE / OMU-ODO/IJUSU,OMU-IJELU(OMU OKE/OMU-ODO/IJUSU),BASIC HEALTH CENTRE IJELU,,,,,,,
2759,SWZ,EKITI,OYE,OYE I,OYE-I,COMPREHENSIVE HEALTH CENTRE OYE,,,,,,,
2760,SWZ,EKITI,OYE,OYE II,OYE-II,BASIC HEALTH CENTRE OYE,,,,,,,
2761,SEZ,ENUGU,ANINRI,MPU,MPU,COMPREHENIVE HEALTH CENTRE MPU,,,,,,,
2762,SEZ,ENUGU,ANINRI,NDEABOH,NDEABOH,AGBO-ECHARA,,,,,,,
2763,SEZ,ENUGU,ANINRI,NENWE 1,NENWE 1,NENWE H/C,,,,,,,
2764,SEZ,ENUGU,ANINRI,NENWE 2,UH,EMUDO H/C,,,,,,,
2765,SEZ,ENUGU,ANINRI,NENWE 3,NENWE 3,AGBADA NENWE H/C,,,,,,,
2766,SEZ,ENUGU,ANINRI,ODUMA 1,ODUMA 1,ODUMA ACHARA H/C,,,,,,,
2767,SEZ,ENUGU,ANINRI,ODUMA 2,ODUMA 2,UHUEZE OBEAGU H/C,,,,,,,
2768,SEZ,ENUGU,ANINRI,ODUMA 3,ODUMA 3,ODUMA BASIC H/C,,,,,,,
2769,SEZ,ENUGU,ANINRI,ODUMA 4,ODUMA 4,NDUMEZE H/C,,,,,,,
2770,SEZ,ENUGU,ANINRI,OKPANKU,OKPANKU,EKOLI H/C,,,,,,,
2771,SEZ,ENUGU,AWGU,AGBOGUGU,AGBOGUGU,AGBOGUGU H/C,,,,,,,
2772,SEZ,ENUGU,AWGU,ANIKEANO/UGWUEME,UGWUEME,UGWUEME H/C,,,,,,,
2773,SEZ,ENUGU,AWGU,AWGU 1,AWGU I,MCH AWGU,,,,,,,
2774,SEZ,ENUGU,AWGU,AWGU II,AWGU II,UGWULESHI H/C,,,,,,,
2775,SEZ,ENUGU,AWGU,IHE,IHE I,IHE H/C,,,,,,,
2776,SEZ,ENUGU,AWGU,ISUAWA/AGBUDU/ITUKU,ISU-AWAA/AGBUDU/ITUKU,ISU-AWAA H/C,,,,,,,
2777,SEZ,ENUGU,AWGU,MGBIDI/MMAKU,MMAKU,MMAKU H/C,,,,,,,
2778,SEZ,ENUGU,AWGU,MGBOWO,MGBOWO,MGBOWO OGBOLI H/C,,,,,,,
2779,SEZ,ENUGU,AWGU,OBEAGU,OBEAGU,OBEAGU H/C,,,,,,,
2780,SEZ,ENUGU,AWGU,OGBAKU,OGBAKU,OGBAKU H/C,,,,,,,
2781,SEZ,ENUGU,AWGU,OWELLI/OGUGU/UGBO/AMOLI,OWELLI/OGUGU/UGBO/AMOLI,OWELLI H/C,,,,,,,
2782,SEZ,ENUGU,ENUGU EAST,ABAKPA I,ABAKPA I,ABAKPA H/C,,,,,,,
2783,SEZ,ENUGU,ENUGU EAST,ABAKPA II,ABAKPA II,UGBOEZEJI H/C,,,,,,,
2784,SEZ,ENUGU,ENUGU EAST,AMORJI,AMOJI NIKE,AMORJI NIKE H/C,,,,,,,
2785,SEZ,ENUGU,ENUGU EAST,IBAGWA-NIKE/EDEM,IBAGWA,IBAGWA H/C,,,,,,,
2786,SEZ,ENUGU,ENUGU EAST,MBULUIYIUKWU,MBULUIYIUKWU,AKOR H/C,,,,,,,
2787,SEZ,ENUGU,ENUGU EAST,MBULUJODO EAST,MBULUJODO EAST,NCHATACHA H/C,,,,,,,
2788,SEZ,ENUGU,ENUGU EAST,MBULUJODO WEST,MBULUJODO WEST,UGWUOMU,,,,,,,
2789,SEZ,ENUGU,ENUGU EAST,MBULUOWEHE,MBULUOWEHE,AMOKPO H/C,,,,,,,
2790,SEZ,ENUGU,ENUGU EAST,TRANS-EKULU,TRANS EKULU,UGBO OWA,,,,,,,
2791,SEZ,ENUGU,ENUGU EAST,UGWOGO NIKE,UGWOGO NIKE,UGWOGO NIKE,,,,,,,
2792,SEZ,ENUGU,ENUGU EAST,UMUCHIGBO,UMUCHIGBO,UMUCHIGBO H/C,,,,,,,
2793,SEZ,ENUGU,ENUGU EAST,UMUENWENE,UMUENWENE,UMUENWENE H/C,,,,,,,
2794,SEZ,ENUGU,ENUGU NORTH,ASATA TOWN,ASATA,ASATA H/C,,,,,,,
2795,SEZ,ENUGU,ENUGU NORTH,CHINA TOWN,CHINA TOWN,ARTISAN H/C,,,,,,,
2796,SEZ,ENUGU,ENUGU NORTH,G.RA,GRA,ARIA H/C,,,,,,,
2797,SEZ,ENUGU,ENUGU NORTH,IHEWUZI,IHEWUZI,IHEWUZI H/C,,,,,,,
2798,SEZ,ENUGU,ENUGU NORTH,INDEPENDENCE LAYOUT,INDEPENDENCE LAYOUT,PREMIER LAYOUT HC,,,,,,,
2799,SEZ,ENUGU,ENUGU NORTH,NEW HAVEN,NEW HAVEN,NEW HAVEN H/C,,,,,,,
2800,SEZ,ENUGU,ENUGU NORTH,OGBETE EAST,OGBETE EAST,COAL CAMP H/C,,,,,,,
2801,SEZ,ENUGU,ENUGU NORTH,OGBETE WEST,OGBETE WEST,CPS H/C,,,,,,,
2802,SEZ,ENUGU,ENUGU NORTH,OGUI NEW LAYOUT,OGUI NEW LAYOUT,OGUI NIKE H/C,,,,,,,
2803,SEZ,ENUGU,ENUGU NORTH,OGUI TOWNSHIP,OGUI TOWNSHIP,CARTER STREET H/C,,,,,,,
2804,SEZ,ENUGU,ENUGU NORTH,ONU-ASATA,ONU-ASATA,ONU ASATA H/C,,,,,,,
2805,SEZ,ENUGU,ENUGU NORTH,UDI SIDING/IVA-VALLEY,UDI SIDING/IVA VALLEY,UGWU AARON H/C,,,,,,,
2806,SEZ,ENUGU,ENUGU NORTH,UMUNEVO,UMUNEVO,UMUNEVO H/C,,,,,,,
2807,SEZ,ENUGU,ENUGU SOUTH,ACHARA LAYOUT EAST,ACHARA LAYOUT EAST,ACHARA 1 H/P,,,,,,,
2808,SEZ,ENUGU,ENUGU SOUTH,ACHARA LAYOUT WEST,ACHARA LAYOUT WEST,EVANGEL H/P,,,,,,,
2809,SEZ,ENUGU,ENUGU SOUTH,AKWUKE,AKWUKE,AKWUKE H/C,,,,,,,
2810,SEZ,ENUGU,ENUGU SOUTH,AMECHI 1,AMECHI 1,AMECHI H/C,,,,,,,
2811,SEZ,ENUGU,ENUGU SOUTH,AMECHI 11,AMECHI 2,NDIAGA AMECHI,,,,,,,
2812,SEZ,ENUGU,ENUGU SOUTH,AWKUNANAW EAST,AWKUNANAW EAST,IKIRIKE,,,,,,,
2813,SEZ,ENUGU,ENUGU SOUTH,AWKUNANAW WEST,SATA,SATA HEALTH POST,,,,,,,
2814,,ENUGU,ENUGU SOUTH,MARYLAND,MARYLAND,NDIAGU H/C,,,,,,,
2815,SEZ,ENUGU,ENUGU SOUTH,OBEAGU 1,OBEAGU 1,OBEAGU H/C,,,,,,,
2816,SEZ,ENUGU,ENUGU SOUTH,OBEAGU 2,OBEAGU 2,AMAEGBU H/F,,,,,,,
2817,SEZ,ENUGU,ENUGU SOUTH,UGWUAJI,UGWUAJI,EKE H/C UGWUAJI,,,,,,,
2818,SEZ,ENUGU,ENUGU SOUTH,UWANI EAST,UWANI EAST,UWANI H/C,,,,,,,
2819,SEZ,ENUGU,ENUGU SOUTH,UWANI WEST,UWANI WEST,OLOGO H/P,,,,,,,
2820,SEZ,ENUGU,EZEAGU,AGBA UMANA,AGBA UMANA,AGBA UMANA,,,,,,,
2821,SEZ,ENUGU,EZEAGU,AGUOBU OWA 1,AGUOBU OWA 1,AGUOBU-OWA,,,,,,,
2822,SEZ,ENUGU,EZEAGU,AGUOBU- OWA 2,AGUOBU- OWA 2,MODEL PHC,,,,,,,
2823,SEZ,ENUGU,EZEAGU,AGUOBU UMUMBA,AGUOBU UMUMBA,AGUOBU UMUMBA H/C,,,,,,,
2824,SEZ,ENUGU,EZEAGU,AWHA,AWHA,AWHA IMEZI,,,,,,,
2825,SEZ,ENUGU,EZEAGU,IMEZI OWA 1,IMEZI OWA 1,UPATA EZEMA,,,,,,,
2826,SEZ,ENUGU,EZEAGU,IMEZI OWA 2,OGWOFIA,OGWOFIA PHC,,,,,,,
2827,SEZ,ENUGU,EZEAGU,IWOLLO,IWOLLO,IWOLLO H/C,,,,,,,
2828,SEZ,ENUGU,EZEAGU,MGBAGBU OWA 1,MGBAGBU OWA 1,MGBAGBU OWA,,,,,,,
2829,SEZ,ENUGU,EZEAGU,MGBAGBU OWA 2,MGBAGBU OWA 2,OZOM MGBAGBU OWA,,,,,,,
2830,SEZ,ENUGU,EZEAGU,OBELLAGU UMANA,OBELLAGU UMANA,OBELEAGU UMANA,,,,,,,
2831,SEZ,ENUGU,EZEAGU,OBINOFIA,OBINOFIA,OBINOFIA NDIUNO,,,,,,,
2832,SEZ,ENUGU,EZEAGU,OGHE 1,OGHE 1,AKAMA OGHE HC,,,,,,,
2833,SEZ,ENUGU,EZEAGU,OGHE 2,OGHE 2,BASIC HEALTH CENTER ORJI RIVER,,,,,,,
2834,SEZ,ENUGU,EZEAGU,OGHE 3,OGHE 3,NEKE OGHE H/C,,,,,,,
2835,SEZ,ENUGU,EZEAGU,OKPOGHO,OKPOGHO,OKPOGHO,,,,,,,
2836,SEZ,ENUGU,EZEAGU,OLO/AMAGU/UMULOKPA 1,OLO/AMAGU/UMULOKPA 1,OLO H/C,,,,,,,
2837,SEZ,ENUGU,EZEAGU,OLO/AMAGU/UMULOKPA II,OLO/AMAGU/UMULOKPA 2,OGULOGU OLO H/C,,,,,,,
2838,SEZ,ENUGU,EZEAGU,UMANA NDIAGU,UMANA NDIAGU,UMANA NDIUNO,,,,,,,
2839,SEZ,ENUGU,EZEAGU,UMUMBA NDIUNO,UMUMBA NDIUNO,UMUMBA NDIUNO H/C,,,,,,,
2840,SEZ,ENUGU,IGBO ETITI,AKU I,AKU I,MGBOKO H/C,,,,,,,
2841,SEZ,ENUGU,IGBO ETITI,AKU II,AKU II,AMABOKWU MPHCC,,,,,,,
2842,SEZ,ENUGU,IGBO ETITI,AKU III,AKU III,OHEMUJE H/C,,,,,,,
2843,SEZ,ENUGU,IGBO ETITI,AKU IV,AKU IV,NUA H/C,,,,,,,
2844,SEZ,ENUGU,IGBO ETITI,AKU V/IDIEME,AKU V,AKU H/C,,,,,,,
2845,SEZ,ENUGU,IGBO ETITI,AKU VI,AKU VI,OSHIGO H/C,,,,,,,
2846,SEZ,ENUGU,IGBO ETITI,DIOGBE/UMUNKO,DIOGBE/UMUNKO,UMUNKO H/C,,,,,,,
2847,SEZ,ENUGU,IGBO ETITI,EKWEGBE I,EKWEGBE I,UMUNA H/C,,,,,,,
2848,SEZ,ENUGU,IGBO ETITI,EKWEGBE II,EKWEGBE II,EKWEGBE H/C,,,,,,,
2849,SEZ,ENUGU,IGBO ETITI,IKOLO/OHEBE,IKOLO/OHEBE,IKOLO H/C,,,,,,,
2850,SEZ,ENUGU,IGBO ETITI,OCHIMA/ONY/IDOHA,OCHIMA/ONY/IDOHA,IDOHA H/C,,,,,,,
2851,SEZ,ENUGU,IGBO ETITI,OHODO I,OHODO I,OHODO ACHARA H/C,,,,,,,
2852,SEZ,ENUGU,IGBO ETITI,OHODO II,OHODO II,UMUIFO H/C,,,,,,,
2853,SEZ,ENUGU,IGBO ETITI,OZALLA I,OZALLA I,IJO H/C,,,,,,,
2854,SEZ,ENUGU,IGBO ETITI,OZALLA II,OZALLA II,OZALLA H/C,,,,,,,
2855,SEZ,ENUGU,IGBO ETITI,UKEHE I,UKEHE I,OGBEDE H/C,,,,,,,
2856,SEZ,ENUGU,IGBO ETITI,UKEHE II,UKEHE II,UMUOFIAGU H/C,,,,,,,
2857,SEZ,ENUGU,IGBO ETITI,UKEHE III,UKEHE III,UWELLE-UKEHE H/C,,,,,,,
2858,SEZ,ENUGU,IGBO ETITI,UKEHE IV,UKEHE IV,PHC-EZI-UKEHE,,,,,,,
2859,SEZ,ENUGU,IGBO ETITI,UKEHE V,UKEHE V,AMANEFI H/C,,,,,,,
2860,SEZ,ENUGU,IGBO EZE NORTH,ESSODO 1,ESSODO 1,AJI H/C,,,,,,,
2861,SEZ,ENUGU,IGBO EZE NORTH,ESSODO 2,ESSODO 2,UMUAGAM H/C,,,,,,,
2862,SEZ,ENUGU,IGBO EZE NORTH,ESSODO 3,ESSODO 3,UMUOGBO ULO,,,,,,,
2863,SEZ,ENUGU,IGBO EZE NORTH,ETTE 1,ETTE 1,IJEKPE H/C,,,,,,,
2864,SEZ,ENUGU,IGBO EZE NORTH,ETTE 2,ETTE 2,UMUISHI H/C,,,,,,,
2865,SEZ,ENUGU,IGBO EZE NORTH,ETTE CENTRAL,ETTE CENTRAL,ETTE H/C,,,,,,,
2866,SEZ,ENUGU,IGBO EZE NORTH,EZZODO,EZZODO,UDA H/C,,,,,,,
2867,SEZ,ENUGU,IGBO EZE NORTH,UMUITODO 1,UMUITODO 1,AMUFIE H/C,,,,,,,
2868,SEZ,ENUGU,IGBO EZE NORTH,UMUITODO 2,UMUITODO 2,AMACHALLA H/C,,,,,,,
2869,SEZ,ENUGU,IGBO EZE NORTH,UMUITODO 3,UMUITODO 3,OLIDO H/C,,,,,,,
2870,SEZ,ENUGU,IGBO EZE NORTH,UMUOZZI 1,UMUOZZI 1,AGUIBEJE H/C,,,,,,,
2871,SEZ,ENUGU,IGBO EZE NORTH,UMUOZZI 10,UMUOZZI 10,IKPAMODO H/C,,,,,,,
2872,SEZ,ENUGU,IGBO EZE NORTH,UMUOZZI 2,UMUOZZI 2,IGOGORO H/C,,,,,,,
2873,SEZ,ENUGU,IGBO EZE NORTH,UMUOZZI 3,UMUOZZI 3,UGBAIKE H/C,,,,,,,
2874,SEZ,ENUGU,IGBO EZE NORTH,UMUOZZI 4,UMUOZZI 4,UMUOGBO INYI H/C,,,,,,,
2875,SEZ,ENUGU,IGBO EZE NORTH,UMUOZZI 5,UMUOZZI 5,OGRUTE H/C,,,,,,,
2876,SEZ,ENUGU,IGBO EZE NORTH,UMUOZZI 6,UMUOZZI 6,ONICHA-ENUGU H/C,,,,,,,
2877,SEZ,ENUGU,IGBO EZE NORTH,UMUOZZI 7,UMUOZZI 7,UMUIDA H/C,,,,,,,
2878,SEZ,ENUGU,IGBO EZE NORTH,UMUOZZI 8,UMUOZZI 8,AMAJA H/C,,,,,,,
2879,SEZ,ENUGU,IGBO EZE NORTH,UMUOZZI 9,UMUOZZI 9,UMUOPU H/F,,,,,,,
2880,SEZ,ENUGU,IGBO EZE SOUTH,ALOR- AGU,ALOR- AGU,ALOR-AGU H/C,,,,,,,
2881,SEZ,ENUGU,IGBO EZE SOUTH,AMEBO/HAUSA/YORUBA,AMEBO/HAUSA/YORUBA,EBURUMIRI H/C,,,,,,,
2882,SEZ,ENUGU,IGBO EZE SOUTH,ECHARA,ECHARA,PHC IBAGWA-AKA,,,,,,,
2883,SEZ,ENUGU,IGBO EZE SOUTH,EZEMA,EZEMA,ONYIREGA H/C,,,,,,,
2884,SEZ,ENUGU,IGBO EZE SOUTH,IHEAKALIKKI/KUTARA,IHEAKA II,IHEAKA H/C,,,,,,,
2885,SEZ,ENUGU,IGBO EZE SOUTH,IHEAKA-UGO AKOYI,IHEAKA I,EKOYI H/C,,,,,,,
2886,SEZ,ENUGU,IGBO EZE SOUTH,IHEAKPU AJONA OBEAGU,IHEAKPU II,AGU IHEAKPU H/C,,,,,,,
2887,SEZ,ENUGU,IGBO EZE SOUTH,IHEAKPU/EZZINGWU,IHEAKPU I,IHAKPU ULO,,,,,,,
2888,SEZ,ENUGU,IGBO EZE SOUTH,ITCHI/UWANI 1,ITCHI-UWENU,ITCHI-AGU H/P,,,,,,,
2889,SEZ,ENUGU,IGBO EZE SOUTH,ITCHI/UWANI 11,ITCHI UWANI,UMUOGBU H/P,,,,,,,
2890,SEZ,ENUGU,IGBO EZE SOUTH,NKALAGU OBUKPA,NKALAGU OBUKPA,NKALAGU OBUKPA,,,,,,,
2891,SEZ,ENUGU,IGBO EZE SOUTH,OVOKO AGU UMUELO,OVOKO UMUELO,OVOKO H/C,,,,,,,
2892,SEZ,ENUGU,IGBO EZE SOUTH,OVOKO AJUONA,OVOKO AJUONA,MPHCC AJUONA OVOKO,,,,,,,
2893,SEZ,ENUGU,IGBO EZE SOUTH,OVOKO UMULOLO,OVOKO UMULOLO,ULUNYA H/P,,,,,,,
2894,SEZ,ENUGU,IGBO EZE SOUTH,UHUNOWERE,UHUNOWERE,UHUNOWERE,,,,,,,
2895,SEZ,ENUGU,IGBO EZE SOUTH,UNADU,UNADU,UNADU H/C,,,,,,,
2896,SEZ,ENUGU,ISI UZO,EHA 4,EHA 4,OGBUZOR H/P,,,,,,,
2897,SEZ,ENUGU,ISI UZO,EHA II,EHA II,EHA-AMUFU,,,,,,,
2898,SEZ,ENUGU,ISI UZO,EHA III,EHA III,UMUJIORU H/P,,,,,,,
2899,,ENUGU,ISI-UZO,EHAMUFU 1,EHA I,IKPAKPARA H/P,,,,,,,
2900,SEZ,ENUGU,ISI UZO,IKEM I,IKEM I,IKEM H/C,,,,,,,
2901,SEZ,ENUGU,ISI UZO,IKEM II,IKEM II,EBIA H/C,,,,,,,
2902,SEZ,ENUGU,ISI UZO,MBU I,MBU I,MBU AMON H/C,,,,,,,
2903,SEZ,ENUGU,ISI UZO,MBU II,MBU II,MBU-AGUDENE H/C,,,,,,,
2904,SEZ,ENUGU,ISI UZO,NEKE I,NEKE I,UGWUAKPARATA,,,,,,,
2905,SEZ,ENUGU,ISI UZO,NEKE II,NEKE II,UGWUADAKA H/P,,,,,,,
2906,SEZ,ENUGU,ISI UZO,UMUALOR,UMUALOR,EGERUM H/P,,,,,,,
2907,SEZ,ENUGU,NKANU EAST,AKPAOFU/ISIENU/AMAGUNZE,AKPAOFU/ISIENU/AMAGUNZE,MODEL AMAGUNZE,,,,,,,
2908,SEZ,ENUGU,NKANU EAST,IHUOKPARA,IHUOKPARA,IHUOKPARA,,,,,,,
2909,SEZ,ENUGU,NKANU EAST,MBURUBU,MBURUBU,MBURUBU H/C,,,,,,,
2910,SEZ,ENUGU,NKANU EAST,MOMEH,NOMEH,NOMEH H/C,,,,,,,
2911,SEZ,ENUGU,NKANU EAST,NARA I,NARA I,NARA H/C,,,,,,,
2912,SEZ,ENUGU,NKANU EAST,NARA II,NARA II,ISIOGBO H/C,,,,,,,
2913,SEZ,ENUGU,NKANU EAST,NKEREFI 1,NKEREFI I,NKEREFI H/C,,,,,,,
2914,SEZ,ENUGU,NKANU EAST,NKEREFI II,NKEREFI II,ENUOGU H/C,,,,,,,
2915,SEZ,ENUGU,NKANU EAST,OHUANI/ONICHAGU,OHUANI/ONICHAGU,AMUZAM AMAGUNZE,,,,,,,
2916,SEZ,ENUGU,NKANU EAST,OWO,OWO,ORUKU BASIC HEALTH CENTRE,,,,,,,
2917,SEZ,ENUGU,NKANU EAST,AMECHI/IDODO/ORUKU,AMECHI/IDODO/ORUKU,MBULU-OWO,,,,,,,
2918,SEZ,ENUGU,NKANU EAST,UBAHU/AMANKANU,UBAHU/AMANKANU,UBAHU H/C,,,,,,,
2919,SEZ,ENUGU,NKANU EAST,UGBAWKA I,UGBAWKA I,OVUORIE H/C,,,,,,,
2920,SEZ,ENUGU,NKANU EAST,UGBAWKA II,UGBAWKA II,AMAFOR UGBAWKA H/C,,,,,,,
2921,SEZ,ENUGU,NKANU WEST,AGBANI,AGBANI,AGBANI H/C,,,,,,,
2922,SEZ,ENUGU,NKANU WEST,AKEGBE UGWU,AKEGBE UGWU I,OBEAGHU H/C,,,,,,,
2923,SEZ,ENUGU,NKANU WEST,AKEGBE UGWU II,AKEGBE UGWU II,AKEGBE UGWU H/C,,,,,,,
2924,SEZ,ENUGU,NKANU WEST,AKPUGO II,AKPUGO II,NDIAGU OBUNO H/C,,,,,,,
2925,SEZ,ENUGU,NKANU WEST,AKPUGO III,AKPUGO III,O’EJI NDIUNO H/C,,,,,,,
2926,SEZ,ENUGU,NKANU WEST,AKPUGO IV,AKPUGO IV,O’EJI NDIAGU,,,,,,,
2927,SEZ,ENUGU,NKANU WEST,AKPUGO V NDIUGO UWANI,AKPUGO V NDIUGO UWANI,EJI NDIAGU HC,,,,,,,
2928,SEZ,ENUGU,NKANU WEST,AMODU,AMODU,AMODU H/C,,,,,,,
2929,SEZ,ENUGU,NKANU WEST,AMURRI,AMURRI,AMURRI I H/C,,,,,,,
2930,SEZ,ENUGU,NKANU WEST,NDIUNO UWANI (AKPUGO I),NDIUNO UWANI,NDI-UNO UWANI H/C,,,,,,,
2931,SEZ,ENUGU,NKANU WEST,OBE,OBE,OBE H/C,,,,,,,
2932,SEZ,ENUGU,NKANU WEST,OBINAGU UWANI (AKPUGO I),OBINAGU UWANI (AKPUGO I),OBINAGU UWANI,,,,,,,
2933,SEZ,ENUGU,NKANU WEST,OBUOFFIA,OBUOFFIA,AMANGWU H/C,,,,,,,
2934,SEZ,ENUGU,NKANU WEST,OZALLA,OZALLA,OZALLA H/C,,,,,,,
2935,SEZ,ENUGU,NKANU WEST,UMUEZE,UMUEZE,UMUEZE H/C,,,,,,,
2936,SEZ,ENUGU,NSUKKA,AGBAMERE/UMABOR,AGBAMERE/UMABOR,AGBAMERE H/C,,,,,,,
2937,SEZ,ENUGU,NSUKKA,AKAIBUTE,AKAIBUTE,AKAIBUTE H/C,,,,,,,
2938,SEZ,ENUGU,NSUKKA,AKPA/OZZI,AKPA/OZZI,OZI EDEM,,,,,,,
2939,SEZ,ENUGU,NSUKKA,ALOR-UNO,ALOR-UNO,ALOR –UNO H/C,,,,,,,
2940,SEZ,ENUGU,NSUKKA,EDEM-ANI,EDEM-ANI,EDEM-ANI H/C,,,,,,,
2941,SEZ,ENUGU,NSUKKA,EDE-NTA,EDE-NTA,EDE-ENU H/C,,,,,,,
2942,SEZ,ENUGU,NSUKKA,EHA NDIAGU,EHA NDIAGU,EHA NDIAGU H/C,,,,,,,
2943,,ENUGU,NSUKKA,EDE-UKWU,EDE-UKWU,EDE-OBELLA H/C,,,,,,,
2944,SEZ,ENUGU,NSUKKA,EHA ULO,EHA ULO,ISIENU H/C,,,,,,,
2945,SEZ,ENUGU,NSUKKA,EJUONA/UWANI LEJJA,EJUONA/UWANI LEJJA,BHC LEJJA,,,,,,,
2946,SEZ,ENUGU,NSUKKA,IBAGWA ANI,IBAGWA ANI,IBEGWA ANI H/C,,,,,,,
2947,SEZ,ENUGU,NSUKKA,IBEKU,IBEKU,IBEKU OPI H/C,,,,,,,
2948,SEZ,ENUGU,NSUKKA,IDI/OGBOZARA OPI,IDI/OGBOZARA OPI,OPI H/C,,,,,,,
2949,SEZ,ENUGU,NSUKKA,IHE,IHE,IHE H/C,,,,,,,
2950,SEZ,ENUGU,NSUKKA,MKPUNANO,MKPUNANO,ODORU H/P,,,,,,,
2951,SEZ,ENUGU,NSUKKA,NRU,NRU,NRU H/C,,,,,,,
2952,SEZ,ENUGU,NSUKKA,OBIMO/IKWOKA,OBIMO/IKWOKA,OBIMO H/C,,,,,,,
2953,SEZ,ENUGU,NSUKKA,OBUKPA,OBUKPA,ELU-AGU OBUKPA H/C,,,,,,,
2954,SEZ,ENUGU,NSUKKA,OKPUJE/OKUTU/ANUKA,OKPUJE/OKUTU/ANUKA,OKPUJE H/P,,,,,,,
2955,SEZ,ENUGU,NSUKKA,OWERE-UMUOYO,OWERE-UMUOYO,NSUKKA H/C,,,,,,,
2956,SEZ,ENUGU,OJI-RIVER,ACHI AGU 2,ACHI AGU 2,ELUGWU AKWU H/C,,,,,,,
2957,SEZ,ENUGU,OJI-RIVER,ACHI AGU 3,ACHI AGU 3,UMUORI H/C,,,,,,,
2958,SEZ,ENUGU,OJI-RIVER,ACHI UNO 1,ACHI UNO 1,ISIKWE H/C,,,,,,,
2959,SEZ,ENUGU,OJI-RIVER,ACHI UNO 2,ACHI UNO 2,AMANKPUNATO H/C,,,,,,,
2960,SEZ,ENUGU,OJI-RIVER,ACHI UNO 3,ACHI UNO 3,AGBADALA H/C,,,,,,,
2961,SEZ,ENUGU,OJI-RIVER,ACHI UNO 4,ACHI UNO 4,EGWU H/C,,,,,,,
2962,SEZ,ENUGU,OJI-RIVER,ACHI-AGU 1,ACHI-AGU 1,MODEL PHC,,,,,,,
2963,SEZ,ENUGU,OJI-RIVER,AKPUGOEZE,AKPUGOEZE,AKPUGOEZE H/C,,,,,,,
2964,SEZ,ENUGU,OJI-RIVER,AWLAW,AWLAW,AWLAW ETITI H/C,,,,,,,
2965,SEZ,ENUGU,OJI-RIVER,INYI 1,INYI 1,ENUGWU INYI H/C,,,,,,,
2966,SEZ,ENUGU,OJI-RIVER,INYI 2,INYI 2,ALUM H/C,,,,,,,
2967,SEZ,ENUGU,OJI-RIVER,INYI 3,INYI 3,UMULOPU H/C,,,,,,,
2968,SEZ,ENUGU,OJI-RIVER,INYI 4,INYI 4,UMUAGU INYI H/C,,,,,,,
2969,SEZ,ENUGU,OJI-RIVER,OJI RIVER 1,OJI RIVER 1,AGBALAENYI H/C,,,,,,,
2970,SEZ,ENUGU,OJI-RIVER,OJI RIVER 2,OJI RIVER 2,OKWE-CENTRAL,,,,,,,
2971,SEZ,ENUGU,OJI-RIVER,OJI RIVER 3,OJI RIVER 3,BASIC HEALTH CENTER ORJI RIVER,,,,,,,
2972,SEZ,ENUGU,OJI-RIVER,OJI RIVER 4,OJI RIVER 4,UTAZI UGWA H/C,,,,,,,
2973,SEZ,ENUGU,OJI-RIVER,UGWUOBA 1,UGWUOBA 1,UMUONWU H/C,,,,,,,
2974,SEZ,ENUGU,OJI-RIVER,UGWUOBA 2,UGWUOBA 2,UGWUOBA H/C,,,,,,,
2975,SEZ,ENUGU,OJI-RIVER,UGWUOBA 3,UGWUOBA 3,AGUABOSI H/C,,,,,,,
2976,SEZ,ENUGU,UDENU,AMALLA,AMALLA,AMALLA EGAZI H/C,,,,,,,
2977,SEZ,ENUGU,UDENU,EZIMO,EZIMO,IBAGWA EZIMO H/C,,,,,,,
2978,SEZ,ENUGU,UDENU,IMILIKE,IMILIKE,IMILIKE UNO H/C,,,,,,,
2979,SEZ,ENUGU,UDENU,OBOLLO EKE,OBOLLO EKE,OBOLLO-EKE H/C (EARLY BIRD CLINIC),,,,,,,
2980,SEZ,ENUGU,UDENU,OBOLLO-AFOR,OBOLLO-AFOR,OBOLLO- AFOR H/C,,,,,,,
2981,SEZ,ENUGU,UDENU,OBOLLO-ETITI,OBOLLO-ETITI,OBOLLO-ETITI BHC,,,,,,,
2982,SEZ,ENUGU,UDENU,OGBODU ABA,OGBODU ABA,OGBODU ABA,,,,,,,
2983,SEZ,ENUGU,UDENU,ORBA I,ORBA I,ALGON CHC (NKWO ORBA),,,,,,,
2984,SEZ,ENUGU,UDENU,ORBA II,ORBA II,MPHCC ORBA,,,,,,,
2985,SEZ,ENUGU,UDENU,UDUNEDEM,UDUNEDEM,UMUNDU H/C,,,,,,,
2986,SEZ,ENUGU,UDI,ABIA,ABIA,ABIA H/C,,,,,,,
2987,SEZ,ENUGU,UDI,ABOR,ABOR,ABOR H/C,,,,,,,
2988,SEZ,ENUGU,UDI,AFFA/OGHU/IKONO,AFFA/OGHU/IKONO,IKEDIMKPA H/C,,,,,,,
2989,SEZ,ENUGU,UDI,AKPAKWUM/NZE,AKPAKWUM/NZE,EZINZE H/C,,,,,,,
2990,SEZ,ENUGU,UDI,AMOKWE,AMOKWE,AMOKWE H/C,,,,,,,
2991,SEZ,ENUGU,UDI,AWHUM/UKANA,AWHUM/UKANA,UKANA H/C,,,,,,,
2992,SEZ,ENUGU,UDI,EBE,EBE,EBE BASIC H/C,,,,,,,
2993,SEZ,ENUGU,UDI,EGEDE/UMOKA,EGEDE/UMOKA,UMOKA H/C,,,,,,,
2994,SEZ,ENUGU,UDI,EKE,EKE,AMANKWO EKE,,,,,,,
2995,SEZ,ENUGU,UDI,NACHI,NACHI,NACHI H/C,,,,,,,
2996,SEZ,ENUGU,UDI,NGWO UNO,NGWO UNO,NGWO UNO MPHCC,,,,,,,
2997,SEZ,ENUGU,UDI,NGWO-ASAA,NGWO-ASAA,NGWO-ASAA H/C,,,,,,,
2998,SEZ,ENUGU,UDI,NSUDE,NSUDE,NSUDE H/C,,,,,,,
2999,SEZ,ENUGU,UDI,OBINAGU,OBINAGU,OBINAGU HEALTH CENTRE,,,,,,,
3000,SEZ,ENUGU,UDI,OBIOMA,OBIOMA,OBIOMA H/C,,,,,,,
3001,SEZ,ENUGU,UDI,OKPATU,OKPATU,OKPATU H/C,,,,,,,
3002,SEZ,ENUGU,UDI,UDI/AGBUDI,UDI/AGBUDI,OKUNINO,,,,,,,
3003,SEZ,ENUGU,UDI,UMUABI,UMUABI,UMUABI H/C,,,,,,,
3004,SEZ,ENUGU,UDI,UMUAGA,UMUAGA,UMUAGA,,,,,,,
3005,SEZ,ENUGU,UDI,UMULUMGBE,UMULUMGBE,UMULUMGBE H/C,,,,,,,
3006,SEZ,ENUGU,UZO-UWANI,ABBI,ABBI,ABBI H/C,,,,,,,
3007,SEZ,ENUGU,UZO-UWANI,ADABA/NKUME,ADABA/NKUME,ADABA H/C,,,,,,,
3008,SEZ,ENUGU,UZO-UWANI,ADANI,ADANI,ADANI H/C,,,,,,,
3009,SEZ,ENUGU,UZO-UWANI,AKPUGO,AKPUGO,AKPUGO H/C,,,,,,,
3010,SEZ,ENUGU,UZO-UWANI,IGGA/ASABA,IGGA/ASABA,IGGA ASABA H/C,,,,,,,
3011,SEZ,ENUGU,UZO-UWANI,NIMBO I,NIMBO I,NIMBO H/C,,,,,,,
3012,SEZ,ENUGU,UZO-UWANI,NIMBO II,NIMBO II,ONUEKE H/C,,,,,,,
3013,SEZ,ENUGU,UZO-UWANI,NKPOLOGU,NKPOLOGU,NKPOLOGU H/C,,,,,,,
3014,SEZ,ENUGU,UZO-UWANI,NROBO,NROBO,NROBO H/C,,,,,,,
3015,SEZ,ENUGU,UZO-UWANI,OGURUGU,OGURUGU,OGURUGU H/C,,,,,,,
3016,SEZ,ENUGU,UZO-UWANI,OJJOR,OJJOR,OJJOR H/C,,,,,,,
3017,SEZ,ENUGU,UZO-UWANI,UGBENE I,UGBENE I,UGWU-UGBENE H/C,,,,,,,
3018,SEZ,ENUGU,UZO-UWANI,UGBENE II,UGBENE II,MPHC UGBENE,,,,,,,
3019,SEZ,ENUGU,UZO-UWANI,UKPATA,UKPATA,UKPATA H/C,,,,,,,
3020,SEZ,ENUGU,UZO-UWANI,UMULOKPA,UMULOKPA,UMULOKPA H/C,,,,,,,
3021,SEZ,ENUGU,UZO-UWANI,UVURU,UVURU,UVURU H/C,,,,,,,
3022,NCZ,FCT,ABAJI,ABAJI CENTRAL,ABAJI CENTRAL,ABAJI NEW TOWNSHIP CLINIC,,,,,,,
3023,NCZ,FCT,ABAJI,ABAJI NORTH EAST,ABAJI NORTH EAST,AYAURA PHC,,,,,,,
3024,NCZ,FCT,ABAJI,ABAJI SOUTH EAST,ABAJI SOUTH EAST,NAHARATI HEALTH CENTRE,,,,,,,
3025,NCZ,FCT,ABAJI,AGYANA/PANDAGI,AGYANA/PANDAGI,PANDAGI HEALTH CLINIC,,,,,,,
3026,NCZ,FCT,ABAJI,ALU MAMAGI,ALU-MAMAGI,MAMAGI HEALTH CLINIC,,,,,,,
3027,NCZ,FCT,ABAJI,GAWU,GAWU,GAWU PHC,,,,,,,
3028,NCZ,FCT,ABAJI,GURDI,GURDI,GURDI PHC,,,,,,,
3029,NCZ,FCT,ABAJI,NUKU,NUKU,NUKU HEALTH CLINIC,,,,,,,
3030,NCZ,FCT,ABAJI,RIMBA /EBAGI,RIMBA/EBAGI,RIMBA HEALTH CLINIC,,,,,,,
3031,NCZ,FCT,ABAJI,YABA,YABA,PHC YABA,,,,,,,
3032,NCZ,FCT,AMAC,CITY CENTRAL,CITY CENTRAL,FHC AREA 2,,,,,,,
3033,NCZ,FCT,AMAC,GARKI,GARKI,APO PHC ZONE B,,,,,,,
3034,NCZ,FCT,AMAC,GUI,GUI,GUI PHC,,,,,,,
3035,NCZ,FCT,AMAC,GWAGWA,GWAGWA,KAGINI PHC,,,,,,,
3036,NCZ,FCT,AMAC,GWARIMPA,GWARIMPA,KUCHIGORO PHC,,,,,,,
3037,NCZ,FCT,AMAC,JIWA,JIWA,JIWA PHC,,,,,,,
3038,NCZ,FCT,AMAC,KABUSA,KABUSA,LUGBE PHC,,,,,,,
3039,NCZ,FCT,AMAC,KARSHI,KARSHI,KARSHI PHC,,,,,,,
3040,NCZ,FCT,AMAC,KARU,KARU,KARU PHC,,,,,,,
3041,NCZ,FCT,AMAC,NYANYA,NYANYA,GBAGALAPE PHC,,,,,,,
3042,NCZ,FCT,AMAC,OROZO,OROZO,GIDAN MANGORO PHC,,,,,,,
3043,NCZ,FCT,AMAC,WUSE,WUSE,JAHI PHC,,,,,,,
3044,NCZ,FCT,BWARI,BWARI CENTRAL,BWARI CENTRAL,KOGO PHC,,,,,,,
3045,NCZ,FCT,BWARI,BYAZHIN,BYAZHIN,BYAZHIN PHC,,,,,,,
3046,NCZ,FCT,BWARI,DUTSE,DUTSE,MPAPE PHC,,,,,,,
3047,NCZ,FCT,BWARI,IGU,IGU,IGU PHC,,,,,,,
3048,NCZ,FCT,BWARI,KAWU,KAWU,KAWU CHC,,,,,,,
3049,NCZ,FCT,BWARI,KUBWA,KUBWA,CHC DEIDEI,,,,,,,
3050,NCZ,FCT,BWARI,KURUDU,KUDURU,SABON GERI PHC,,,,,,,
3051,NCZ,FCT,BWARI,SHERE,SHERE,SHERE PHC,,,,,,,
3052,NCZ,FCT,BWARI,USHAFA,USHAFA,USHAFA CHC,,,,,,,
3053,NCZ,FCT,BWARI,USUMA,USMAN,KUBWA OWNER OCCUPIER CLINIC,,,,,,,
3054,NCZ,FCT,GWAGWALADA,DOBI,DOBI,DOBI PHC,,,,,,,
3055,NCZ,FCT,GWAGWALADA,GWAGWALADA CENTRAL,GWAGWALADA CENTRAL,DAGIRI CHC,,,,,,,
3056,NCZ,FCT,GWAGWALADA,GWAKO,GWAKO,GIRI PHC,,,,,,,
3057,NCZ,FCT,GWAGWALADA,IBWA,IBWA,DUKPA PHC,,,,,,,
3058,NCZ,FCT,GWAGWALADA,IKWA,IKWA,YIMI PHC,,,,,,,
3059,NCZ,FCT,GWAGWALADA,KUTUNKU,KUTUNKU,TOWNSHIP CLINIC,,,,,,,
3060,NCZ,FCT,GWAGWALADA,PAIKO,PAIKO,PAIKO PHC,,,,,,,
3061,NCZ,FCT,GWAGWALADA,STAFF QUARTERS,QUARTERS,PHASE 3 CLINIC,,,,,,,
3062,NCZ,FCT,GWAGWALADA,TUNGA MAJE,TUNGA MAJE,TUNGA MANJE PHC,,,,,,,
3063,NCZ,FCT,GWAGWALADA,ZUBA,ZUBA,ZUBA PHC,,,,,,,
3064,NCZ,FCT,KUJE,CHIBIRI,CHIBIRI,KIYI CHC,,,,,,,
3065,NCZ,FCT,KUJE,GAUBE,GAUBE,GAUBE PHC,,,,,,,
3066,NCZ,FCT,KUJE,GUDUN KARYA,GUDUN KARYA,GUDUN KARYA PHC,,,,,,,
3067,NCZ,FCT,KUJE,GWARGWADA,GWARGWADA,GWARGWADA CHC,,,,,,,
3068,NCZ,FCT,KUJE,KABI,KABI,KABI MONGORO CHC,,,,,,,
3069,NCZ,FCT,KUJE,KUJE CENTRAL,KUJE CENTRAL,KUJE CHC,,,,,,,
3070,NCZ,FCT,KUJE,KUJEKWA,KUJEKWA,KUJEKWA PHC,,,,,,,
3071,NCZ,FCT,KUJE,KWAKU,KWAKU WARD,KWAKU PHC,,,,,,,
3072,NCZ,FCT,KUJE,RUBOCHI,RUBOCHI,RUBOCHI CHC,,,,,,,
3073,NCZ,FCT,KUJE,YENCHE,YENCHE,YENCHE PHC,,,,,,,
3074,NCZ,FCT,KWALI,ASHARA,ASHARA,ASHARA PHC,,,,,,,
3075,NCZ,FCT,KWALI,DAFA,DAFA,DAFA PHC,,,,,,,
3076,NCZ,FCT,KWALI,GUMBO,GUMBO,KWAITA HAUSAWA PHC,,,,,,,
3077,NCZ,FCT,KWALI,KILANKWA,KILANKWA,SHEDA PHC,,,,,,,
3078,NCZ,FCT,KWALI,KUNDU,KUNDU,KUNDU CLINIC,,,,,,,
3079,NCZ,FCT,KWALI,KWALI CENTRAL,KWALI CENTRAL,KWALI PHC,,,,,,,
3080,NCZ,FCT,KWALI,PAI,PAI,DABI/BAKO CHC,,,,,,,
3081,NCZ,FCT,KWALI,WAKO,WAKO,WAKO PHC,,,,,,,
3082,NCZ,FCT,KWALI,YANGOJI,YANGOJI,YANGOJI FSP,,,,,,,
3083,NCZ,FCT,KWALI,YEBU,YEBU,KWAITA SABO PHC CENTRE,,,,,,,
3084,NEZ,GOMBE,AKKO,AKKO,AKKO WARD,AKKO PRIMARY HEALTH CENTER,,,,,,,
3085,NEZ,GOMBE,AKKO,GARKO,GARKO,BOGO MODEL PRIMARY HEALTH CENTRE,,,,,,,
3086,NEZ,GOMBE,AKKO,KALSHINGI,KALSHINGI WARD,KALSHINGI PRIMARY HEALTH CENTRE,,,,,,,
3087,NEZ,GOMBE,AKKO,KASHERE,KASHERE,KASHERE HEALTH CLINIC,,,,,,,
3088,NEZ,GOMBE,AKKO,KUMO CENTRAL,KUMO CENTRAL,KUMO PRIMARY HEALTH CENTER,,,,,,,
3089,NEZ,GOMBE,AKKO,KUMO EAST,KUMO EAST,PANDA PRIMARY HEALTH CENTRE,,,,,,,
3090,NEZ,GOMBE,AKKO,KUMO NORTH,KUMO NORTH,BARAMBU PRIMARY HEALTH CENTER,,,,,,,
3091,NEZ,GOMBE,AKKO,KUMO WEST,KUMO WEST,GADAWO PRIMARY HEALTH CENTER,,,,,,,
3092,NEZ,GOMBE,AKKO,PINDIGA,PINDIGA,PINDIGA PRIMARY HEALTH CENTER,,,,,,,
3093,NEZ,GOMBE,AKKO,TUKULMA,TUKULMA,TUKULMA PRIMARY HEALTH CLINIC,,,,,,,
3094,NEZ,GOMBE,AKKO,TUMU,TUMU,TUMU PRIMARY HEALTH CARE CENTRE,,,,,,,
3095,NEZ,GOMBE,BALANGA,BAMBAM,BAMBAM,BAMBAM PRIMARY HEALTH CENTRE,,,,,,,
3096,NEZ,GOMBE,BALANGA,BANGU/DW/W. LUNGUDA,BANGU (BANGU/DW/W.LUNGUDA),BANGU PRIMARY HEALTH CENTER,,,,,,,
3097,NEZ,GOMBE,BALANGA,DADIYA,DADIYA,DADIYA PRIMARY HEALTH CENTRE,,,,,,,
3098,NEZ,GOMBE,BALANGA,GELEGU/BALANGA,GELANGU,GELENGU PRIMARY HEALTH CENTRE,,,,,,,
3099,NEZ,GOMBE,BALANGA,KINDIYO,KINDIYO,CHAM PRIMARY HEALTH CENTER,,,,,,,
3100,NEZ,GOMBE,BALANGA,KULANI/DEGRI/SIKKAM,DEGRI/PUTOKI (KULANI/D.SKKAM),PUTOKI PRIMARY HEALTH CENTER,,,,,,,
3101,NEZ,GOMBE,BALANGA,MWONA,MONA,SILON PRIMARY HEALTH CENTER,,,,,,,
3102,NEZ,GOMBE,BALANGA,NYUWAR/JESSU,NYUWAR (NYUWAR/JESSU),NYUWAR PRIMARY HEALTH CENTRE,,,,,,,
3103,NEZ,GOMBE,BALANGA,SWA/REFELE/W. WAJA,SWA/REFELE/W.WAJA,SWA PRIMARY HEALTH CENTRE,,,,,,,
3104,NEZ,GOMBE,BALANGA,TALASSE/DONG/REME,TALASSE,TALASE PRIMARY HEALTH CENTER,,,,,,,
3105,NEZ,GOMBE,BILLIRI,BANGANJI NORTH,BANGANJE NORTH,SABONLAYI PHCC,,,,,,,
3106,NEZ,GOMBE,BILLIRI,BANGANJI SOUTH,BANGANJE SOUTH,BANGANJE PRIMARY HEALTH CENTRE,,,,,,,
3107,NEZ,GOMBE,BILLIRI,BARE,BARE WARD,KETENGERENG PRIMARY HEALTH CENTER,,,,,,,
3108,NEZ,GOMBE,BILLIRI,BILLIRI NORTH,BILLIRI NORTH,SANSANI PRIMARY HEALTH CENTER,,,,,,,
3109,NEZ,GOMBE,BILLIRI,BILLIRI SOUTH,BILLIRI SOUTH,KEKKEL MATERNAL AND CHILD HEALTH CLINIC,,,,,,,
3110,NEZ,GOMBE,BILLIRI,KALMAI,KALMAI,POBAWURE PRIMARY HEALTH CENTER,,,,,,,
3111,NEZ,GOMBE,BILLIRI,TAL,TAL,AYABA PRIMARY HEALTH CENTER,,,,,,,
3112,NEZ,GOMBE,BILLIRI,TANGLANG,TANGLANG,KULGUL PRIMARY HEALTH CENTER,,,,,,,
3113,NEZ,GOMBE,BILLIRI,TODI,TODI,TODI PRIMARY HEALTH CENTRE,,,,,,,
3114,NEZ,GOMBE,BILLIRI,TUDUKWAYA,TUDU KWAYA,TUDU PRIMARY HEALTH CENTER,,,,,,,
3115,NEZ,GOMBE,DUKKU,GOMBE ABBA,GOMBE ABBA,GOMBE ABBA PHC,,,,,,,
3116,NEZ,GOMBE,DUKKU,HASHINDU,HASHIDU,HASHIDU PRIMARY HEALTH CENTER,,,,,,,
3117,NEZ,GOMBE,DUKKU,JAMARI,JAMARI,JAMARI PHC,,,,,,,
3118,NEZ,GOMBE,DUKKU,KUNDE,KUNDE,KUNDE PRIMARY HEALTH CLINIC,,,,,,,
3119,NEZ,GOMBE,DUKKU,LAFIYYA,LAFIYA TALE,LAFIYA TALE HEALTH CLINIC,,,,,,,
3120,NEZ,GOMBE,DUKKU,MALALA,MALALA,NYSC CLINIC MALALA,,,,,,,
3121,NEZ,GOMBE,DUKKU,WAZIRI NORTH,WAZIRI NORTH,DUKKU PRIMARY HEALTH CENTRE,,,,,,,
3122,NEZ,GOMBE,DUKKU,WAZIRI SOUTH,WAZIRI SOUTH,BOZOMSHULWA PRMARY HEALTH CENTER,,,,,,,
3123,NEZ,GOMBE,DUKKU,WURO TALE,WURO TALE,WURO TALE PRIMARY HEALTH CENTRE,,,,,,,
3124,NEZ,GOMBE,DUKKU,ZANGE,ZANGE,ZANGE PRIMARY HEALTH CENTER,,,,,,,
3125,NEZ,GOMBE,DUKKU,ZAUNE,ZAUNE,ZAUNE PHC,,,,,,,
3126,NEZ,GOMBE,FUNAKAYE,ASHAKA/MAGABA,ASHAKA MAGABA,JALINGO PHC,,,,,,,
3127,NEZ,GOMBE,FUNAKAYE,BAGE,BAGE,BAGE PRIMARY HEALTH CENTER,,,,,,,
3128,NEZ,GOMBE,FUNAKAYE,BAJOGA EAST,SANGARU (BAJOGA EAST),SANGARU PRIMARY HEALTH CENTRE,,,,,,,
3129,NEZ,GOMBE,FUNAKAYE,BAJOGA WEST,BAJOGA WEST,BAJOGA PHC,,,,,,,
3130,NEZ,GOMBE,FUNAKAYE,BODOR/TILDE,TILDE/BODOR,TILDE PRIMARY HEALTH CENTER,,,,,,,
3131,NEZ,GOMBE,FUNAKAYE,JILLAHI,JILLAHI,JILLAHI PRIMARY HEALTH CENTRE,,,,,,,
3132,NEZ,GOMBE,FUNAKAYE,KUPTO,KUBTO,KUPTO PRIMARY HEALTH CENTRE,,,,,,,
3133,NEZ,GOMBE,FUNAKAYE,RIBADU,RIBADU,RIBADU PRIMARY HEALTH CENTRE,,,,,,,
3134,NEZ,GOMBE,FUNAKAYE,TONGO,TONGO,TONGO PRIMARY HEALTH CENTER,,,,,,,
3135,NEZ,GOMBE,FUNAKAYE,WAWA/WAKALTU,WAWA WAKALTU,WAWA MATERNAL AND CHILD HEALTH CLINIC,,,,,,,
3136,NEZ,GOMBE,GOMBE,AJIYA,AJIYA,KAGARAWAL COMPREHENSIVE HEALTH CENTRE,,,,,,,
3137,NEZ,GOMBE,GOMBE,BAAJOGA,BAAJOGA,LONDON MAIDORAWA HEALTH CLINIC,,,,,,,
3138,NEZ,GOMBE,GOMBE,BOLARI EAST,BOLARI EAST,MADAKI HEALTH CENTER,,,,,,,
3139,NEZ,GOMBE,GOMBE,BOLARI WEST,BOLARI WEST,BOLARI MATERNITY CLINIC,,,,,,,
3140,NEZ,GOMBE,GOMBE,DAWAKI,DAWAKI,TOWN PHCC,,,,,,,
3141,NEZ,GOMBE,GOMBE,HERWAGANA,HERWAGANA,HERWA GANA HEALTH CLINIC,,,,,,,
3142,NEZ,GOMBE,GOMBE,JEKADAFARI,JEKADAFARI,JEKADAFARI PHC,,,,,,,
3143,NEZ,GOMBE,GOMBE,KUMBIYA-KUMB,KUMBIYA KUMBIYA,KUMBIA KUMBIA MATERNITY CLINIC,,,,,,,
3144,NEZ,GOMBE,GOMBE,NASARAWO,NASARAWO,NASSARAWO MATERNITY CLINIC,,,,,,,
3145,NEZ,GOMBE,GOMBE,PANTAMI,PANTAMI,PANTAMI PRIMARY HEALTH CENTER,,,,,,,
3146,NEZ,GOMBE,GOMBE,SHAMAKI,SHAMAKI,TUDUN WADA PRIMARY HEALTH CENTER,,,,,,,
3147,NEZ,GOMBE,KALTUNGO,AWAK,AWAK,SABON LAYI AWAK PHC,,,,,,,
3148,NEZ,GOMBE,KALTUNGO,BULE KALTIN,BULE/KALTIN,KALTIN PRIMARY HEALTH CENTRE,,,,,,,
3149,NEZ,GOMBE,KALTUNGO,KALTUNGO EAST,KALTUNGO EAST,AT ASHAMAKI HOSPITAL,,,,,,,
3150,NEZ,GOMBE,KALTUNGO,KALTUNGO WEST,KALTUNGO WEST,KALORGU PRIMARY HEALTH CLINIC,,,,,,,
3151,NEZ,GOMBE,KALTUNGO,KAMO,KAMO,GUJUBA PRIMARY HEALTH CLINIC,,,,,,,
3152,NEZ,GOMBE,KALTUNGO,TULA BAULE,BAULE (TULA BAULE),BAUKE GARI PHC,,,,,,,
3153,NEZ,GOMBE,KALTUNGO,TULA WANGE,WANGE (TULA WANGE),WANGE PRIMARY HEALTH CLINIC,,,,,,,
3154,NEZ,GOMBE,KALTUNGO,TULA YIRI,YIRI (TULA YIRI),YIRI PRIMARY HEALTH CENTRE,,,,,,,
3155,NEZ,GOMBE,KALTUNGO,TUNGO,TUNGO,LAKIDIR HEALTH CENTRE,,,,,,,
3156,NEZ,GOMBE,KALTUNGO,TURE,TURE,TURE BALAM PRIMARY HEALTH CLINIC,,,,,,,
3157,NEZ,GOMBE,KWAMI,BOJUDE,BOJUDE (DIRRI),DIRRI HEALTH CENTRE,,,,,,,
3158,NEZ,GOMBE,KWAMI,DABAN FULANI,DABAN FULANI,DEBAN FUANI DISPENSARY,,,,,,,
3159,NEZ,GOMBE,KWAMI,DOHO,DOHO,DOHO PHC,,,,,,,
3160,NEZ,GOMBE,KWAMI,DUKKUL,DUKKUL,DUKKUL HEALTH CLINIC,,,,,,,
3161,NEZ,GOMBE,KWAMI,GADAM,GADAM,GADAM HEALTH CARE,,,,,,,
3162,NEZ,GOMBE,KWAMI,JURAR,JURARA,JURARA PHC,,,,,,,
3163,NEZ,GOMBE,KWAMI,KOMFULATA,KWAMI (KOMFULATA),ABUJA HEALTH CLINIC,,,,,,,
3164,NEZ,GOMBE,KWAMI,KWAMI,KWAMI,KWAMI PHC,,,,,,,
3165,NEZ,GOMBE,KWAMI,MALLAM SIDI,MALLAM SIDI,MALLAM SIDI PRIMARY HEALTH CENTER,,,,,,,
3166,NEZ,GOMBE,KWAMI,MALLERI,MALLERI,MALLERI HEALTH CLINIC,,,,,,,
3167,NEZ,GOMBE,NAFADA,BARWO NASARWO,BARWO NASARAWO,BARWO NASARAWO PRIMARY HEALTH CENTRE,,,,,,,
3168,NEZ,GOMBE,NAFADA,BARWO WINDE,BARWO WINDE,BARWO WINDE PRIMARY HEALTH CENTER,,,,,,,
3169,NEZ,GOMBE,NAFADA,BIRIN BOLEWA,BIRIN BOLAWA,BIRIN BOLAWA PRIMARY HEALTH CENTER,,,,,,,
3170,NEZ,GOMBE,NAFADA,BIRIN FULANI EAST,BIRIN FULANI EAST,SORODO PRIMARY HEALTH CENTER,,,,,,,
3171,NEZ,GOMBE,NAFADA,BIRIN FULANI WEST,BIRIN FULANI WEST,BIRIN FULANI PRIMARY HEALTH CENTER,,,,,,,
3172,NEZ,GOMBE,NAFADA,GUDUKKU,GUDUKU,GUDUKKU PRIMARY HEALTH CENTER,,,,,,,
3173,NEZ,GOMBE,NAFADA,JIGAWA,JIGAWA,JIGAWA PRIMARY HEALTH CENTER,,,,,,,
3174,NEZ,GOMBE,NAFADA,NAFADA CENTRAL,NAFADA CENTRAL,PRIMARY HEALTH CENTRE WURE,,,,,,,
3175,NEZ,GOMBE,NAFADA,NAFADA EAST,NAFADA EAST,NAFADA PRIMARY HEALTH CENTER,,,,,,,
3176,NEZ,GOMBE,NAFADA,NAFADA WEAST,NAFADA WEST,MADA PRIMARY HEALTH CENTRE,,,,,,,
3177,NEZ,GOMBE,SHONGOM,BANGUNJI,BANGUNJI WARD,BANGUNJI PRIMARY HEALTH CLINIC,,,,,,,
3178,NEZ,GOMBE,SHONGOM,BOH,BOH,BOH MODEL PRIMARY HEALTH CENTRE,,,,,,,
3179,NEZ,GOMBE,SHONGOM,BURAK,BURAK WARD,BURAK PRIMARY HEALTH CLINIC,,,,,,,
3180,NEZ,GOMBE,SHONGOM,FILIYA,FILIYA,FILIYA PRIMARY HEALTH CENTRE,,,,,,,
3181,NEZ,GOMBE,SHONGOM,GUNDALE,GUNDALE WARD,GUNDALE PRIMARY HEALTH CLINIC,,,,,,,
3182,NEZ,GOMBE,SHONGOM,GWANDUM,GWANDUM WARD,GWANDUM PRIMARY HEALTH CENTER,,,,,,,
3183,NEZ,GOMBE,SHONGOM,KULISHIN,KULISHIN,KULISHIN PRIMARY HEALTH CLINIC,,,,,,,
3184,NEZ,GOMBE,SHONGOM,KUSHI,KUSHI WARD,KUSHI KAURI PRIMARY HEALTH CLINIC,,,,,,,
3185,NEZ,GOMBE,SHONGOM,LALAIPIDO,LALAIPIDO,LALAIPIDO PRIMARY HEALTH CLINIC,,,,,,,
3186,NEZ,GOMBE,SHONGOM,LAPAN,LAPAN,LAPAN PRIMARY HEALTH CLINIC,,,,,,,
3187,NEZ,GOMBE,YAMALTU DEBA,DEBA,DABA,DABA PHC,,,,,,,
3188,NEZ,GOMBE,YAMALTU DEBA,DIFA/LUBO/KINAFA,LUBO/D/KINAFA,LUBO PHC,,,,,,,
3189,NEZ,GOMBE,YAMALTU DEBA,GWANI/SHINGA/WADE,GWANI/SHINGA/WADE,SHINGA PRIMARY HEALTH CENTRE,,,,,,,
3190,NEZ,GOMBE,YAMALTU DEBA,HINDA,HINNA (HINDA),DADIN KOWA MHC,,,,,,,
3191,NEZ,GOMBE,YAMALTU DEBA,JAGALI NORTH,JAGALE NORTH,MAIKAHO PHC,,,,,,,
3192,NEZ,GOMBE,YAMALTU DEBA,JAGALI SOUTH,JAGALI SOUTH,KURJALE PRIMARY HEALTH CENTER,,,,,,,
3193,NEZ,GOMBE,YAMALTU DEBA,KANAWA WAJARI,KANAWA/WAJARI,DANGAR PHC,,,,,,,
3194,NEZ,GOMBE,YAMALTU DEBA,KURI/LANO/LAMBAM,LANO/KURI/LAMBAM,LANO PRIMARY HEALTH CENTER,,,,,,,
3195,NEZ,GOMBE,YAMALTU DEBA,KWADON/LIJI/KURBA,KWADOM/LIJI/KURBA,KWADON PRIMARY HEALTH CENTER,,,,,,,
3196,NEZ,GOMBE,YAMALTU DEBA,NON/KUNUWAL/W.B.,NONO KUNUWAL WURO BIRINDEKA,NONO S KUDU PRIMARY HEALTH CENTER,,,,,,,
3197,NEZ,GOMBE,YAMALTU DEBA,ZAMBUK/KWALI,ZAMBUK/KWALI WARD,ZAMBUK PHC,,,,,,,
3198,SEZ,IMO,ABOH-MBAISE,AMUZU,AMUZU WARD,AMUZU PHC,,,,,,,
3199,SEZ,IMO,ABOH-MBAISE,ENYIOGUGU,ENYIOGUGU,ENYIOGUGU PHC,,,,,,,
3200,SEZ,IMO,ABOH-MBAISE,IBEKU,IBEKU,IBEKU PHC,,,,,,,
3201,SEZ,IMO,ABOH-MBAISE,LAGWA,LAGWA WARD,OBO LAGWA PHC,,,,,,,
3202,SEZ,IMO,ABOH-MBAISE,LORJI,LORJI,LORJI PHC,,,,,,,
3203,SEZ,IMO,ABOH-MBAISE,MBUTU,MBUTU1,MBUTU1,,,,,,,
3204,SEZ,IMO,ABOH-MBAISE,NGURU AHIATOR,AHIATO,AHIATO HEALTH CENTER,,,,,,,
3205,SEZ,IMO,ABOH-MBAISE,NGURU NWEKE,UMUNNEATO,NGWURUWEKE HEALTH CENTER,,,,,,,
3206,SEZ,IMO,ABOH-MBAISE,NGURU-NWANKWO,NGURU-NWENKWO,NKWOGWU HEALTH CENTRE,,,,,,,
3207,SEZ,IMO,ABOH-MBAISE,UMUHU,UMUHU WARD,UMUHU PHC,,,,,,,
3208,SEZ,IMO,ABOH-MBAISE,UVURU I,UVURU HEALTH CENTER,UVURU HEALTH CENTER,,,,,,,
3209,SEZ,IMO,ABOH-MBAISE,UVURU II,AMAISII/NDIGBO WARD,ALGON PHC,,,,,,,
3210,SEZ,IMO,AHIAZU-MBAISE,AMUZI/IHENWORIE,OBODO-AHIARA/-IHENWOR,IHENWORIE PHC,,,,,,,
3211,SEZ,IMO,AHIAZU-MBAISE,MPAM,MPAM,MPAM-PHC,,,,,,,
3212,SEZ,IMO,AHIAZU-MBAISE,NNARAMBIA,NNARAMBIA,NNARAMBIA PHC,,,,,,,
3213,SEZ,IMO,AHIAZU-MBAISE,OBOHIA EKWREAZU,OBOHIA/-EKWERAZU,OBOHIA PHC,,,,,,,
3214,SEZ,IMO,AHIAZU-MBAISE,OGBE,OGBENNEISII,OGBENNEISII PHC,,,,,,,
3215,SEZ,IMO,AHIAZU-MBAISE,OGBE,OGBE,OGBE-I-PHC,,,,,,,
3216,SEZ,IMO,AHIAZU-MBAISE,OGBO / UMUCHIEZU,OGBOR-/-UMUEZE,OGBOR MDG HEALTH CENTER,,,,,,,
3217,SEZ,IMO,AHIAZU-MBAISE,OKRIKA NWENKWO,OKRIKANWENKWO,UMUOKIRIKA PHC,,,,,,,
3218,SEZ,IMO,AHIAZU-MBAISE,OKRIKA NWENKE,OKIRIKANWEKE-1,OKIRIKANWEKE HEALTH CENTER_,,,,,,,
3219,SEZ,IMO,AHIAZU-MBAISE,OPARANADIM,EZIAMA,EZIAMA PHC,,,,,,,
3220,SEZ,IMO,AHIAZU-MBAISE,ORU-NA-LUDE,ORU-/-LUDE,ORU MCH,,,,,,,
3221,SEZ,IMO,AHIAZU-MBAISE,OTULU/AGUNEZU,OTULU,PHC OTULU,,,,,,,
3222,SEZ,IMO,AHIAZU-MBAISE,UMUNUMO / UMUCHIEZU,UMUNUMO/UMUCHIEZE,UMUCHIEZE HEALTH CENTER,,,,,,,
3223,SEZ,IMO,EHIME-MBANO,AGBAJA,AGBAJA,AGBAJA PHC,,,,,,,
3224,SEZ,IMO,EHIME-MBANO,NSU 'A' IKPE,NSU-–-A,UMUEZEALA NSU H/C (PHC),,,,,,,
3225,SEZ,IMO,EHIME-MBANO,NSU 'B' IHITTE,UMUAKAGU,UMUAKAGU H/C (PHC),,,,,,,
3226,SEZ,IMO,EHIME-MBANO,NZEREM/IKPE,NZEREM IKPE,NZEREM HC,,,,,,,
3227,SEZ,IMO,EHIME-MBANO,UMEEZE II,UMUEZE-11,UMUEZE 11 H/C,,,,,,,
3228,SEZ,IMO,EHIME-MBANO,UMUALUM/UMUIHIM,UMUALUMAKU/UMUIHIM,UMUALUMAKU/ UMUIHIM (PHC),,,,,,,
3229,SEZ,IMO,EHIME-MBANO,UMUEZE I,UMUEZE1,UMUEZE 1 PHC,,,,,,,
3230,SEZ,IMO,EHIME-MBANO,UMUEZEALU,UMUEZEALA,UMUEZEALA OWERE HC,,,,,,,
3231,SEZ,IMO,EHIME-MBANO,UMUKABIA,UMUKABIA,OSURU PHC,,,,,,,
3232,SEZ,IMO,EHIME-MBANO,UMUNAKANU,UMUNAKANU,UMUOGOLO HC,,,,,,,
3233,SEZ,IMO,EHIME-MBANO,UMUNUMO,UMUNUMO,IBEAFOR PHC,,,,,,,
3234,SEZ,IMO,EZINIHITTE-MBAISE,AMUMARA,AMUMARA WARD 1,AMUMARA HEALTH CENTER,,,,,,,
3235,SEZ,IMO,EZINIHITTE-MBAISE,CHOKONEZE/AKPODIM,IFE/OWUTU,IFE PHC,,,,,,,
3236,SEZ,IMO,EZINIHITTE-MBAISE,CHOKONEZE/AKPODIM,AKPODIM/CHOKONEZE,CHOKONEZE PHC,,,,,,,
3237,SEZ,IMO,EZINIHITTE-MBAISE,EZIUDO,EZIUDO-1,EZIUDO PHC,,,,,,,
3238,SEZ,IMO,EZINIHITTE-MBAISE,IHITE,IHITTE,AMAGBOR PHC,,,,,,,
3239,SEZ,IMO,EZINIHITTE-MBAISE,ITU,ITU,ITU PHC,,,,,,,
3240,SEZ,IMO,EZINIHITTE-MBAISE,OBOAMA/UMUNAMA,OBOAMA/UMUNAMA,UMUNAMA PHC,,,,,,,
3241,SEZ,IMO,EZINIHITTE-MBAISE,OKPOFE/EZEAGBOGU,EZEAGBOGU,EZEAGBOGU PHC,,,,,,,
3242,SEZ,IMO,EZINIHITTE-MBAISE,OKPOFE/EZEAGBOGU,OKPOFE,OKPOFE,,,,,,,
3243,SEZ,IMO,EZINIHITTE-MBAISE,ONICHA I,ONICHA 1,UMUELEAGWA HEALTH CENTRE,,,,,,,
3244,SEZ,IMO,EZINIHITTE-MBAISE,ONICHA II,ONICHA-II,ONICHA-PHC,,,,,,,
3245,SEZ,IMO,EZINIHITTE-MBAISE,ONICHA III,ONICHA 3,UMUHU ONICHA PHC,,,,,,,
3246,SEZ,IMO,EZINIHITTE-MBAISE,ONICHA IV,ONICHA-1V,OMUKWU PHC,,,,,,,
3247,SEZ,IMO,EZINIHITTE-MBAISE,UDO NA OBIZI,OBIZI,OBIZI PHC,,,,,,,
3248,SEZ,IMO,IDEATO-NORTH,AKPULU,AKPULU,UBAHA/AKPULU,,,,,,,
3249,SEZ,IMO,IDEATO-NORTH,AKWU/OWERRE,OWERRE/AKWU,OWERRE AKOKWA PHC,,,,,,,
3250,SEZ,IMO,IDEATO-NORTH,EZEMAZU/OZUOMEE,EZEMAZU,ELUAMA MDG PHC,,,,,,,
3251,SEZ,IMO,IDEATO-NORTH,ISIOKPO,ISIOKPO,ISIOKPO PHC,,,,,,,
3252,SEZ,IMO,IDEATO-NORTH,IZUOGU I,IZUOGU 1,"PRIMARY HEALTH CARE, NDIUCHE",,,,,,,
3253,SEZ,IMO,IDEATO-NORTH,IZUOGU II,IZUOGU 2,NDIEJEZIE PHC,,,,,,,
3254,SEZ,IMO,IDEATO-NORTH,NDIHEME,OBINETITI PHC,NDIANICHE OBINETITI HEALTH CENTER,,,,,,,
3255,SEZ,IMO,IDEATO-NORTH,NDIMOKE,NDIMOKO,NDIMOKO PHC,,,,,,,
3256,SEZ,IMO,IDEATO-NORTH,OBODOUKWU,OBODOUKWU,OBODOUKWU PHC,,,,,,,
3257,SEZ,IMO,IDEATO-NORTH,OSINA,OSINA,OSINA PHC,,,,,,,
3258,SEZ,IMO,IDEATO-NORTH,OZUAKOLI/UMUAGO,OZUAKALI/UMUAGO,MCH URUALA,,,,,,,
3259,SEZ,IMO,IDEATO-NORTH,UMUOKWARA/UMUEZEGA,UMUOKWARA/UMUEZEAGA,UMUEZEAGA PHC,,,,,,,
3260,SEZ,IMO,IDEATO-NORTH,UMUOPIA/UMUKEWU,UMUKEGWU/UMUOPIA,IDEATO NORTH HEALTH CENTER,,,,,,,
3261,SEZ,IMO,IDEATO-NORTH,UZU/UMUALOMA,UZZI/UMUALAOMA,UMUALAOMA HEALTH CENTER,,,,,,,
3262,SEZ,IMO,IDEATO-SOUTH,AMANATOR/UMUESH,UMUESHI,NTUEKE HEASLTH CENTRE,,,,,,,
3263,SEZ,IMO,IDEATO-SOUTH,AMANATOR/UMUESH,UMUESHI,UMUESHI-HEALTH-CENTER,,,,,,,
3264,SEZ,IMO,IDEATO-SOUTH,DIKENAFAI,DIKENAFAI,DIKENAFAI MCH PHC,,,,,,,
3265,SEZ,IMO,IDEATO-SOUTH,ISIEKENESI I,ISIEKENESI-I,UMUAGHOBE HEALTH CENTER,,,,,,,
3266,SEZ,IMO,IDEATO-SOUTH,ISIEKENESI II,ISIEKENESI-II,NWABOSI HEALTH CENTER,,,,,,,
3267,SEZ,IMO,IDEATO-SOUTH,NTUEKE,NTUEKE,NTUEKE HEASLTH CENTRE,,,,,,,
3268,SEZ,IMO,IDEATO-SOUTH,OBIOHIA,OBIOHIA HEALTH CENTER,OBIOHIA HEALTH CENTER,,,,,,,
3269,SEZ,IMO,IDEATO-SOUTH,OGBOKO I,OGBOKO-WARD-I,M.D.G.-OGBOKO,,,,,,,
3270,,IMO,IDEATO-SOUTH,OGBOKO II,OGBOKO II,UMUEZEALA OGBOKO H/C,,,,,,,
3271,SEZ,IMO,IDEATO-SOUTH,UGBELLE,UGBELLE,UGBELLE HEALTH CENTRE,,,,,,,
3272,SEZ,IMO,IDEATO-SOUTH,UMUAKAM/UMUAGO,UMUAKAM/UMUAGO,UMUAKAM PHC,,,,,,,
3273,SEZ,IMO,IDEATO-SOUTH,UMUCHIMA,UMUCHIMA,UMUCHIMA PHC,,,,,,,
3274,SEZ,IMO,IDEATO-SOUTH,UMUMAISIAKU,UMUMASIAKU,MDG UMUMASIAKU,,,,,,,
3275,SEZ,IMO,IDEATO-SOUTH,UMUOBOM,UMUOBOM,UMUDURUAHURUNWA PHC,,,,,,,
3276,SEZ,IMO,IHITTE-UBOMA,ABUEKE,ABUEKE,ABUEKE H/CENTRE,,,,,,,
3277,SEZ,IMO,IHITTE-UBOMA,AMAINYI,AMAINYIUKWU WARD,UMUNAHUIHIE H/CENTRE,,,,,,,
3278,SEZ,IMO,IHITTE-UBOMA,AMAKOHIA,AMAKOHIA-II,ISINWEKE H/CENTRE,,,,,,,
3279,SEZ,IMO,IHITTE-UBOMA,ATONERIM,ATONERIM,NKUMEATO H/CENTRE,,,,,,,
3280,SEZ,IMO,IHITTE-UBOMA,AWUCHINUMO,AWUCHINUMO,UMUAWUCHI H/CENTRE,,,,,,,
3281,SEZ,IMO,IHITTE-UBOMA,DIMNEZE,ONICHA-UBOMA,ONICHA UBOMA H/CENTRE,,,,,,,
3282,SEZ,IMO,IHITTE-UBOMA,IKPEREJERE,THE NAME OF THE WARD IS IKPEREJERE,IKPEREJERE,,,,,,,
3283,SEZ,IMO,IHITTE-UBOMA,OKATA,UZINOMI,UZINOMI-H/CENTRE,,,,,,,
3284,SEZ,IMO,IHITTE-UBOMA,UMUEZEGWU,UMUEZEGWU,UMUEZEGWU H/CENTRE,,,,,,,
3285,SEZ,IMO,IHITTE-UBOMA,UMUIHI,UMUIHI,UMUIHI H/CENTRE,,,,,,,
3286,SEZ,IMO,IKEDURU,AKABO,AKABO,AKABO-HEALTH-CENTRE,,,,,,,
3287,SEZ,IMO,IKEDURU,AMAIMO,AMAIMO,AMAIMO-HEALTH-CENTRE,,,,,,,
3288,SEZ,IMO,IKEDURU,AMAKOHIA,AMAKOHIA,OWUBINUBI HEALTH CENTRE,,,,,,,
3289,SEZ,IMO,IKEDURU,AMATTA,AMATTA,AMATTA HEALTH CENTRE,,,,,,,
3290,SEZ,IMO,IKEDURU,ATTA I,ATTA-I,ATTA I HEALTH CENTRE,,,,,,,
3291,SEZ,IMO,IKEDURU,ATTA II,ATTA-II,ATTA-II-HEALTH-CENTRE,,,,,,,
3292,SEZ,IMO,IKEDURU,AVUVU,AVUVU,AVUVU HEALTH CENTRE,,,,,,,
3293,SEZ,IMO,IKEDURU,IHO,IHO,IHO BASIC CENTRE,,,,,,,
3294,SEZ,IMO,IKEDURU,INYICHI/UMUDIM,INYISHI,AMAEKE-INYISHI-HEALTH-CENTRE,,,,,,,
3295,SEZ,IMO,IKEDURU,NGUGO/IKEMBALA,NGUGO/-IKEMBARA,NGUGO HEALTH CENTRE,,,,,,,
3296,SEZ,IMO,IKEDURU,UGIRIKE/OKIRU/EZIAMA,EZIAMA,EZIAMA HEALTH CENTRE,,,,,,,
3297,SEZ,IMO,IKEDURU,UZOAGBA,EBIKORO,EBIKORO-HEALTH-CENTRE,,,,,,,
3298,SEZ,IMO,ISIALA-MBANO,OBOLLO,OBOLLO-WARD,OBOLLO PHC,,,,,,,
3299,SEZ,IMO,ISIALA-MBANO,OGBOR,OGBOR,OGBOR HC,,,,,,,
3300,SEZ,IMO,ISIALA-MBANO,OSUACHARA,OSUACHARA WARD,UMUDURU PHC,,,,,,,
3301,SEZ,IMO,ISIALA-MBANO,OSUACHARA,NNEATO-WARD,OBIOHURU-PHC,,,,,,,
3302,SEZ,IMO,ISIALA-MBANO,UMUOZU,UMUOZU,UMUOZU PHC,,,,,,,
3303,SEZ,IMO,ISIALA-MBANO,AMARAKU,AMARAKU-WARD,AMARAKU-PHC,,,,,,,
3304,SEZ,IMO,ISIALA-MBANO,AMAUZARI,EKWEDIM-WARD,EKWEDIM-PHC,,,,,,,
3305,SEZ,IMO,ISIALA-MBANO,IBEME,IBEME-WARD,IBEME-PHC,,,,,,,
3306,SEZ,IMO,ISIALA-MBANO,OGIRI/OKA,OKA-WARD,OKA-PHC,,,,,,,
3307,SEZ,IMO,ISIALA-MBANO,OGIRI/OKA,UMUNEKE-UGIRI-WARD,UMUNEKE PHC,,,,,,,
3308,SEZ,IMO,ISIALA-MBANO,OSU OWERE I,OSU-OWERRE-I,OKOHIA PHC,,,,,,,
3309,SEZ,IMO,ISIALA-MBANO,OSU OWERE II,OSU-OWERRE-WARD-II,UMUNCHI PHC,,,,,,,
3310,SEZ,IMO,ISIALA-MBANO,OSUAMA/ANARA,ANARA-WARD,ANARA-PHC,,,,,,,
3311,SEZ,IMO,ISIALA-MBANO,UMUNKWO,UMUNKWO-WARD,UMUNKWO PHC,,,,,,,
3312,SEZ,IMO,ISU,AMANDUGBA I,AMANDUGBA I,AMANDUGBA PHC,,,,,,,
3313,SEZ,IMO,ISU,AMANDUGBA II,AMANDUGBA-II,UMUDURU PHC,,,,,,,
3314,SEZ,IMO,ISU,AMURIE OMANZE I,AMURE,AMURE PHC,,,,,,,
3315,SEZ,IMO,ISU,AMURIE OMANZE II,AMAUJU,AMAUJU PHC,,,,,,,
3316,SEZ,IMO,ISU,EKWE I,EKWE I,UMUDUBI PHC,,,,,,,
3317,SEZ,IMO,ISU,EKWE II,EBENATOR,EBENATOR PHC,,,,,,,
3318,SEZ,IMO,ISU,ISU NJABA I,ISUNJABA,MODEL PHC ISUNJABA,,,,,,,
3319,SEZ,IMO,ISU,ISU NJABA II,ISU-OBISHI,ISU-OBISHI PHC,,,,,,,
3320,SEZ,IMO,ISU,ISU NJABA III,ISU-OKPORO,ISU-OKPORO,,,,,,,
3321,SEZ,IMO,ISU,UMUNDUGBA I,UMUNDUGBA,NNERIM PHC,,,,,,,
3322,SEZ,IMO,ISU,UMUNDUGBA II,UMUNDUGBA-1,MCH,,,,,,,
3323,SEZ,IMO,MBAITOLI,AFARA/EZIAMA,AFARA-EZIAMA-WARD,AFARA PHC,,,,,,,
3324,SEZ,IMO,MBAITOLI,AMAIKE,AMAIKE-WARD,UMUOMUMU-H/C,,,,,,,
3325,SEZ,IMO,MBAITOLI,EZINIHITTE,EZI,ACHIMBERI-HEALTH-CENTE,,,,,,,
3326,SEZ,IMO,MBAITOLI,IFAKALA,IFAKALA-WARD,NWAORUBI-PHC,,,,,,,
3327,SEZ,IMO,MBAITOLI,OGBAKU,OGBAKU,OGBAKU H/C,,,,,,,
3328,SEZ,IMO,MBAITOLI,OGWA I,OGWA-‘A’-WARD,UMUNNEATO-PHC,,,,,,,
3329,SEZ,IMO,MBAITOLI,OGWA II,OGWA B WARD,OGWA DISPENSARY AND MATERNITY,,,,,,,
3330,SEZ,IMO,MBAITOLI,ORODO A,ORODO-‘A’-WARD,ISIORODO (MDG) PHC,,,,,,,
3331,SEZ,IMO,MBAITOLI,ORODO B,ORODO-B,OBIORODO PHC,,,,,,,
3332,SEZ,IMO,MBAITOLI,UBOMIRI,UBOMMIRI-WARD,UBOMMIRI PHC,,,,,,,
3333,SEZ,IMO,MBAITOLI,UMUNOHA/AZARA,UMUNOHA/AZARA,UMUNOHA PHC,,,,,,,
3334,SEZ,IMO,MBAITOLI,UMUNWOHA/UMUAGWU,UMUNWOHA/UMUAGWU,OHOHIA PHC,,,,,,,
3335,SEZ,IMO,NGOR-OKPALA,OHEKELEM / NNORIE,OHEKELEM/NNORIE,NNORIE_NNEORIE HEALTH CENTRE,,,,,,,
3336,SEZ,IMO,NGOR-OKPALA,AMALA / ALULU OBURU,ALULU,ALULU HEALTH CENTER,,,,,,,
3337,SEZ,IMO,NGOR-OKPALA,AMALA / ALULU OBURU,AMALA/NTU,AMAPU AMALA HEALTH CENTRE,,,,,,,
3338,SEZ,IMO,NGOR-OKPALA,ELEME / OBIKE,ELELEM,ELELEM HEALTH CENTRE,,,,,,,
3339,SEZ,IMO,NGOR-OKPALA,EZIAMA / OKPALA,EZIAMA,EZIAMA PHC,,,,,,,
3340,SEZ,IMO,NGOR-OKPALA,IMER / ENWE,IMERIENWE,AMAFOR HEALTH CENTRE,,,,,,,
3341,SEZ,IMO,NGOR-OKPALA,LOGARA / UMUOH / AGU,UMUOHIAGU/LOGARA,UMUOHIAGU HEALTH CENTRE,,,,,,,
3342,SEZ,IMO,NGOR-OKPALA,NGOR / IHITTE / UMKABIA,IHITTE/-UMUKABIA,UMUKABIA HEALTH CENTRE,,,,,,,
3343,SEZ,IMO,NGOR-OKPALA,NGURU / UMUOWA,NGURU/UMUOWA,NGURU HEALTH CENTRE,,,,,,,
3344,SEZ,IMO,NGOR-OKPALA,OBIANGWU,OBIANGWU,OBIANGWU-HEALTH-CENTRE,,,,,,,
3345,SEZ,IMO,NGOR-OKPALA,OZUZU,OZUZU,ORISHIEZE-HEALTH-CENTRE,,,,,,,
3346,SEZ,IMO,NGOR-OKPALA,UMUHU,UMUEKWUNE,UMUEKWUNE-HEALTH-CENTRE,,,,,,,
3347,SEZ,IMO,NJABA,AMUAKA II,UMUAKA-II,ISIOZI HEALTH CENTER,,,,,,,
3348,SEZ,IMO,NJABA,AMUAKA III,UMUAKA-III,IBELE HEALTH CENTER,,,,,,,
3349,SEZ,IMO,NJABA,AMUAKA IV,AMAZANO,AMAZANO HEALTH CENTER,,,,,,,
3350,SEZ,IMO,NJABA,AMUCHA I,AMUCHA,AMUCHA HEALTH CENTER,,,,,,,
3351,SEZ,IMO,NJABA,AMUCHA II,AMUCHA II,AMUCHA EBEISE H.C.,,,,,,,
3352,SEZ,IMO,NJABA,ATTA I,ATTA-I,ATTA I HEALTH CENTRE,,,,,,,
3353,SEZ,IMO,NJABA,ATTA II,ATTA-II,ATTA-II-HEALTH-CENTRE,,,,,,,
3354,SEZ,IMO,NJABA,ATTA III,EGWEDU,EGWEDU HEALTH CENTER,,,,,,,
3355,SEZ,IMO,NJABA,NKUME,UMUEZE,NNENASA HEALTH CENTER,,,,,,,
3356,SEZ,IMO,NJABA,OKWUDOR,OKWUDOR,OKWUDOR HEALTH CENTER,,,,,,,
3357,SEZ,IMO,NJABA,OKWUDOR,IHEBINOWERRE,IHEBINOWERE (UMUOKWARA HC),,,,,,,
3358,SEZ,IMO,NJABA,UMUAKA I,UMUAKA-I,UMUAKA HEALTH CENTER,,,,,,,
3359,SEZ,IMO,NKWERRE,AMAOPARA,AMAOPARA-WARD,AMAOPARA-HEALTH-CENTER,,,,,,,
3360,SEZ,IMO,NKWERRE,EZIAMA OBAIRE,EZIAMA-OBIRE,EZIAMA HEALTH CENTER,,,,,,,
3361,SEZ,IMO,NKWERRE,NKWERE URBAN,NKWERE-VII,MCH NKWERRE,,,,,,,
3362,SEZ,IMO,NKWERRE,NKWERRE IV (UMUNUBO/UMUNACHI),UMUNUBO-WARD,UMUGARA HEALTH CENTER,,,,,,,
3363,SEZ,IMO,NKWERRE,NNANANO (NKWERRE II),NNANANO-WARD,UMUKABIA-HEALTH-CENTER,,,,,,,
3364,SEZ,IMO,NKWERRE,ONUSA,ONUSA-2-WARD,MDG H/C,,,,,,,
3365,SEZ,IMO,NKWERRE,OWERE NKWORJI I,OWERE-NKWORJI-1,OWERE NKWORJI PHC,,,,,,,
3366,SEZ,IMO,NKWERRE,UMUDI/UMUWALA,UMUDI-WARD,UMUDI-HEALTH-CENTER,,,,,,,
3367,SEZ,IMO,NKWERRE,UMUKOR III,UMUWALA-WARD,UMUWALA-HEALTH-CENTER,,,,,,,
3368,SEZ,IMO,NWANGELE,ABAJAH I,ABAJAH-1,ABAJAH HEALTH CENTER,,,,,,,
3369,SEZ,IMO,NWANGELE,ABBA,ABBA,ABBA HEALTH CENTRE,,,,,,,
3370,SEZ,IMO,NWANGELE,ABBA,ABBA-2,OGWUAGA HEALTH CENTER,,,,,,,
3371,SEZ,IMO,NWANGELE,AMAIGBO II,AMAIGBO-2,UMUANU HEALTH CENTRE,,,,,,,
3372,SEZ,IMO,NWANGELE,AMAIGBO III,AMAIGBO 6,OBODO HEALTH CENTER,,,,,,,
3373,SEZ,IMO,NWANGELE,AMAIGBO IV,AMAIGBO-4,UMUCHOKE HEALTH CENTER,,,,,,,
3374,SEZ,IMO,NWANGELE,AMAIGBO V,AMAIGBO-7,OFEAHIA HEALTH CENTER,,,,,,,
3375,SEZ,IMO,NWANGELE,AMAIGBO V,AMAIGBO-7,MODEL PRIMARY HEALTH CARE CENTER UMUKABIA,,,,,,,
3376,SEZ,IMO,NWANGELE,AMAIGBO V,AMAIGBO-5,UMUANYA-MCH,,,,,,,
3377,SEZ,IMO,NWANGELE,DIM-NA-NUME,DIMNANUME,DIMNANUME HEALTH CENTER,,,,,,,
3378,SEZ,IMO,NWANGELE,KARA-NA-ORLU,ISU/UMUNAKARA-WARD,ISU PRIMARY HEALTH CARE CENTRE,,,,,,,
3379,SEZ,IMO,NWANGELE,KARA-NA-ORLU,ISU/UMUNAKARA-WARD,UMUNAKARA,,,,,,,
3380,SEZ,IMO,NWANGELE,UMUOZU,UMUOZU-WARD,UMUOZU PHC,,,,,,,
3381,SEZ,IMO,OBOWO,ALIKE,ALIKE,NYSC ACHINGALI PHC,,,,,,,
3382,SEZ,IMO,OBOWO,AMANZE / UMUNGWA,AMANZE / UMUNGWA,UMUNGWA HEALTH CLINIC,,,,,,,
3383,SEZ,IMO,OBOWO,AMUZI,AMUZI,OGBOTUKWU PHC,,,,,,,
3384,SEZ,IMO,OBOWO,AVUTU,AVUTU,AVUTU BASIC PHC,,,,,,,
3385,SEZ,IMO,OBOWO,EHUME,EHUME,EHUME HEALTH CLINIC,,,,,,,
3386,SEZ,IMO,OBOWO,ODENKUME / UMUOSOCHIE,ODENKWUME,ODENKUME PHC,,,,,,,
3387,SEZ,IMO,OBOWO,OKENALOGHO,UMULOGHO,UMULOGHO PHC,,,,,,,
3388,SEZ,IMO,OBOWO,OKWUOHIA,OKWUOHIA,OKWUOHIA PHC,,,,,,,
3389,SEZ,IMO,OBOWO,UMUARIAM / ACHARA,UMUARIAM,UMUARIAM PHC,,,,,,,
3390,SEZ,IMO,OBOWO,UMUARIAM / ACHARA,ACHARA,ACHARA PHC,,,,,,,
3391,SEZ,IMO,OBOWO,UMUNACHI,UMUNACHI,UMUNACHI HEALTH CENTER,,,,,,,
3392,SEZ,IMO,OGUTA,AWA,AWA/ABIAZIEM,AWA PHC,,,,,,,
3393,SEZ,IMO,OGUTA,EGWE / EGBUOMA,EGWE/EGBUOMA,EGBUOMA-PHC-1,,,,,,,
3394,SEZ,IMO,OGUTA,IZOMBE,IZOMBE,IZOMBE HEALTH CENTER,,,,,,,
3395,SEZ,IMO,OGUTA,MGBALA /UBA,MGBALA/UBA,MGBALA PHC,,,,,,,
3396,SEZ,IMO,OGUTA,NDIULOUKWU / UMUOWERE,NDIULUKWU/ UMUOWERE,NDIULUKWU HEALTH CENTRE,,,,,,,
3397,SEZ,IMO,OGUTA,OBUDI / ARO,OBUDI/ARO,OBUDO/ARO PHC,,,,,,,
3398,SEZ,IMO,OGUTA,"OGUTA ""A''",OGUTA-A,IWC HEALTH CENTER,,,,,,,
3399,SEZ,IMO,OGUTA,"OGUTA ""B''",OGUTA B,AKABOR P.H.C,,,,,,,
3400,SEZ,IMO,OGUTA,ORU,ORU,ORSUOBODO PHC,,,,,,,
3401,SEZ,IMO,OGUTA,OSSEMOTOR / ENUIGBO,OSEMOTOR/ENUIGBO,ENUIGBO PHC,,,,,,,
3402,SEZ,IMO,OGUTA,UWAORIE,UWAORIE,UWAORIE-PHC,,,,,,,
3403,SEZ,IMO,OHAJI-EGBEMA,ASSA / OBILE,ASSA,ASSA PHC,,,,,,,
3404,SEZ,IMO,OHAJI-EGBEMA,AWARRA / IKWEREDE,AWARA/ABIAZIEM,AWARA PHC,,,,,,,
3405,SEZ,IMO,OHAJI-EGBEMA,"EGBEMA ""A""",EGBEMA A,ETIOHA PHC,,,,,,,
3406,SEZ,IMO,OHAJI-EGBEMA,"EGBEMA ""B""",EGBEMA-B,OBIAKPU PRIMARY HEALTH CARE,,,,,,,
3407,SEZ,IMO,OHAJI-EGBEMA,"EGBEMA C""",EGBEMA-C,MGBARA-PHC,,,,,,,
3408,SEZ,IMO,OHAJI-EGBEMA,"EGBEMA D""",EGBEMA-D,OPUOMA-PHC,,,,,,,
3409,SEZ,IMO,OHAJI-EGBEMA,EKWUATO,EKWUATO,MGBIRICHI-PHC,,,,,,,
3410,SEZ,IMO,OHAJI-EGBEMA,OBITTI / MGBUISII,OBITTI/MGBUISII,MGBUISII HC,,,,,,,
3411,SEZ,IMO,OHAJI-EGBEMA,OHOBA,OHUBA,OHUBA PHC,,,,,,,
3412,SEZ,IMO,OHAJI-EGBEMA,OHOBA,OHUBA OBOSIMA,OBOSIMA PHC,,,,,,,
3413,SEZ,IMO,OHAJI-EGBEMA,UMUAGWO,UMUAGWO,UMUAGWO-PHC,,,,,,,
3414,SEZ,IMO,OHAJI-EGBEMA,UMUAPU,UMUAPU,UMUAPU-PHC,,,,,,,
3415,SEZ,IMO,OKIGWE,AGBOBU,AGBOBU-11,OFOACHARANO-PHC,,,,,,,
3416,SEZ,IMO,OKIGWE,AKU,AKU,AKU-PHC,,,,,,,
3417,SEZ,IMO,OKIGWE,AMURO,AMURO,AMURO-PHC,,,,,,,
3418,SEZ,IMO,OKIGWE,EZINACHI,EZINACHI II,EZINACHI PHC,,,,,,,
3419,SEZ,IMO,OKIGWE,IHUBE,IHUBE-11,IHUBE-PHC,,,,,,,
3420,SEZ,IMO,OKIGWE,NDIMOKO / IBINTA,UMUOWAIBU,UMUOWAIBU 1 PHC,,,,,,,
3421,SEZ,IMO,OKIGWE,OGI I,OGII,OGII PHC,,,,,,,
3422,SEZ,IMO,OKIGWE,OKIGWE URBAN I,OK-URB-1,ARO OKIGWE MCH,,,,,,,
3423,SEZ,IMO,OKIGWE,OKIGWE URBAN I,OKIGWE UBRAN III,ARO OKIGWE PHC,,,,,,,
3424,SEZ,IMO,OKIGWE,UMUALUMOKE,UMUALUMOKE,UMUALUMOKE-PHC,,,,,,,
3425,SEZ,IMO,OKIGWE,UMULOLO,UMULOLO,NDINDUBUISI-PHC,,,,,,,
3426,SEZ,IMO,ONUIMO,ABOH / OKOMIA,ABOH WARD,ABOH PRIMARY HEALTH CENTERX,,,,,,,
3427,SEZ,IMO,ONUIMO,EZELU,EZELU,OKOHIA PHC,,,,,,,
3428,SEZ,IMO,ONUIMO,EZIAMA,EZIAMA,OKWE PHC,,,,,,,
3429,SEZ,IMO,ONUIMO,OFEAHIA,OFEAHIA,UMUDURU PHC,,,,,,,
3430,SEZ,IMO,ONUIMO,OKWELLE I,OKWELLE-1,OKWELLE PHC,,,,,,,
3431,SEZ,IMO,ONUIMO,OKWELLE II,OKWELLE-3,UMOKO PHC,,,,,,,
3432,SEZ,IMO,ONUIMO,OWERE - OKWE,OWERRE-OKWE,MCH OKWE,,,,,,,
3433,SEZ,IMO,ONUIMO,OZIMO / UMUANUMEZE,OZIMO / UMUANUMEZE,UWAKONYE PHC,,,,,,,
3434,SEZ,IMO,ONUIMO,UMUCHEKE,UMUCHEKE,UMUCHEKE PHC,,,,,,,
3435,SEZ,IMO,ONUIMO,UMUNA,EZUHU/OKOHIA,UMUNA PHC,,,,,,,
3436,SEZ,IMO,ORLU,AMAITFEKE,AMAIFEKE-EZIOHA,EZIOHA-AMAIFEKE-PHC,,,,,,,
3437,SEZ,IMO,ORLU,EBENESE / UMUEZE,EBENESE/UMUEZE,IHIOMA HEALTH CENTRE,,,,,,,
3438,SEZ,IMO,ORLU,EZIACHI / AMAIKE,AMIKE/EZIACHI,AMIKE-PHC,,,,,,,
3439,SEZ,IMO,ORLU,IHTTEEOWERRE,IHITEOWERE,IHITEOWERRE PHC,,,,,,,
3440,SEZ,IMO,ORLU,OGBERURU / OBIBI,OBIBIOCHASI/OGBERURU,ACHARABA PHC,,,,,,,
3441,SEZ,IMO,ORLU,OHAEKE / OKPOLO,OHAEKE-OKPORO,OHAEKE PHC,,,,,,,
3442,SEZ,IMO,ORLU,OHAFOR / OKPOLO,AMANATOR/OBINUGWU,AMANATOR-PHC,,,,,,,
3443,SEZ,IMO,ORLU,OHAFOR / OKPOLO,OHAFOR-OKPORO,OKPORO OHAFOR PHC,,,,,,,
3444,SEZ,IMO,ORLU,OKWUABALA / IHIOMA,OKWUABALA,OKWUABALA PHC,,,,,,,
3445,SEZ,IMO,ORLU,ORLU / MGBEE / GOV'T STATION,ORLU-TOWN,NDIOWERRE PHC,,,,,,,
3446,SEZ,IMO,ORLU,OWERRE / EBEIRI,OWERE-EBEIRI,OWERRE EBEIRI PHC,,,,,,,
3447,SEZ,IMO,ORLU,UMUDIOKA,UMUDIOKA,UMUDIOKA PHC,,,,,,,
3448,SEZ,IMO,ORLU,UMUNA,UMUNA,GOVT. STATION PHC,,,,,,,
3449,SEZ,IMO,ORLU,UMUZIKE / UMUOWA,UMUZIKE,UMUZIKE PHC,,,,,,,
3450,SEZ,IMO,ORSU,AMARURU,AMARURU,AMARURU PHC,,,,,,,
3451,SEZ,IMO,ORSU,ASSAH UBIRI ELEM,ASSAH-UBIRIELEM,UMUOKA PHC,,,,,,,
3452,SEZ,IMO,ORSU,EBENATOR,AMANACHI,AMANACHI PHC,,,,,,,
3453,SEZ,IMO,ORSU,EZIAWA,EZIAWA,EZIAWA,,,,,,,
3454,SEZ,IMO,ORSU,IHITENANSA,IHITENASA1,IHITENASA PHC,,,,,,,
3455,SEZ,IMO,ORSU,OKIOUAMARAHIE I,OKWUAMARAIHE-I,AKWAORJI-H/P,,,,,,,
3456,SEZ,IMO,ORSU,OKWUAMARAHIE II,OKWUAMARAIHE II,COMMUNITY HEALTH CENTRE AMAEKE OKWUAMARAIHE II,,,,,,,
3457,SEZ,IMO,ORSU,OKWUETITI,ORSU-I,ETITI ORSU H. CLINIC,,,,,,,
3458,SEZ,IMO,ORSU,OKWUFURUAKU,OKWUFURUAKU,UBAHAEZEDEKE PHC,,,,,,,
3459,SEZ,IMO,ORSU,ORSU IHITEUKWA,ORSU-II,TULI,,,,,,,
3460,SEZ,IMO,ORSU,UMUHU OKAKABIA,UMUHUOKABIA,NWANYIMMA HEALTH CENTER,,,,,,,
3461,SEZ,IMO,ORU-EAST,AKATTA,AKATTA 1,AKATTA 1 PHC,,,,,,,
3462,SEZ,IMO,ORU-EAST,AKUMA,AKUMA,AKUMA II (PHC),,,,,,,
3463,SEZ,IMO,ORU-EAST,AMAGU,AMAGU,AMAGU (PHC),,,,,,,
3464,SEZ,IMO,ORU-EAST,AMIRI I,AMIRI-I,AMIRI (PHC),,,,,,,
3465,SEZ,IMO,ORU-EAST,AMIRI II,AMIRI-II,NCHOKO AMIRI 11 HEALTH CENTER,,,,,,,
3466,SEZ,IMO,ORU-EAST,AWO - OMAMMA I,AWO-I,ISIEKE (PHC),,,,,,,
3467,SEZ,IMO,ORU-EAST,AWO - OMAMMA II,AWO - OMAMMA II,UMUEZIKE (MDG),,,,,,,
3468,SEZ,IMO,ORU-EAST,AWO - OMAMMA III,AWO - OMAMMA III,UMUOKWE (PHC),,,,,,,
3469,SEZ,IMO,ORU-EAST,AWO - OMAMMA IV,AWO-IV,UBOGWU (PHC),,,,,,,
3470,SEZ,IMO,ORU-EAST,OMUMA,OMUMA,OZUH H.C.,,,,,,,
3471,SEZ,IMO,ORU-WEST,AJI,AJI,AJI PHC,,,,,,,
3472,SEZ,IMO,ORU-WEST,AMAOFUO,AMAFUO,AMAFUO BASIC HEALTH CENTER,,,,,,,
3473,SEZ,IMO,ORU-WEST,IBIASOEGBE,IBIASOEGBE,IBIASOEGBE HEALTH CENTER,,,,,,,
3474,SEZ,IMO,ORU-WEST,MGBIDI  I,MGBIDI-I,UZINUMU PHC,,,,,,,
3475,SEZ,IMO,ORU-WEST,MGBIDI II,MGBIDI-II,UGBELE-PHC,,,,,,,
3476,SEZ,IMO,ORU-WEST,NEMPI / ELEM,NEMPI,NEMPI HEALTH CENTER,,,,,,,
3477,SEZ,IMO,ORU-WEST,OHAKPU,OHAKPU,OHAKPU HEALTH CENTER,,,,,,,
3478,SEZ,IMO,ORU-WEST,OTULU,OTULU,OTULU-HEALTH-CENTER,,,,,,,
3479,SEZ,IMO,ORU-WEST,OZARA,OZARA,OZARA HEALTH CENTER,,,,,,,
3480,SEZ,IMO,ORU-WEST,UBULU,UBULU I,UBULU HEALTH CENTER,,,,,,,
3481,SEZ,IMO,OWERRI NORTH,AGBALA/OBUBE/ULUAKWO,AGBALA/OBUBU/ULAKWO,ULAKWO PHC,,,,,,,
3482,SEZ,IMO,OWERRI NORTH,AWAKA/IHITTE-OGADA,AWAKA/IHITTE OGADA,IHITTE OGADA PHC,,,,,,,
3483,SEZ,IMO,OWERRI NORTH,EGBU,EGBU,EGBU PHC,,,,,,,
3484,SEZ,IMO,OWERRI NORTH,EMEKUKU I,EMEKUKU-1,OKU EMEKE HEALTH CENTRE,,,,,,,
3485,SEZ,IMO,OWERRI NORTH,EMEKUKU II,EMEKUKU-2,UBOEGBULE-H/CENTER,,,,,,,
3486,SEZ,IMO,OWERRI NORTH,EMII I,EMII-1,EMII PHC,,,,,,,
3487,SEZ,IMO,OWERRI NORTH,IBIBI - URATTA II,OBIBI-11,EKEOBI-H/C,,,,,,,
3488,SEZ,IMO,OWERRI NORTH,IHITA - OHA,IHITA-OHA,AKWAKUMA H.C.,,,,,,,
3489,SEZ,IMO,OWERRI NORTH,NAZE,NAZE,NAZE-PHC,,,,,,,
3490,SEZ,IMO,OWERRI NORTH,OBIBI - URATTA I,OBIBI-1,UMUORII PHC,,,,,,,
3491,SEZ,IMO,OWERRI NORTH,OBIBI - URATTA I,OBIBI-1,OKWU URATA HEALTH CENTE,,,,,,,
3492,SEZ,IMO,OWERRI NORTH,OBIBIEZENA,OBIBIEZENA,OBIBIEZENA H/C,,,,,,,
3493,SEZ,IMO,OWERRI NORTH,ORJI,ORJI,UMUNDULA PHC,,,,,,,
3494,,IMO,OWERRI MUNICIPAL,AZUZI II,AZUZI II,UMUIHUA HEALTH CENTRE,,,,,,,
3495,SEZ,IMO,OWERRI-MUNICIPAL,AZUZI III,AZUZII-III,WATERSIDE-HEALTH-CLINIC,,,,,,,
3496,SEZ,IMO,OWERRI-MUNICIPAL,AZUZI IV,AZUZII-IV,UMUODU-UMUIHUGBA-HEALTH-C,,,,,,,
3497,SEZ,IMO,OWERRI-MUNICIPAL,IKENEGBU I,IKENEGBU 3,STAFF CLINIC OWERRI MUNICIPAL COUNCIL,,,,,,,
3498,SEZ,IMO,OWERRI-MUNICIPAL,NEW OWERRI I,NEW-OWERRI-1,AREA-M-COMPREHENSIVE-H/CENTRE,,,,,,,
3499,SEZ,IMO,OWERRI-MUNICIPAL,NEW OWERRI II,NEW-OWERRI-11,AREA L' PHC,,,,,,,
3500,SEZ,IMO,OWERRI-WEST, AVU / OFOROLA,OFOROLA,OFOROLA-PHC,,,,,,,
3501,SEZ,IMO,OWERRI-WEST, AVU / OFOROLA,AVU,AVU PHC,,,,,,,
3502,SEZ,IMO,OWERRI-WEST,AMAKOHIA - UBI / NDEGWU/OHI,AMAKOHIA-UBII/NDEGWU,AMAKOHIA UBI PHC,,,,,,,
3503,SEZ,IMO,OWERRI-WEST,EMEABIAM OKOLOCHI,EMEABIAM,EMEABIAM PHC,,,,,,,
3504,SEZ,IMO,OWERRI-WEST,EZIOBODO,EZIOBODO,EZIOBODO-PHC,,,,,,,
3505,SEZ,IMO,OWERRI-WEST,IHIAGWA,IHIAGWA,DINDIN IHIAGWA PHC,,,,,,,
3506,SEZ,IMO,OWERRI-WEST,IRETE / OROGWE,IRETTE,IRETTE PHC,,,,,,,
3507,SEZ,IMO,OWERRI-WEST,IRETE / OROGWE,OROGWE/OHII,OROGWE PHC,,,,,,,
3508,SEZ,IMO,OWERRI-WEST,NEKEDE,NEKEDE-I,NEKEDE I PHC,,,,,,,
3509,SEZ,IMO,OWERRI-WEST,NEKEDE,NEKEDE-II,NEKEDE-II-PHC,,,,,,,
3510,SEZ,IMO,OWERRI-WEST,OBINZE,OBINZE,OBINZE PHC,,,,,,,
3511,SEZ,IMO,OWERRI-WEST,OKUKU,OKUKU,OKUKU PHC,,,,,,,
3512,SEZ,IMO,OWERRI-WEST,UMUGUMA,UMUGUMA,UMUGUMA PHC,,,,,,,
3513,SEZ,IMO,OHAJI-EGBEMA,EGBEMA-F,EGBEMA-F,ABACHEKE-PHC,,,,,,,
3514,NWZ,JIGAWA,AUYO,AUYAKAYI,AUYAKAYI,AUYAKAYI PHC,,,,,,,
3515,NWZ,JIGAWA,AUYO,AUYO,AUYO,AUYO PHC,,,,,,,
3516,NWZ,JIGAWA,AUYO,AYAMA,AYAMA,AYAMA PHC,,,,,,,
3517,NWZ,JIGAWA,AUYO,AYAN,AYAN,AYAN PHC,,,,,,,
3518,NWZ,JIGAWA,AUYO,GAMAFOI,GAMAFOI,GAMAFOI PHCC,,,,,,,
3519,NWZ,JIGAWA,AUYO,GAMSARKA,GAMSARKA,KALGWAI PHC,,,,,,,
3520,NWZ,JIGAWA,AUYO,GATAFA,GATAFA,GATAFA PHC,,,,,,,
3521,NWZ,JIGAWA,AUYO,KAFUR,KAFUR,KAFUR PHC,,,,,,,
3522,NWZ,JIGAWA,AUYO,TSIDIR,TSIDIR,TSIDIR PHC,,,,,,,
3523,NWZ,JIGAWA,AUYO,UNIK,UNIK,SHINGE GABAS PHC,,,,,,,
3524,NWZ,JIGAWA,BABURA,BABURA,BABURA,JARMAI PHC,,,,,,,
3525,,JIGAWA,BABURA,JIGAWA,Jigawa,Jigawa MPHC,,,,,,,
3526,NWZ,JIGAWA,BABURA,BATALI,BATALI,BATALI PHC,,,,,,,
3527,NWZ,JIGAWA,BABURA,DORAWA,DORAWA,DORAWA PHC,,,,,,,
3528,NWZ,JIGAWA,BABURA,GARU,GARU,GARU PHC,,,,,,,
3529,NWZ,JIGAWA,BABURA,GASAKOLI,GASAKOLI,GASAKOLI PHC,,,,,,,
3530,NWZ,JIGAWA,BABURA,INSHARUWA,INSHARUWA,INSHARUWA PHC,,,,,,,
3531,NWZ,JIGAWA,BABURA,KANYA,KANYA,KANYA PHC,,,,,,,
3532,NWZ,JIGAWA,BABURA,KAZUNZUMI,KUZUNZUMI,KUZUNZUMI PHC,,,,,,,
3533,NWZ,JIGAWA,BABURA,KYAMBO,KYAMBO,KYAMBO PHC,,,,,,,
3534,NWZ,JIGAWA,BABURA,TAKWASA,TAKWASA,TAKWASA PHC,,,,,,,
3535,NWZ,JIGAWA,BIRNIN KUDU,BIRIN-KUDU,BIRNIN KUDU,MAGAJIN GARI PHC,,,,,,,
3536,NWZ,JIGAWA,BIRNIN KUDU,KANGIRE,KANGIRE,KANGIRE PHC,,,,,,,
3537,NWZ,JIGAWA,BIRNIN KUDU,KANTOGA,KANTOGA,KANTOGA PHC,,,,,,,
3538,NWZ,JIGAWA,BIRNIN KUDU,KIYAKO,CHIYAKO,BAMAINA PHC,,,,,,,
3539,NWZ,JIGAWA,BIRNIN KUDU,KWANGWARA,KWANGWARA,KWANGWARA PHC,,,,,,,
3540,NWZ,JIGAWA,BIRNIN KUDU,LAFIYA,LAFIYA,LAFIYA PHC,,,,,,,
3541,NWZ,JIGAWA,BIRNIN KUDU,SUNDUMINA,SUNDUMINA,SUNDUMINA,,,,,,,
3542,NWZ,JIGAWA,BIRNIN KUDU,SURKO,SURKO,BADUNGU PHC,,,,,,,
3543,NWZ,JIGAWA,BIRNIN KUDU,UNGUWAR'YA,UNGUWAR YA',UNGUWAR 'YA PHC,,,,,,,
3544,NWZ,JIGAWA,BIRNIN KUDU,WURNO,WURNO,WURNO PHC,,,,,,,
3545,NWZ,JIGAWA,BIRNIN KUDU,YALWAN DAMAI,Y/DAMAI,YALWAN DAMAI PHC,,,,,,,
3546,NWZ,JIGAWA,BIRNIWA,BATU,BATU,KUKA INKIWA PHC,,,,,,,
3547,NWZ,JIGAWA,BIRNIWA,BIRNIWA,BIRNIWA,BIRNIWA TASHA PHC,,,,,,,
3548,NWZ,JIGAWA,BIRNIWA,DANGWALERI,DANGWALERI,KUBUNA PHC,,,,,,,
3549,NWZ,JIGAWA,BIRNIWA,DIGINSA,DIGINSA,DIGINSA PHC,,,,,,,
3550,NWZ,JIGAWA,BIRNIWA,FAGI,FAGI,FAGI PHC,,,,,,,
3551,NWZ,JIGAWA,BIRNIWA,KACHALLARI,KACHALLARI,KACHALLARI PHC,,,,,,,
3552,NWZ,JIGAWA,BIRNIWA,KARANKA,KARANGA,KARANGA PHC,,,,,,,
3553,NWZ,JIGAWA,BIRNIWA,KAZURA,KAZURA,KAZURA PHC,,,,,,,
3554,NWZ,JIGAWA,BIRNIWA,MACHINAMARI,MACHINAMARI,KUPSA PHC,,,,,,,
3555,NWZ,JIGAWA,BIRNIWA,MATAMU,MATAMU,MATAMU PHC,,,,,,,
3556,NWZ,JIGAWA,BIRNIWA,NGUWA,NGUWA,NGUWA PHC,,,,,,,
3557,NWZ,JIGAWA,BUJI,AHOTO,AHOTO,AHOTO PHC,,,,,,,
3558,NWZ,JIGAWA,BUJI,BUJI,BUJI,BUJI PHC,,,,,,,
3559,NWZ,JIGAWA,BUJI,CHIRBIN,CHIRBIN,CHIRBIN PHC,,,,,,,
3560,NWZ,JIGAWA,BUJI,FALAGERI,FALGERI,FALGERI PHC,,,,,,,
3561,NWZ,JIGAWA,BUJI,GANTSA,GANTSA,GANTSA PHC,,,,,,,
3562,NWZ,JIGAWA,BUJI,KAWAYA,KAWAYA,KAWAY PHC,,,,,,,
3563,NWZ,JIGAWA,BUJI,K-LELAN KUDU,LELEN KUDU,LELEN KUDU PHC,,,,,,,
3564,NWZ,JIGAWA,BUJI,KUKUMA,KUKUMA,KUKUMA PHC,,,,,,,
3565,NWZ,JIGAWA,BUJI,MADABE,MADABE,MADABE PHC,,,,,,,
3566,NWZ,JIGAWA,BUJI,YAYARIN TUKUR,Y/TUKUR,YAYARIN TUKUR PHC,,,,,,,
3567,NWZ,JIGAWA,DUTSE,ABAYA,ABAYA,ABAYA PHC,,,,,,,
3568,NWZ,JIGAWA,DUTSE,CHAMO,CHAMO,CHAMO PHC,,,,,,,
3569,NWZ,JIGAWA,DUTSE,DUNDUBUS,DUNDUBUS,DUNDUBUS PHC,,,,,,,
3570,NWZ,JIGAWA,DUTSE,DURU,DURU,DURU PHC,,,,,,,
3571,NWZ,JIGAWA,DUTSE,JIGAWA TSADA,J/TSADA,JAUDI PHC,,,,,,,
3572,NWZ,JIGAWA,DUTSE,KACHI,KACHI,KACHI PHC,,,,,,,
3573,NWZ,JIGAWA,DUTSE,KARNAYA,KARNAYA,WURMA PHC,,,,,,,
3574,NWZ,JIGAWA,DUTSE,KUDAI,KUDAI,KUDAI PHC,,,,,,,
3575,NWZ,JIGAWA,DUTSE,LIMAWA,LIMAWA,YINA PHC,,,,,,,
3576,NWZ,JIGAWA,DUTSE,MADOBI,MADOBI,MADOBI PHC,,,,,,,
3577,NWZ,JIGAWA,DUTSE,SAKWAYA,SAKWAYA,SAKWAYA PHC,,,,,,,
3578,NWZ,JIGAWA,GAGARAWA,GAGARAWA GARI,GGW/GARI,GAGARAWA GARI PHC,,,,,,,
3579,NWZ,JIGAWA,GAGARAWA,GAGARAWA TASHA,GAGARAWA,GAGARAWA TASHA PHC,,,,,,,
3580,NWZ,JIGAWA,GAGARAWA,GARIN CHIROMA,G/CHIROMA,GARIN CHIROMA PHC,,,,,,,
3581,NWZ,JIGAWA,GAGARAWA,KORE BALATU,KORE BALATU,KORE BALATU PHC,,,,,,,
3582,NWZ,JIGAWA,GAGARAWA,MADAKA,MADAKA,MADAKA PHC,,,,,,,
3583,NWZ,JIGAWA,GAGARAWA,MAI'ADUA,MAI'ADUWA,MAI ADUWA PHC,,,,,,,
3584,NWZ,JIGAWA,GAGARAWA,MAIKILILI,MAIKILILI,MAIKILILI PHC,,,,,,,
3585,NWZ,JIGAWA,GAGARAWA,MEDU,MEDU,MEDU PHC,,,,,,,
3586,NWZ,JIGAWA,GAGARAWA,YALAWA,YALAWA,YALAWA PHC,,,,,,,
3587,NWZ,JIGAWA,GAGARAWA,ZARADA,ZARADA,ZARADA PHC,,,,,,,
3588,NWZ,JIGAWA,GARKI,BUDURU,BUDURU,BUDURU PHC,,,,,,,
3589,NWZ,JIGAWA,GARKI,DOKO,DOKO,DOKO PHC,,,,,,,
3590,NWZ,JIGAWA,GARKI,GARKI,GARKI,GARKI PHC,,,,,,,
3591,NWZ,JIGAWA,GARKI,GWARZON GARKI,GWARZO,GWARZO PHC,,,,,,,
3592,NWZ,JIGAWA,GARKI,JIRIMA,JIRIMA,SUGUNGUM PHC,,,,,,,
3593,NWZ,JIGAWA,GARKI,KANYA,KANYA,KANYA PHC,,,,,,,
3594,NWZ,JIGAWA,GARKI,KARTGO,KARGO,KARGO PHC,,,,,,,
3595,NWZ,JIGAWA,GARKI,KORE,KORE,KORE PHC,,,,,,,
3596,NWZ,JIGAWA,GARKI,MUKU,MUKU,MUKU PHC,,,,,,,
3597,NWZ,JIGAWA,GARKI,RAFIN MARKE,R/MARKE,R/MARKE PHC,,,,,,,
3598,NWZ,JIGAWA,GARKI,SIYORI,SAYORI,SAYORI PHC,,,,,,,
3599,NWZ,JIGAWA,GUMEL,BAIKARYA,BEKARYA,BEKARYA PHC,,,,,,,
3600,NWZ,JIGAWA,GUMEL,DAN'AMA,DAN AMA,DAN AMA PHC,,,,,,,
3601,NWZ,JIGAWA,GUMEL,DANTANOMA,DANTANOMA,MAYANKA PHC,,,,,,,
3602,NWZ,JIGAWA,GUMEL,GALAGAMMA,GALAGAMMA,DAURAWA PHC,,,,,,,
3603,NWZ,JIGAWA,GUMEL,GARIN BARKA,ALHAJI BARKA,DUHUWA PHC,,,,,,,
3604,NWZ,JIGAWA,GUMEL,GARIN GAMBO,GARIN GAMBO,GARIN GAMBO PHC,,,,,,,
3605,NWZ,JIGAWA,GUMEL,GUSAU,GUSAU,GUSAU PHC,,,,,,,
3606,,JIGAWA,GUMEL,KOFA YAMMA,Kofar Yamma,Kofar Yamma PHC,,,,,,,
3607,,JIGAWA,GUMEL,KOFAR AREWA,Kofar Arewa ,Kofar Arewa PHC,,,,,,,
3608,NWZ,JIGAWA,GUMEL,HAMMADO,HAMMADO,HAMMADO PHC,,,,,,,
3609,NWZ,JIGAWA,GUMEL,ZANGO,ZANGO,ZANGO PHC,,,,,,,
3610,NWZ,JIGAWA,GURI,ABUNABO,ABUNABO,ABUNABO PHC,,,,,,,
3611,NWZ,JIGAWA,GURI,ADIYANI,ADIYANI,ADIYANI PHC,,,,,,,
3612,NWZ,JIGAWA,GURI,DAWA,DAWA,DAWA PHC,,,,,,,
3613,NWZ,JIGAWA,GURI,GARBAGAL,GARBAGAL,GARBAGAL PHCC,,,,,,,
3614,NWZ,JIGAWA,GURI,GURI,GURI,GURI PHC,,,,,,,
3615,NWZ,JIGAWA,GURI,KADIRA,KADIRA,KADIRA PHC,,,,,,,
3616,NWZ,JIGAWA,GURI,LAFIYA,LAFIYA,LAFIYA PHC,,,,,,,
3617,NWZ,JIGAWA,GURI,MARGADU,MARGADU,MARGADU PHC,,,,,,,
3618,NWZ,JIGAWA,GURI,MATARA BABBA,MATARA BABBA,ZUGO PHC,,,,,,,
3619,NWZ,JIGAWA,GURI,MUSARI,MUSARI,MUSARI PHC,,,,,,,
3620,NWZ,JIGAWA,GWARAM,BASIRKA,BASIRKA,BASIRKA PHC,,,,,,,
3621,NWZ,JIGAWA,GWARAM,DINGAYA,DINGAYA,RABADI PHC,,,,,,,
3622,NWZ,JIGAWA,GWARAM,FAGAM,FAGAM,FAGAM PHC,,,,,,,
3623,NWZ,JIGAWA,GWARAM,FARIN-DUTSE,FARIN DUTSE,GALAMBI PHC,,,,,,,
3624,NWZ,JIGAWA,GWARAM,GWARAM TSOHUWA,GWARAM,GWARAM PHC,,,,,,,
3625,NWZ,JIGAWA,GWARAM,KILA,KILA,KILA PHC,,,,,,,
3626,NWZ,JIGAWA,GWARAM,KWANDIKO,KWANDIKO,KONDIKO PHC,,,,,,,
3627,NWZ,JIGAWA,GWARAM,MARUTA,MARUTA,MARUTA PHC,,,,,,,
3628,NWZ,JIGAWA,GWARAM,SARA,SARA,SARA PHCC,,,,,,,
3629,NWZ,JIGAWA,GWARAM,TSANGAYA,TSANGARWA,TSANGARWA PHCC,,,,,,,
3630,NWZ,JIGAWA,GWARAM,ZANDAN-NAGOGO,ZANDAM NAGOGO,ZANDAM TAGABAS PHCC,,,,,,,
3631,NWZ,JIGAWA,GWIWA,BUNTUSU,BUNTUSU,BUNTUSU PHC,,,,,,,
3632,NWZ,JIGAWA,GWIWA,DABI,DABI,DABI PHC,,,,,,,
3633,NWZ,JIGAWA,GWIWA,DANRINA,DARINA,MARAGANTA PHC,,,,,,,
3634,NWZ,JIGAWA,GWIWA,FIRJI YAMMA,FIRJI,FIRJIN YAMMA PHC,,,,,,,
3635,NWZ,JIGAWA,GWIWA,GUNTAI,GUNTAI,INDIRAWA PHC,,,,,,,
3636,NWZ,JIGAWA,GWIWA,GWIWA,GWIWA,GWIWA PHC,,,,,,,
3637,NWZ,JIGAWA,GWIWA,KOKAYAL,KORAYAL,KORAYAL PHC,,,,,,,
3638,NWZ,JIGAWA,GWIWA,RORAU,RORAU,RORAU PHC,,,,,,,
3639,NWZ,JIGAWA,GWIWA,SHAFE,SHAFE,SHAFE PHC,,,,,,,
3640,NWZ,JIGAWA,GWIWA,YOLA,YOLA,YOLA PHC,,,,,,,
3641,NWZ,JIGAWA,GWIWA,ZAUMA,ZAUMA,ZAUMA PHC,,,,,,,
3642,NWZ,JIGAWA,HADEJIA,DUBANTU,DUBANTU,AGUMAU PHC,,,,,,,
3643,NWZ,JIGAWA,HADEJIA,GAGULMARI,GAGULMARI,K/AREWA MCH CLINIC,,,,,,,
3644,NWZ,JIGAWA,HADEJIA,MAJEMA,MAJEMA,MAJEMA PHC,,,,,,,
3645,NWZ,JIGAWA,HADEJIA,MATSARO,MATSARO,GAWUNA PHC,,,,,,,
3646,NWZ,JIGAWA,HADEJIA,RUMFA,RUMFA,BADERIN GABAS PHC,,,,,,,
3647,NWZ,JIGAWA,HADEJIA,SABON-GARI,S/GARU,GABARI PHC,,,,,,,
3648,NWZ,JIGAWA,HADEJIA,YANKOLI,YANKOLI,FANTAI BHC,,,,,,,
3649,NWZ,JIGAWA,JAHUN,AUJARA,0,AUJARA PRIMARY HEALTH CENTRE,,,,,,,
3650,NWZ,JIGAWA,JAHUN,GANGAWA,GANGAWA,KADAWAWA PHC,,,,,,,
3651,NWZ,JIGAWA,JAHUN,GAUZA-TAZARA,GAUZA,LAUTAI PHC,,,,,,,
3652,NWZ,JIGAWA,JAHUN,GUNKA,GUNKA,GUNKA PHCC,,,,,,,
3653,NWZ,JIGAWA,JAHUN,HARBO SABUWA,HARBO SABUWA,HARBO SABUWA PHC,,,,,,,
3654,NWZ,JIGAWA,JAHUN,HARBO TSOHUWA,HARBO TSOHUWA,HARBO TSOHUWA PHC,,,,,,,
3655,NWZ,JIGAWA,JAHUN,IDANDUNA,IDANDUNA,IDANDUNA PHC,,,,,,,
3656,NWZ,JIGAWA,JAHUN,JABARNA,JABARNA,JABARNA PHC,,,,,,,
3657,NWZ,JIGAWA,JAHUN,JTHUN,JAHUN,URBAN MATERNITY,,,,,,,
3658,NWZ,JIGAWA,JAHUN,KALE,KALE,KALE PHC,,,,,,,
3659,NWZ,JIGAWA,JAHUN,KANIWA,KANWA,KANWA PHC,,,,,,,
3660,NWZ,JIGAWA,KAFIN HAUSA,BULANGU,BULANGU,TUMINJIRA PHC,,,,,,,
3661,NWZ,JIGAWA,KAFIN HAUSA,DUMADUMIN TOKA,DUMADUMIN TOKA,DUMADUMIN TOKA PHC,,,,,,,
3662,NWZ,JIGAWA,KAFIN HAUSA,GAFAYA,GAFAYA,RAMFA PHC,,,,,,,
3663,NWZ,JIGAWA,KAFIN HAUSA,JABO,JABO,JABO PHC,,,,,,,
3664,NWZ,JIGAWA,KAFIN HAUSA,KAFIN HAUSA,K/HAUSA,KANZAN PHC,,,,,,,
3665,NWZ,JIGAWA,KAFIN HAUSA,KAZALEWA,KWAZALEWA,KWAZALEWA PHC,,,,,,,
3666,NWZ,JIGAWA,KAFIN HAUSA,MAJAWA,MAJAWA,SHAKATO PHC,,,,,,,
3667,NWZ,JIGAWA,KAFIN HAUSA,MEZAN,MEZAN,KWATALO PHC,,,,,,,
3668,NWZ,JIGAWA,KAFIN HAUSA,RUBA,RUBA,RUBA PHC,,,,,,,
3669,NWZ,JIGAWA,KAFIN HAUSA,SARAWA,SARAWA,SARAWA PHC,,,,,,,
3670,NWZ,JIGAWA,KAFIN HAUSA,ZAGO,ZAGO,SHAMAKERI PHC,,,,,,,
3671,NWZ,JIGAWA,KAUGAMA,ARBUS,ARBUS,ARBUS PHC,,,,,,,
3672,NWZ,JIGAWA,KAUGAMA,ASKANDU,ASKANDU,ASKANDU PHC,,,,,,,
3673,NWZ,JIGAWA,KAUGAMA,DABUWARAN,DABUWARAN,DABUWARAN PHC,,,,,,,
3674,NWZ,JIGAWA,KAUGAMA,DAKAIYAWA,DAKAIYAWA,NUHU ALPHA PHC,,,,,,,
3675,NWZ,JIGAWA,KAUGAMA,HADIN,HADIN,HADIN PHC,,,,,,,
3676,NWZ,JIGAWA,KAUGAMA,"JA""E",JA'E,ZABURAN PHC,,,,,,,
3677,NWZ,JIGAWA,KAUGAMA,JARKASA,GIRBOBO,GIRBOBO PHC,,,,,,,
3678,NWZ,JIGAWA,KAUGAMA,KAUGAMA,KAUGAMA,KAUGAMA PHC,,,,,,,
3679,NWZ,JIGAWA,KAUGAMA,MARKE,MARKE,MARKE PHC,,,,,,,
3680,NWZ,JIGAWA,KAUGAMA,UNGUWAR,UNGUWAR JIBRIN,UNGUWAR JIBRIN PHC,,,,,,,
3681,NWZ,JIGAWA,KAUGAMA,YALO,YALO,YALO PHC,,,,,,,
3682,NWZ,JIGAWA,KAZAURE,BA'AUZINI,BA'AUZINI,KAFIN CHIROMA PHC,,,,,,,
3683,NWZ,JIGAWA,KAZAURE,DABA,DABA,FARIN DABA PHC,,,,,,,
3684,NWZ,JIGAWA,KAZAURE,DABAZA,DABAZA,DUNGUYAWA PHC,,,,,,,
3685,NWZ,JIGAWA,KAZAURE,DANDI,DANDI,DANDI PHC,,,,,,,
3686,NWZ,JIGAWA,KAZAURE,GADA,GADA,GADA PHC,,,,,,,
3687,NWZ,JIGAWA,KAZAURE,KANTI,KANTI,KATOGE PHC,,,,,,,
3688,NWZ,JIGAWA,KAZAURE,MARADAWA,MARADAWA,KAFTAYI PHC,,,,,,,
3689,NWZ,JIGAWA,KAZAURE,SABARU,SABARU,SABARU PHC,,,,,,,
3690,NWZ,JIGAWA,KAZAURE,UNGUWAR AREWA,UNGUWAR AREWA,CENTRAL CLINIC,,,,,,,
3691,NWZ,JIGAWA,KAZAURE,UNGUWAR GABAS,UNGUWAR GABAS,GALADANCHI MPHC,,,,,,,
3692,NWZ,JIGAWA,KAZAURE,UNGUWAR YAMMAR,UNGUWAR YAMMA,BARGA MPHC,,,,,,,
3693,NWZ,JIGAWA,KIRI KASAMMA,BATURYA,BATURIYA,BATURIYA PHC,,,,,,,
3694,NWZ,JIGAWA,KIRI KASAMMA,BULUNOHAI,BULUNCHAI,JARMARI PHC,,,,,,,
3695,NWZ,JIGAWA,KIRI KASAMMA,DOLERI,SALERI,SALERI PHC,,,,,,,
3696,NWZ,JIGAWA,KIRI KASAMMA,FANDUM,FANDUM,FANDUM PHC,,,,,,,
3697,NWZ,JIGAWA,KIRI KASAMMA,GAYIN,GAYIN,MATAFARI PHC,,,,,,,
3698,NWZ,JIGAWA,KIRI KASAMMA,KIRIKASAMMA,KIRIKASAMMA,KIRIKASAMMA PHC,,,,,,,
3699,NWZ,JIGAWA,KIRI KASAMMA,MADACHI,MADACHI,MADACHI PHC,,,,,,,
3700,NWZ,JIGAWA,KIRI KASAMMA,MARMA,MARMA,MARMA PHC,,,,,,,
3701,NWZ,JIGAWA,KIRI KASAMMA,TARABU,TURABU,TURABU PHC,,,,,,,
3702,NWZ,JIGAWA,KIRI KASAMMA,TASHEGUWA,TASHEGUWA,TASHEGUWA PHC,,,,,,,
3703,NWZ,JIGAWA,KIYAWA,ABALAQGO,BALAGO,BALAGO PHC,,,,,,,
3704,NWZ,JIGAWA,KIYAWA,ANDAZA,ANDAZA,ANDAZA PHC,,,,,,,
3705,NWZ,JIGAWA,KIYAWA,FAKE,FAKE,FAKE PHC,,,,,,,
3706,NWZ,JIGAWA,KIYAWA,GARKO,GARKO,GARKO PHC,,,,,,,
3707,NWZ,JIGAWA,KIYAWA,GURDUBA,SHUWARIN,SHUWARIN PHC,,,,,,,
3708,NWZ,JIGAWA,KIYAWA,KATANGA,KATANGA,KATANGA PHC,,,,,,,
3709,NWZ,JIGAWA,KIYAWA,KATUKA,KATUKA,KATUKA PHC,,,,,,,
3710,NWZ,JIGAWA,KIYAWA,KIYAWA,KIYAWA,KIYAWA PHC,,,,,,,
3711,NWZ,JIGAWA,KIYAWA,KWANDA,KWANDA,KWANDA PHC,,,,,,,
3712,NWZ,JIGAWA,KIYAWA,MAJE,MAJE,MAJE PHC,,,,,,,
3713,NWZ,JIGAWA,KIYAWA,TSURMA,TSIRMA,TSIRMA PHC,,,,,,,
3714,NWZ,JIGAWA,MAIGATARI,BALARABE,BALARABE,BOSUWA PHC,,,,,,,
3715,NWZ,JIGAWA,MAIGATARI,DANKUBO,DANKUMBO,DANKUMBO PHC,,,,,,,
3716,NWZ,JIGAWA,MAIGATARI,FULATA,FULATA,FULATA PHC,,,,,,,
3717,NWZ,JIGAWA,MAIGATARI,GALADI,GALADI,GALADI PHC,,,,,,,
3718,NWZ,JIGAWA,MAIGATARI,JAURI,JAJERI,JAJERI PHC,,,,,,,
3719,NWZ,JIGAWA,MAIGATARI,KUKAYASKU,KUKAYASKU,KUKA YASKU BABBA PHC,,,,,,,
3720,NWZ,JIGAWA,MAIGATARI,MADANA,MADANA,MADANA PHC,,,,,,,
3721,NWZ,JIGAWA,MAIGATARI,MAIGATARI AREWA,MAIGATARI AREWA,MAIGATARI PHCC,,,,,,,
3722,NWZ,JIGAWA,MAIGATARI,MAIGATARI KUDU,MAIGATARI KUDU,S/MAJA PHCC,,,,,,,
3723,NWZ,JIGAWA,MAIGATARI,MATOYA,MATOYA,DAGUMA PHC,,,,,,,
3724,NWZ,JIGAWA,MAIGATARI,TURBUS,TURBUS,KUKAYASKUN KALU PHC,,,,,,,
3725,NWZ,JIGAWA,MALAM MADORI,ARKI,ARKI,AGIN PHC,,,,,,,
3726,NWZ,JIGAWA,MALAM MADORI,DUNARI,DUNARI,DUNARI PHC,,,,,,,
3727,NWZ,JIGAWA,MALAM MADORI,FATEKA/ARKUYA,FATEKA,BULAKORI PHC,,,,,,,
3728,NWZ,JIGAWA,MALAM MADORI,MAIRAKUM,MAI RAKUMI,MAI RAKUMI PHC,,,,,,,
3729,NWZ,JIGAWA,MALAM MADORI,GARIN-GABAS,GARIN GABAS,G/GABAS PHC,,,,,,,
3730,NWZ,JIGAWA,MALAM MADORI,MAKADDARI,MUKADDARI,MAKADDARI PHC,,,,,,,
3731,NWZ,JIGAWA,MALAM MADORI,MALAM-MADORI,M/MADORI,MALAM MADORI PHC,,,,,,,
3732,NWZ,JIGAWA,MALAM MADORI,SHAYYA,SHAYYA,SHAYYA PHC,,,,,,,
3733,NWZ,JIGAWA,MALAM MADORI,TAGWARO,TAGWARO,TAGWARO PHC,,,,,,,
3734,NWZ,JIGAWA,MALAM MADORI,TASHENA,TASHENA,TASHENA PHC,,,,,,,
3735,NWZ,JIGAWA,MALAM MADORI,TONITKUTURA,TONI KUTARA,GANDUN SARKI PHC,,,,,,,
3736,NWZ,JIGAWA,MIGA,DANGYATIN,DANGYATUM,DANGYATUM PHC,,,,,,,
3737,NWZ,JIGAWA,MIGA,GARBO,GARBO,TAKALAFIYA PHC,,,,,,,
3738,NWZ,JIGAWA,MIGA,HANTSU,HANTSU,HANTSU PHC,,,,,,,
3739,NWZ,JIGAWA,MIGA,KOYA,KOYA,KOYA PHC,,,,,,,
3740,NWZ,JIGAWA,MIGA,MIGA,MIGA,MIGA PHC,,,,,,,
3741,NWZ,JIGAWA,MIGA,S/GARIN TAKANEBU,SABON GARI,SABON GARI PHC,,,,,,,
3742,NWZ,JIGAWA,MIGA,SANSANI,SANSANI,SANSANI PHC,,,,,,,
3743,NWZ,JIGAWA,MIGA,TSAKUWAWA,TSAKUWAWA,TSAKUWAWA PHC,,,,,,,
3744,NWZ,JIGAWA,MIGA,YANDUNA,YANDUNA,YANDUNA PHC,,,,,,,
3745,NWZ,JIGAWA,MIGA,ZEREKU,ZAREKU,ZAREKU PHC,,,,,,,
3746,NWZ,JIGAWA,RINGIM,CHAI-CHAI,CHAI-CHAI,CHAI-CHAI PHC,,,,,,,
3747,,JIGAWA,RINGIM,DABI,DABI,DABI PHC,,,,,,,
3748,,JIGAWA,RINGIM,SAKARA,SAKARA,SAKARA PHC,,,,,,,
3749,NWZ,JIGAWA,RINGIM,KAFIN-BABUSHE,K/BABUSHE,KAFIN BABUSHE PHC,,,,,,,
3750,NWZ,JIGAWA,RINGIM,KARSHI,KARSHI,KARSHI PHC,,,,,,,
3751,NWZ,JIGAWA,RINGIM,KYARAMA,KYARAMA,KYARAMA PRIMARY HEALTH CLINIC,,,,,,,
3752,NWZ,JIGAWA,RINGIM,RINGIM,RINGIM,WALAWA PHC,,,,,,,
3753,NWZ,JIGAWA,RINGIM,SINTIMAWA,SINTILMAWA,KARWAI PHC,,,,,,,
3754,NWZ,JIGAWA,RINGIM,TOFA,TOFA,SHANGEL PHC,,,,,,,
3755,NWZ,JIGAWA,RINGIM,YANDUTSE,SANKARA,SANKARA PHC,,,,,,,
3756,NWZ,JIGAWA,RINGIM,YANDUTSE,YANDUTSE,YANDUSTE PRIMARY HEALTH CLINIC,,,,,,,
3757,NWZ,JIGAWA,RONI,AMARYAWA,AMARYAWA,AMARYAWA PHC,,,,,,,
3758,NWZ,JIGAWA,RONI,BARAGUMI,BARAGUMI,NANUMAWA PHC,,,,,,,
3759,NWZ,JIGAWA,RONI,DANSURE,DANSURE,DANSURE PHC,,,,,,,
3760,NWZ,JIGAWA,RONI,FARA,FARA BARINJE,FARA BARINJE PHC,,,,,,,
3761,NWZ,JIGAWA,RONI,GORA,GORA,GORA PHC,,,,,,,
3762,NWZ,JIGAWA,RONI,KWAITA,KWAITA,BASHE PHC,,,,,,,
3763,NWZ,JIGAWA,RONI,RONI,RONI,RONI PHC,,,,,,,
3764,NWZ,JIGAWA,RONI,SANKAU,SANKAU,SANKAU PHC,,,,,,,
3765,NWZ,JIGAWA,RONI,TUNAS,TUNAS,TAKWARDAWA PHC,,,,,,,
3766,NWZ,JIGAWA,RONI,YANZAKI,YANZAKI,YARSARA PRIMARY HEALTH CLINIC,,,,,,,
3767,NWZ,JIGAWA,RONI,ZUGAI,ZUGAI,ZUGAI PHC,,,,,,,
3768,NWZ,JIGAWA,SULE TANKARKAR,ALBASU,ALBASU,ALBASU PHC,,,,,,,
3769,NWZ,JIGAWA,SULE TANKARKAR,AMANGA,AMANGA,AMANGA PHC,,,,,,,
3770,NWZ,JIGAWA,SULE TANKARKAR,DANGWANKI,DANGWANKI,HANNUN GIWA PHC,,,,,,,
3771,NWZ,JIGAWA,SULE TANKARKAR,DANLADI,DANLADI,DANLADI PHC,,,,,,,
3772,NWZ,JIGAWA,SULE TANKARKAR,DANZOMO,DANZOMO,DANZOMO PHC,,,,,,,
3773,NWZ,JIGAWA,SULE TANKARKAR,JEKE,JEKE,JEKE PHC,,,,,,,
3774,NWZ,JIGAWA,SULE TANKARKAR,S/TANKARKAR,SULE,SULE PHC,,,,,,,
3775,NWZ,JIGAWA,SULE TANKARKAR,SHABARU,SHABARU,SHABARU PHC,,,,,,,
3776,NWZ,JIGAWA,SULE TANKARKAR,TAKATSABA,TAKATSABA,TAKATSABA PHC,,,,,,,
3777,NWZ,JIGAWA,SULE TANKARKAR,YANDAMO,YANDAMO,YANDAMO PHC,,,,,,,
3778,NWZ,JIGAWA,TAURA,AJAURA,AJAURA,AJAURA PHC,,,,,,,
3779,NWZ,JIGAWA,TAURA,CHAKWAIKWAIWA,CHAKWAIKWAIWA,CHAKWAIKWAIWA PRIMARY HEALTH CLINIC,,,,,,,
3780,NWZ,JIGAWA,TAURA,CHUKUTO,CHUKUTO,CHUKUTO PHC,,,,,,,
3781,NWZ,JIGAWA,TAURA,GUJUNGU,GUJUNGU,GUJUNGU PHC,,,,,,,
3782,NWZ,JIGAWA,TAURA,KIRI',KIRI,KIRI PRIMARY HEALTH CENTRE,,,,,,,
3783,NWZ,JIGAWA,TAURA,KWALAM,KWALAM,KWALAM MPHC,,,,,,,
3784,NWZ,JIGAWA,TAURA,MAJE,MAJE WARD,TSADAWA HEALTH CLINIC ,,,,,,,
3785,NWZ,JIGAWA,TAURA,MAJIYA,MAJIA,MAJIA PHC,,,,,,,
3786,NWZ,JIGAWA,TAURA,SABON GARIN YAYA,S/GARI,SABON GARIN 'YA'YA PHC,,,,,,,
3787,NWZ,JIGAWA,TAURA,TUARA,TAURA,TAURA PHC,,,,,,,
3788,NWZ,JIGAWA,YANKWASHI,ACHILAFIYA,ACHILAFIYA,ACHILAFIYA PHCC,,,,,,,
3789,NWZ,JIGAWA,YANKWASHI,BELAS,BELAS,DANKARI PHC,,,,,,,
3790,NWZ,JIGAWA,YANKWASHI,DAWAN GAWO,DAWAN GAWO,DAWAN GAWO PHC,,,,,,,
3791,NWZ,JIGAWA,YANKWASHI,GURJIYA,GURJIYA,GURJIYA PRIMARY HEALTH CENTER,,,,,,,
3792,NWZ,JIGAWA,YANKWASHI,GWARTA,GWARTA,RAUDA PHC,,,,,,,
3793,NWZ,JIGAWA,YANKWASHI,KARKARNA,KARKARNA,KARKARNA PHC,,,,,,,
3794,NWZ,JIGAWA,YANKWASHI,KUDA,KUDA,KUDA PHC,,,,,,,
3795,NWZ,JIGAWA,YANKWASHI,RNGIM,RINGIM,RINGIM PHC,,,,,,,
3796,NWZ,JIGAWA,YANKWASHI,YANKWASHI,YANKWASHI,YANKWASHI PHC,,,,,,,
3797,NWZ,JIGAWA,YANKWASHI,ZUNGUMBA,ZUNGUMBA,FIRJIN GABAS PHC,,,,,,,
3798,NWZ,KADUNA,BRININ GWARI,DAMARI,,PHC DAMARI ,,,,,,,
3799,NWZ,KADUNA,BRININ GWARI,DOGON DAWA,,PHC DOGON DAWA,,,,,,,
3800,NWZ,KADUNA,BRININ GWARI,GAYAM,,PHC KAMFANIN DOKA,,,,,,,
3801,NWZ,KADUNA,BRININ GWARI,KAKANGI,,PHC KAKANGI,,,,,,,
3802,NWZ,KADUNA,BRININ GWARI,KUME MESHI,,PHC KUTEMESHI,,,,,,,
3803,NWZ,KADUNA,BRININ GWARI,KUYELLO,,PHC KUYELLO,,,,,,,
3804,NWZ,KADUNA,BRININ GWARI,MAGAJIN GARI I,,MCHC B/GWARI,,,,,,,
3805,NWZ,KADUNA,BRININ GWARI,MAGAJIN GARI II,,PHC UNG HALADU,,,,,,,
3806,NWZ,KADUNA,BRININ GWARI,MAGAJIN GARI III,,PHC SAULAWA,,,,,,,
3807,NWZ,KADUNA,BRININ GWARI,RANDAGI,,PHC RANDAGI,,,,,,,
3808,NWZ,KADUNA,BRININ GWARI,TABANNI,,MPHC TABANNI,,,,,,,
3809,NWZ,KADUNA,CHIKUN,GWAGWADA,,PHC GWAGWADA,,,,,,,
3810,NWZ,KADUNA,CHIKUN,KAKAU,,PHC KAKAU,,,,,,,
3811,NWZ,KADUNA,CHIKUN,KUJAMA,,PHC T / WADA KUJAMA,,,,,,,
3812,NWZ,KADUNA,CHIKUN,KUNAI,,PHC BURUKU,,,,,,,
3813,NWZ,KADUNA,CHIKUN,KURIGA,,PHC KURIGA,,,,,,,
3814,NWZ,KADUNA,CHIKUN,MARABAN RIDO,,MARABAN RIDO PRIMARY HEALTH CARE,,,,,,,
3815,NWZ,KADUNA,CHIKUN,NARAYE,,PHC NARAYI,,,,,,,
3816,NWZ,KADUNA,CHIKUN,NASSARAWA,,PHC NASARAWA,,,,,,,
3817,NWZ,KADUNA,CHIKUN,S/GARI TIRKANIYA,,PHC SABON GARI,,,,,,,
3818,NWZ,KADUNA,CHIKUN,SABON TASHA,,PHC SABON TASHA,,,,,,,
3819,NWZ,KADUNA,CHIKUN,UNGUWAN YEWA,,PHC ROMI,,,,,,,
3820,NWZ,KADUNA,GIWA,DANMAHAWAYI,,PHC DANMAHAWAYI,,,,,,,
3821,NWZ,KADUNA,GIWA,GALADIMAWA,,PHC GALADIMAWA,,,,,,,
3822,NWZ,KADUNA,GIWA,GANGARA,,PHC GANGARA,,,,,,,
3823,NWZ,KADUNA,GIWA,GIWA,,PHC GIWA,,,,,,,
3824,NWZ,KADUNA,GIWA,IDASU,,PHC KAYA,,,,,,,
3825,NWZ,KADUNA,GIWA,KADAGE,,PHC WAZATA,,,,,,,
3826,NWZ,KADUNA,GIWA,KAKANGI,,PHC KAKANGI,,,,,,,
3827,NWZ,KADUNA,GIWA,KIDANDAN,,PHC KIDANDAN,,,,,,,
3828,NWZ,KADUNA,GIWA,PANHAUYA,,PHC PANHAUYA,,,,,,,
3829,NWZ,KADUNA,GIWA,SHIKA,,PHC SHIKA,,,,,,,
3830,NWZ,KADUNA,GIWA,YAKADAWA,,PHC YAKAWADA,,,,,,,
3831,NWZ,KADUNA,IGABI,AFAKA,,PHC MANDO,,,,,,,
3832,NWZ,KADUNA,IGABI,BIRNIN YERO,,PHC JAJI,,,,,,,
3833,NWZ,KADUNA,IGABI,GADAN GAYAN,,PHC GADAN GAYAN,,,,,,,
3834,NWZ,KADUNA,IGABI,GWARAJI,,PHC GWARAJI,,,,,,,
3835,NWZ,KADUNA,IGABI,IGABI,,PHC IGABI,,,,,,,
3836,NWZ,KADUNA,IGABI,IGABI,,PHC IGABI,,,,,,,
3837,NWZ,KADUNA,IGABI,KERAWA,,PHC GWADA,,,,,,,
3838,NWZ,KADUNA,IGABI,KWARAU,,PHC MARABAN JOS,,,,,,,
3839,NWZ,KADUNA,IGABI,RIGACHIKUN,,PHC RIGACHIKUN,,,,,,,
3840,NWZ,KADUNA,IGABI,RIGASA,,PHC RIGASA (MIYATTI).,,,,,,,
3841,NWZ,KADUNA,IGABI,SABON BIRNIN DAJI,,PHC SABON BIRNI,,,,,,,
3842,NWZ,KADUNA,IGABI,TURUKNKU,,PHC K/FARAKWAI,,,,,,,
3843,NWZ,KADUNA,IGABI,ZANGON AYA,,PHC ZANGON AYA,,,,,,,
3844,NWZ,KADUNA,IKARA,AUCHAN,,PHC AUCHAN,,,,,,,
3845,NWZ,KADUNA,IKARA,IKARA,,PHC IKARA,,,,,,,
3846,NWZ,KADUNA,IKARA,JANFALAN,,PHC MALIKANCHI,,,,,,,
3847,NWZ,KADUNA,IKARA,KURMIN KOGI,,PHC KUNKUMIN KOGI,,,,,,,
3848,NWZ,KADUNA,IKARA,KUYA,,HEALTH CLINIC KUYA,,,,,,,
3849,NWZ,KADUNA,IKARA,PAKI,,PHC PAKI,,,,,,,
3850,NWZ,KADUNA,IKARA,PALA,,PHC PALA,,,,,,,
3851,NWZ,KADUNA,IKARA,RUMI,,PHC WAMBAI,,,,,,,
3852,NWZ,KADUNA,IKARA,SAULAWA,,PHC SAULAWA,,,,,,,
3853,NWZ,KADUNA,IKARA,SAYA- SAYA,,PHC SAYASAYA,,,,,,,
3854,NWZ,KADUNA,JABA,CHORI,,SABON GARI  CHORI PRIMARY HEALTH CARE CENTRE,,,,,,,
3855,NWZ,KADUNA,JABA,DADDU,,DADDU PRIMARY HEALTH CARE CENTRE ,,,,,,,
3856,NWZ,KADUNA,JABA,DURA/ BITARO,,BITARO PRIMARY HEALTH CARE CENTRE,,,,,,,
3857,NWZ,KADUNA,JABA,FADA,,PRIMARY HEALTH CARE CENTER FORGYEI,,,,,,,
3858,NWZ,KADUNA,JABA,FAI,,FAI PRIMARY HEALTH CARE VENTER,,,,,,,
3859,NWZ,KADUNA,JABA,NDUYAH,,ANKUNG A PRIMARY HEALTH CARE CENTRE,,,,,,,
3860,NWZ,KADUNA,JABA,NOK,,NOK PRIMARY HEALTH CARE CENTRE,,,,,,,
3861,NWZ,KADUNA,JABA,SAB-CHEM,,KWOI PRIMARY HEALTH CARE CENTRE,,,,,,,
3862,NWZ,KADUNA,JABA,SAB-ZURO,,SAB-ZURO PRIMARY HEALTH CARE CENTRE,,,,,,,
3863,NWZ,KADUNA,JABA,SAMBAN,,SAMBAN PRIMARY HEALTH CARE CENTER,,,,,,,
3864,NWZ,KADUNA,JEMA'A,ASSO,,PHC ASSO,,,,,,,
3865,NWZ,KADUNA,JEMA'A,AYURU,,PHC ATUKU,,,,,,,
3866,NWZ,KADUNA,JEMA'A,BEDDE,,PHC BARDE,,,,,,,
3867,NWZ,KADUNA,JEMA'A,GIDAN WAYA,,GIDAN WAYA PHC ,,,,,,,
3868,NWZ,KADUNA,JEMA'A,GODO GODO,,PHC GODO-GODO,,,,,,,
3869,NWZ,KADUNA,JEMA'A,JAGINDI,,PHC JAGINDI,,,,,,,
3870,NWZ,KADUNA,JEMA'A,KAFANCHAN A,,PHC KAFANCHAN A,,,,,,,
3871,NWZ,KADUNA,JEMA'A,KAFANCHAN B,,KAF-B,,,,,,,
3872,NWZ,KADUNA,JEMA'A,KAGOMA,,PHC KAGOMA,,,,,,,
3873,NWZ,KADUNA,JEMA'A,KANINKON,,PHC ALFANI,,,,,,,
3874,NWZ,KADUNA,JEMA'A,MAI GIZO,,PHC MAIGIZO,,,,,,,
3875,NWZ,KADUNA,JEMA'A,YAKAU,,PHC TAKAU,,,,,,,
3876,NWZ,KADUNA,KACHIA,AGUNU,,PHCC AGUNU,,,,,,,
3877,NWZ,KADUNA,KACHIA,ANKWA,,PHCC ANKWA,,,,,,,
3878,NWZ,KADUNA,KACHIA,AWON,,PHCC AWON,,,,,,,
3879,NWZ,KADUNA,KACHIA,BISHINI,,PHCC BISHINI,,,,,,,
3880,NWZ,KADUNA,KACHIA,DOKA,,PHC DOKA,,,,,,,
3881,NWZ,KADUNA,KACHIA,GIDAN TAGWAI,,PHCC GIDAN TAGWAI,,,,,,,
3882,NWZ,KADUNA,KACHIA,GUMEL,,PHCC KURMIN MAZUGA,,,,,,,
3883,NWZ,KADUNA,KACHIA,KACHIAURBAN,,PHCC KACHIA,,,,,,,
3884,NWZ,KADUNA,KACHIA,KATARI,,PHCC KATARI,,,,,,,
3885,NWZ,KADUNA,KACHIA,KURMIN MUSA,,PHCC KUMIN MUSA,,,,,,,
3886,NWZ,KADUNA,KACHIA,KWATURU,,PHCC TSAUNI,,,,,,,
3887,NWZ,KADUNA,KACHIA,SABON SARKI,,PHCC SABON SARKI,,,,,,,
3888,NWZ,KADUNA,KADUNA NORTH,BADARAWA,,BADARAWA  PRIMARY HEALTH CENTRE,,,,,,,
3889,NWZ,KADUNA,KADUNA NORTH,GAJI,,ZAKARI ISAH MEMORIAL  PRIMARY HEALTH CENTRE,,,,,,,
3890,NWZ,KADUNA,KADUNA NORTH,HAYIN- BANKI,,PHC HAYIN BANKI,,,,,,,
3891,NWZ,KADUNA,KADUNA NORTH,KABALA,,PHC KABALA,,,,,,,
3892,NWZ,KADUNA,KADUNA NORTH,KAWO,,PHC RAFIN GUZA,,,,,,,
3893,NWZ,KADUNA,KADUNA NORTH,MAIBURJI,,WARRI STREET PHC,,,,,,,
3894,NWZ,KADUNA,KADUNA NORTH,SHABA,,PHC ALH. MUAZU MEMORIAL,,,,,,,
3895,NWZ,KADUNA,KADUNA NORTH,UNGUWAN DOSA,,PHC ANGUWAN DOSA,,,,,,,
3896,NWZ,KADUNA,KADUNA NORTH,UNGUWAN LIMAN,,JUNCTION ROAD PRIMARY HEALTH CENTRE,,,,,,,
3897,NWZ,KADUNA,KADUNA NORTH,UNGUWAN RIMI,,UNGUWAN RIMI PHC,,,,,,,
3898,NWZ,KADUNA,KADUNA NORTH,UNGUWAN SARKI,,PHC ANGUWAN SARKI,,,,,,,
3899,NWZ,KADUNA,KADUNA NORTH,UNGUWAN SHANU,,PHC ANGUWAN SHANU,,,,,,,
3900,NWZ,KADUNA,KADUNA SOUTH,BADIKKO,,PHC BADIKO,,,,,,,
3901,NWZ,KADUNA,KADUNA SOUTH,BARNAWA,,PHC BARNAWA,,,,,,,
3902,NWZ,KADUNA,KADUNA SOUTH,KAKURI GWARI,,PHC KURMIN GWARI,,,,,,,
3903,NWZ,KADUNA,KADUNA SOUTH,KAKURI HAUSA,,PHC KAKURI HAUSA,,,,,,,
3904,NWZ,KADUNA,KADUNA SOUTH,MAKERA,,PHC MAKERA,,,,,,,
3905,NWZ,KADUNA,KADUNA SOUTH,SABON GARI NORTH,,KAGORO ROAD PRIMARY HEALTHCARE CENTRE,,,,,,,
3906,NWZ,KADUNA,KADUNA SOUTH,SABON GARI SOUTH,,PHC FAKI ROAD,,,,,,,
3907,NWZ,KADUNA,KADUNA SOUTH,TELEVISION,,PHC TELEVISION GARAGE,,,,,,,
3908,NWZ,KADUNA,KADUNA SOUTH,TUDUN NUPAWA,,PHC TUDUN NUPAWA,,,,,,,
3909,NWZ,KADUNA,KADUNA SOUTH,TUDUN WADA NORTH,,COMPREHENSIVE HEALTH CENTER KINKINAU TUDUN WADA KADUNA,,,,,,,
3910,NWZ,KADUNA,KADUNA SOUTH,TUDUN WADA SOUTH,,PRIMARY HEALTH CARE ZANGO (TBL),,,,,,,
3911,NWZ,KADUNA,KADUNA SOUTH,TUDUN WADA WEST,,PHC KINKINAU,,,,,,,
3912,NWZ,KADUNA,KADUNA SOUTH,TUDUN WADA WEST,,PHC KABALA WEST,,,,,,,
3913,NWZ,KADUNA,KADUNA SOUTH,UNGUWAN SANUSI,,UNGUWAN SUNUSI PRIMARY HEALTHCARE CENTER,,,,,,,
3914,NWZ,KADUNA,KAGARKO,ARIBI,,PHC KENYI,,,,,,,
3915,NWZ,KADUNA,KAGARKO,IDDAH,,PHC IDDAH,,,,,,,
3916,NWZ,KADUNA,KAGARKO,JERE NORTH,,PHC JERE,,,,,,,
3917,NWZ,KADUNA,KAGARKO,JERE SOUTH,,PHC KWASARE,,,,,,,
3918,NWZ,KADUNA,KAGARKO,KAGARKO NORTH,,PHC AKOTI,,,,,,,
3919,NWZ,KADUNA,KAGARKO,KAGARKO SOUTH,,PHC KAGARKO,,,,,,,
3920,NWZ,KADUNA,KAGARKO,KATUGAL,,KUBACHA PHC,,,,,,,
3921,NWZ,KADUNA,KAGARKO,KUKUI,,PHC KUKUI,,,,,,,
3922,NWZ,KADUNA,KAGARKO,KURMIN JIBRIN,,PHC KURMIN JIBRIN,,,,,,,
3923,NWZ,KADUNA,KAGARKO,KUSHE,,PHC DOGON KURMI,,,,,,,
3924,NWZ,KADUNA,KAJURU,AFOGO,,MCH IBURU,,,,,,,
3925,NWZ,KADUNA,KAJURU,BUDA,,MCH BUDA,,,,,,,
3926,NWZ,KADUNA,KAJURU,IDON,,MCH IRI-GARI,,,,,,,
3927,NWZ,KADUNA,KAJURU,KALLAH,,PHC KALLAH,,,,,,,
3928,NWZ,KADUNA,KAJURU,KASUWAN MAGANI,,PHC K/MAGANI,,,,,,,
3929,NWZ,KADUNA,KAJURU,KUFANA,,PHC KUFANA,,,,,,,
3930,NWZ,KADUNA,KAJURU,KUJARU,,PHC KAJURU,,,,,,,
3931,NWZ,KADUNA,KAJURU,MARO,,PHC MARO,,,,,,,
3932,NWZ,KADUNA,KAJURU,RIMAU,,PHC RIMAU,,,,,,,
3933,NWZ,KADUNA,KAJURU,TANTATU,,H/C TANTATU,,,,,,,
3934,NWZ,KADUNA,KAURA,AGBAN,,P.H.C AGBAM,,,,,,,
3935,NWZ,KADUNA,KAURA,BONDON,,P.H.C BONDONG,,,,,,,
3936,NWZ,KADUNA,KAURA,FADA,,P.H.C FADA,,,,,,,
3937,NWZ,KADUNA,KAURA,KADARKO,,P.H.C TACHIRA,,,,,,,
3938,NWZ,KADUNA,KAURA,KAURA,,P.H.C KAURA,,,,,,,
3939,NWZ,KADUNA,KAURA,KPAK,,P.H.C KPAK (TBMH),,,,,,,
3940,NWZ,KADUNA,KAURA,KUKUM,,P.H.C KUKUM/GIDA,,,,,,,
3941,NWZ,KADUNA,KAURA,MALLAGUM,,P.H.C MALLAGUM- II,,,,,,,
3942,NWZ,KADUNA,KAURA,MANCHOK,,P.H.C MANCHOK,,,,,,,
3943,NWZ,KADUNA,KAURA,ZANKAN,,P.H.C FADA-ATTAKAR,,,,,,,
3944,NWZ,KADUNA,KAURU,BADURUM SAMA,,PHC BAKIN KOGI,,,,,,,
3945,NWZ,KADUNA,KAURU,BITAL,,H/C KINUGU,,,,,,,
3946,NWZ,KADUNA,KAURU,DAMA KASUWA,,PHC DAMAKASUWA,,,,,,,
3947,NWZ,KADUNA,KAURU,DAWAKI,,H/C DOKAN KARJI,,,,,,,
3948,NWZ,KADUNA,KAURU,GESHERE,,PHC KONO,,,,,,,
3949,NWZ,KADUNA,KAURU,KAMARU,,PHC KAMARU,,,,,,,
3950,NWZ,KADUNA,KAURU,KAURU EAST,,PHC KAGADAMA,,,,,,,
3951,NWZ,KADUNA,KAURU,KAURU WEST,,PHC KAURU,,,,,,,
3952,NWZ,KADUNA,KAURU,KWASSAM,,PHC KWASSAM,,,,,,,
3953,NWZ,KADUNA,KAURU,MAKAMI,,PHC DANDAURA,,,,,,,
3954,NWZ,KADUNA,KAURU,PARI,,H/C RAHAMA,,,,,,,
3955,NWZ,KADUNA,KUBAU,ANCHAU,,PHC ANCHAU,,,,,,,
3956,NWZ,KADUNA,KUBAU,DAMAU,,PHC DAMAU,,,,,,,
3957,NWZ,KADUNA,KUBAU,DUTSEN WAI,,PHC D/WAI,,,,,,,
3958,NWZ,KADUNA,KUBAU,HASKIYA,,PHCHASKIYA,,,,,,,
3959,NWZ,KADUNA,KUBAU,KARGI,,PHC KARGI,,,,,,,
3960,NWZ,KADUNA,KUBAU,KARREH,,PHC KARREH,,,,,,,
3961,NWZ,KADUNA,KUBAU,KUBAU,,PHC KUBAU,,,,,,,
3962,NWZ,KADUNA,KUBAU,MAH,,PHC MAH,,,,,,,
3963,NWZ,KADUNA,KUBAU,PAMBEGUWA,,PHC PAMBEGUA,,,,,,,
3964,NWZ,KADUNA,KUBAU,ZABI,,PHC KAMPANINMAUDE ZABI,,,,,,,
3965,NWZ,KADUNA,KUBAU,ZUNTU,,MPHC ZUNTU,,,,,,,
3966,NWZ,KADUNA,KUDAN,DOKA,,PHC DOKA,,,,,,,
3967,NWZ,KADUNA,KUDAN,GARU,,PHC SABON GARI,,,,,,,
3968,NWZ,KADUNA,KUDAN,GARU,,PHC GARU,,,,,,,
3969,NWZ,KADUNA,KUDAN,HUNKUYI,,PHC HUNKUYI,,,,,,,
3970,NWZ,KADUNA,KUDAN,KAURAN WANLI NORTH,,MPHC K/WALI,,,,,,,
3971,NWZ,KADUNA,KUDAN,KAURAN WANLI SOUTH,,PHC DAN GASHI,,,,,,,
3972,NWZ,KADUNA,KUDAN,KUDAN,,PHC KUDAN,,,,,,,
3973,NWZ,KADUNA,KUDAN,LIKORO,,PHC LIKORO,,,,,,,
3974,NWZ,KADUNA,KUDAN,TABAN SANI,,PHC TABA,,,,,,,
3975,NWZ,KADUNA,KUDAN,ZABI,,PHC TASHAN KADE,,,,,,,
3976,NWZ,KADUNA,LERE,ABADAWA,,ABADAWA PRIMARY HEALTH CENTRE,,,,,,,
3977,NWZ,KADUNA,LERE,DAN ALHAJI,,PHC DAN’ALHAJI,,,,,,,
3978,NWZ,KADUNA,LERE,GARU,,PHC GARU,,,,,,,
3979,NWZ,KADUNA,LERE,GURE/KAHUGU,,PHC KAKIDARE,,,,,,,
3980,NWZ,KADUNA,LERE,KAYARDA,,PHC KAYARDA,,,,,,,
3981,NWZ,KADUNA,LERE,KUDARU,,MPHC UNG HAYATU,,,,,,,
3982,NWZ,KADUNA,LERE,LAZURU TUDAI,,LAZURU PRIMARY HEALTH CENTRE,,,,,,,
3983,NWZ,KADUNA,LERE,LERE,,PHC LERE,,,,,,,
3984,NWZ,KADUNA,LERE,RAMIN KURA,,PHC RAMIN KURA,,,,,,,
3985,NWZ,KADUNA,LERE,SABON BIRNI,,PHC UNG BAWA,,,,,,,
3986,NWZ,KADUNA,LERE,SAMINAKA,,PHC SAMINAKA,,,,,,,
3987,NWZ,KADUNA,MAKARFI,DANDAMISA,,PHC DAN DAMISA,,,,,,,
3988,NWZ,KADUNA,MAKARFI,DANGUZURU,,PHC DANGUZURI,,,,,,,
3989,NWZ,KADUNA,MAKARFI,GAZARA,,PHC GAZARA,,,,,,,
3990,NWZ,KADUNA,MAKARFI,GIMI,,PHC GIMI GARI,,,,,,,
3991,NWZ,KADUNA,MAKARFI,GUBUCHI,,PHC GUBUCHI,,,,,,,
3992,NWZ,KADUNA,MAKARFI,GWANKI,,PHC GWANKI,,,,,,,
3993,NWZ,KADUNA,MAKARFI,MAKARFI,,PHC MAKARFI,,,,,,,
3994,NWZ,KADUNA,MAKARFI,MAYERE,,PHC MAYERE,,,,,,,
3995,NWZ,KADUNA,MAKARFI,NASSARAWAN DOYA,,PHC NASARAWAN DOYA,,,,,,,
3996,NWZ,KADUNA,MAKARFI,TUDUN WADA,,PHC KASUWAN MATA,,,,,,,
3997,NWZ,KADUNA,SABON GARI,BASAWA,,PHC BASAWA,,,,,,,
3998,NWZ,KADUNA,SABON GARI,BOMO,,PHC HAYINDOGO,,,,,,,
3999,NWZ,KADUNA,SABON GARI,CHIKAJI,,PHC CHIKAJI,,,,,,,
4000,NWZ,KADUNA,SABON GARI,DOGARAWA,,PHC SAKADADI,,,,,,,
4001,NWZ,KADUNA,SABON GARI,HANWA,,PHC HANWA,,,,,,,
4002,NWZ,KADUNA,SABON GARI,JAMA'A,,PHC JAMAA,,,,,,,
4003,NWZ,KADUNA,SABON GARI,JUSHIN WAJE,,PHC ABDUKWARI,,,,,,,
4004,NWZ,KADUNA,SABON GARI,MUCHIA,,PHC KWATA,,,,,,,
4005,NWZ,KADUNA,SABON GARI,SAMARU,,PHC SAMARU,,,,,,,
4006,NWZ,KADUNA,SABON GARI,UNG / GABAS,,PHC UNGUWAN JABA,,,,,,,
4007,NWZ,KADUNA,SABON GARI,ZABI,,PHC ZABI,,,,,,,
4008,NWZ,KADUNA,SANGA,ABORO,,PHC ABORO,,,,,,,
4009,NWZ,KADUNA,SANGA,ARAK,,PHC LANDGA,,,,,,,
4010,NWZ,KADUNA,SANGA,AYU,,PHC MAYIR,,,,,,,
4011,NWZ,KADUNA,SANGA,BOKONA,,UNG/NUNGU,,,,,,,
4012,NWZ,KADUNA,SANGA,FANDAN-KARSHI,,PHC KARSHI,,,,,,,
4013,NWZ,KADUNA,SANGA,GWANTU,,PHC GWANTU,,,,,,,
4014,NWZ,KADUNA,SANGA,NANDU,,PHC NUNBU B,,,,,,,
4015,NWZ,KADUNA,SANGA,NIMZOM NORTH,,PHC F/NINZO,,,,,,,
4016,NWZ,KADUNA,SANGA,NIMZOM SOUTH,,PHC AMAR K,,,,,,,
4017,NWZ,KADUNA,SANGA,NIMZOM WEST,,PHC ANCHA,,,,,,,
4018,NWZ,KADUNA,SANGA,WASA STATION,,PHC WASA,,,,,,,
4019,NWZ,KADUNA,SOBA,DANWATA,,PHC DANWATA,,,,,,,
4020,NWZ,KADUNA,SOBA,GAMAGIRA,,PHC GAMAGIRA,,,,,,,
4021,NWZ,KADUNA,SOBA,GARUN-GWAKI,,PHC GARU,,,,,,,
4022,NWZ,KADUNA,SOBA,GIMBA,,PHC AWAI,,,,,,,
4023,NWZ,KADUNA,SOBA,KINKIBA,,PHC KINKIBA,,,,,,,
4024,NWZ,KADUNA,SOBA,KWASALLO,,PHC KWASALLO,,,,,,,
4025,NWZ,KADUNA,SOBA,MAIGANA,,PHC YAKASAI,,,,,,,
4026,NWZ,KADUNA,SOBA,RAHAMA,,PHC RAHAMA,,,,,,,
4027,NWZ,KADUNA,SOBA,RICHIFA,,PHC RICHIFA,,,,,,,
4028,NWZ,KADUNA,SOBA,SOBA,,PHC SOBA,,,,,,,
4029,NWZ,KADUNA,SOBA,TURAWA,,PHC TURAWA,,,,,,,
4030,NWZ,KADUNA,ZANGO KATAF,GIDAN JATAU,,FARMAN PRIMARY HEALTH CENTRE,,,,,,,
4031,NWZ,KADUNA,ZANGO KATAF,GORA,,PHC BAFAI GORA,,,,,,,
4032,NWZ,KADUNA,ZANGO KATAF,KAMANTAN,,PHC KAMANTAN,,,,,,,
4033,NWZ,KADUNA,ZANGO KATAF,KAMURU IKULU,,PHC KAMURU,,,,,,,
4034,NWZ,KADUNA,ZANGO KATAF,MADAKIYA,,PHC MADAKIYA,,,,,,,
4035,NWZ,KADUNA,ZANGO KATAF,UNG. GAIYA,,PHC MABUSHI,,,,,,,
4036,NWZ,KADUNA,ZANGO KATAF,UNG. RIMI,,PHC UNG. RIMI,,,,,,,
4037,NWZ,KADUNA,ZANGO KATAF,ZANGO URBAN,,PHC ZANGO URBAN,,,,,,,
4038,NWZ,KADUNA,ZANGO KATAF,ZANMAN DABO,,PHC KURMIN MASARA,,,,,,,
4039,NWZ,KADUNA,ZANGO KATAF,ZONKWA,,PHC ZONKWA,,,,,,,
4040,NWZ,KADUNA,ZANGO KATAF,ZONZON,,PHC MAGAMIA,,,,,,,
4041,NWZ,KADUNA,ZARIA,DAMBO,,P H C DAMBO,,,,,,,
4042,NWZ,KADUNA,ZARIA,DUTSEN ABBA,,DUTSEN ABBA PRIMARY HEALTH CARE CENTER,,,,,,,
4043,NWZ,KADUNA,ZARIA,GYELLESU,,P H C GYALLESU,,,,,,,
4044,NWZ,KADUNA,ZARIA,KAURA,,P H C RIMI DOKO,,,,,,,
4045,NWZ,KADUNA,ZARIA,KUFENA,,P H C ANG DANKALI,,,,,,,
4046,NWZ,KADUNA,ZARIA,KWARBAI (A),,P H C IYAL,,,,,,,
4047,NWZ,KADUNA,ZARIA,KWARBAI (B),,P H C ANG ALKALI,,,,,,,
4048,NWZ,KADUNA,ZARIA,MUCICCIRI,,PHC WUCICIRI,,,,,,,
4049,NWZ,KADUNA,ZARIA,TUDUN-WADA,,P H C L/SARKI,,,,,,,
4050,NWZ,KADUNA,ZARIA,TUKUR-TUKUR,,P H C T/TUKUR,,,,,,,
4051,NWZ,KADUNA,ZARIA,UMANCIN KONA,,P H C B/DODO,,,,,,,
4052,NWZ,KADUNA,ZARIA,UNG. FATIKA,,P H C ANG FATIKA,,,,,,,
4053,NWZ,KADUNA,ZARIA,UNG. JUMA,,P H C DURUMI,,,,,,,
4054,NWZ,KANO,AJINGI,AJINGI,,SAKAALAWA HEALTH POST,,,,,,,
4055,NWZ,KANO,AJINGI,BALARE,,BALARE PRIMARY HEALTH CENTRE,,,,,,,
4056,NWZ,KANO,AJINGI,CHULA,,CHULA H/CLINIC,,,,,,,
4057,NWZ,KANO,AJINGI,DABIN-KANAWA,,FAGAWA HEALTH POST,,,,,,,
4058,NWZ,KANO,AJINGI,DUN-DUN,,DUNDUN HEALTH POST,,,,,,,
4059,NWZ,KANO,AJINGI,GAFASA,,GAFASA HEALTH POST,,,,,,,
4060,NWZ,KANO,AJINGI,GURDUBA,,GURDUBA HEALTH POST,,,,,,,
4061,NWZ,KANO,AJINGI,KUNKURAWA,,MAKARYA PRIMARY HEALTH CENTER,,,,,,,
4062,NWZ,KANO,AJINGI,TORANKE,,TORANKE PRIMARY HEALTH CARE,,,,,,,
4063,NWZ,KANO,AJINGI,UNGWA BAI,,UNGUWAR BAI HEALTH POST,,,,,,,
4064,NWZ,KANO,ALBASU,ALBASU CENTRAL,,ALBASU PHC,,,,,,,
4065,NWZ,KANO,ALBASU,BATAIYA,,BATAIYA PRIMARY HEALTH CLINIC,,,,,,,
4066,NWZ,KANO,ALBASU,CHAMARANA,,DUJA HEALTH CLINIC,,,,,,,
4067,NWZ,KANO,ALBASU,DAHO,,DAHO HEALTH POST,,,,,,,
4068,NWZ,KANO,ALBASU,FANDA,,FANDA MODEL PHC,,,,,,,
4069,NWZ,KANO,ALBASU,FARAGAI,,FARAGAI HEALTH POST,,,,,,,
4070,NWZ,KANO,ALBASU,GAGARAME,,GAGARAME HEALTH POST,,,,,,,
4071,NWZ,KANO,ALBASU,HUNGU,,HUNGU PRIMARY HEALTH CENTER,,,,,,,
4072,NWZ,KANO,ALBASU,SAYA-SAYA,,SAYA-SAYA PRIMARY HEALTH CLINIC,,,,,,,
4073,NWZ,KANO,ALBASU,TSANGAYA,,TSANGAYA PRIMARY HEALTH CLINIC,,,,,,,
4074,NWZ,KANO,BAGWAI,BAGWAI,,ABBAS PRIMARY HEALTH CENTRE,,,,,,,
4075,NWZ,KANO,BAGWAI,DANGADA,,DANGADA MODEL PRIMARY HEALTH CENTER,,,,,,,
4076,NWZ,KANO,BAGWAI,GADANYA,,GADANYA BASIC HEALTH CLINIC,,,,,,,
4077,NWZ,KANO,BAGWAI,GOGORI,,GOGORI BASIC HEALTH CLINIC,,,,,,,
4078,NWZ,KANO,BAGWAI,KIYAWA,,KIYAWA BASIC HEALTH CLINIC,,,,,,,
4079,NWZ,KANO,BAGWAI,KWAJALI,,KWAJALE HEALTH POST,,,,,,,
4080,NWZ,KANO,BAGWAI,RIMIN DAKO,,RIMIN DAKO HEALTH POST,,,,,,,
4081,NWZ,KANO,BAGWAI,ROMO,,ROMO HEALTH CLINIC,,,,,,,
4082,NWZ,KANO,BAGWAI,SARE-SARE,,SARE SARE MODEL PRIMARY HEALTH CENTRE,,,,,,,
4083,NWZ,KANO,BAGWAI,WURO BAGGA,,WURO BAGGA MODEL PRIMARY HEALTH CENTRE,,,,,,,
4084,NWZ,KANO,BEBEJI,ANADARIHA,,ANADARIYA HEALTH POST,,,,,,,
4085,NWZ,KANO,BEBEJI,BAGUDA,,BAGUDA HEALTH POST,,,,,,,
4086,NWZ,KANO,BEBEJI,BEBEJI,,BEBEJI GENERAL HOSPITAL,,,,,,,
4087,NWZ,KANO,BEBEJI,DAMAU,,PHC DAMAU,,,,,,,
4088,NWZ,KANO,BEBEJI,DURMAWA,,DURMAWA HEALTH POST,,,,,,,
4089,NWZ,KANO,BEBEJI,GARGAI,,GARGAI HEALTH POST,,,,,,,
4090,NWZ,KANO,BEBEJI,GWARMAI,,GWARMAI PRIMARY HEALTH CENTER,,,,,,,
4091,NWZ,KANO,BEBEJI,KOFA,,KOFA HEALTH POST,,,,,,,
4092,NWZ,KANO,BEBEJI,KUKI,,KUKI HEALTH POST,,,,,,,
4093,NWZ,KANO,BEBEJI,RAHAMA,,RAHAMA A BASIC HEALTH CENTER,,,,,,,
4094,NWZ,KANO,BEBEJI,RANATAN,,RANTAN HEALTH POST,,,,,,,
4095,NWZ,KANO,BEBEJI,RANKA,,RANKA HEALTH POST,,,,,,,
4096,NWZ,KANO,BEBEJI,TARIWA,,TARIWA BASIC HEALTH CLINIC,,,,,,,
4097,NWZ,KANO,BEBEJI,WAK,,WAK BASIC HEALTH CLINIC,,,,,,,
4098,NWZ,KANO,BICHI,BADUMI,,BADUME HEALTH POST,,,,,,,
4099,NWZ,KANO,BICHI,BICHI,,DUTSEN KARYA HEALTH POST,,,,,,,
4100,NWZ,KANO,BICHI,DANZABUWA,,DANZABUWA MODEL PRIMARY HEALTH CENTER,,,,,,,
4101,NWZ,KANO,BICHI,FAGOLO,,FAGOLO HEALTH POST,,,,,,,
4102,NWZ,KANO,BICHI,KAU-KAU,,YAN DUTSE HEALTH POST,,,,,,,
4103,NWZ,KANO,BICHI,KWAMARAWA,,KWAMARAWA HEALTH POST,,,,,,,
4104,NWZ,KANO,BICHI,KYALLI,,CHIROMAWA BASIC HEALTH CLINIC,,,,,,,
4105,NWZ,KANO,BICHI,MUNTSIRA,,MUNTSIRA HEALTH POST,,,,,,,
4106,NWZ,KANO,BICHI,SAYE,,SAYE M PRIMARY HEALTH CENTER,,,,,,,
4107,NWZ,KANO,BICHI,WAIRE,,WAIRE HEALTH POST,,,,,,,
4108,NWZ,KANO,BICHI,YALLAMI,,DAMARGU BASIC HEALTH CLINIC,,,,,,,
4109,NWZ,KANO,BUNKURE,BARKUM,,BARKUM HEALTH POST,,,,,,,
4110,NWZ,KANO,BUNKURE,BONO,,BONO PRIMARY HEALTH CENTER,,,,,,,
4111,NWZ,KANO,BUNKURE,BUNKURE,,BUNKURE PRIMARY HEALTH CENTER,,,,,,,
4112,NWZ,KANO,BUNKURE,CHIRIN,,CHIRIN HEALTH CLINIC,,,,,,,
4113,NWZ,KANO,BUNKURE,GAFAN,,GAFAN HEALTH POST,,,,,,,
4114,NWZ,KANO,BUNKURE,GURJIYA,,GURJIYA PRIMARY HEALTH CENTER,,,,,,,
4115,NWZ,KANO,BUNKURE,GWAMMA,,GWAMMA HEALTH POST,,,,,,,
4116,NWZ,KANO,BUNKURE,KULLUWA,,KULLUWA HEALTH CLINIC,,,,,,,
4117,NWZ,KANO,BUNKURE,KUMURYA,,KUMURYA BASIC HEALTH CLINIC,,,,,,,
4118,NWZ,KANO,BUNKURE,SANDA,,SANDA HEALTH POST,,,,,,,
4119,NWZ,KANO,D/KUDU,DABAR KWARI,,DABA BASIC HEALTH CLINIC,,,,,,,
4120,NWZ,KANO,D/KUDU,DANBAGINA,,RUNA HEALTH POST,,,,,,,
4121,NWZ,KANO,D/KUDU,DAWAKI,,PHC DAWAKI,,,,,,,
4122,NWZ,KANO,D/KUDU,DAWAKIJI,,DAWAKIJI BASIC HEALTH CLINIC,,,,,,,
4123,NWZ,KANO,D/KUDU,DOSAN,,KAMAGATA HEALTH POST,,,,,,,
4124,NWZ,KANO,D/KUDU,GANO,,GANO BASIC HEALTH CLINIC,,,,,,,
4125,NWZ,KANO,D/KUDU,GORJIYA,,GURJIYA HEALTH POST,,,,,,,
4126,NWZ,KANO,D/KUDU,JIDO,,JIDO HEALTH POST,,,,,,,
4127,NWZ,KANO,D/KUDU,TAMBURAWA,,GADA HEALTH POST,,,,,,,
4128,NWZ,KANO,D/KUDU,TSAKUWA,,TSAKUWA PRIMARY HEALTH CENTER,,,,,,,
4129,NWZ,KANO,D/KUDU,UNGUWAR DUNIYA,,UNGUWAR DUNIYA HEALTH POST,,,,,,,
4130,NWZ,KANO,D/KUDU,YANBARAU,,SARAI HEALTH POST,,,,,,,
4131,NWZ,KANO,D/KUDU,YANKATSARE,,YANKATSARI HEALTH POST,,,,,,,
4132,NWZ,KANO,D/KUDU,YARGAYA,,YARGAYA HEALTH POST,,,,,,,
4133,NWZ,KANO,D/KUDU,ZOGARAWA,,ZOGARAWA,,,,,,,
4134,NWZ,KANO,DALA,ADAKAWA,,ADAKAWA HEALTH POST,,,,,,,
4135,NWZ,KANO,DALA,BAKIN RUWA,,BAKIN RUWA BASIC HEALTH CLINIC,,,,,,,
4136,NWZ,KANO,DALA,DALA,,MAI UNGUWA GARBA HEALTH CLINIC ,,,,,,,
4137,NWZ,KANO,DALA,DOON NAMA,,DOGON NAMA,,,,,,,
4138,NWZ,KANO,DALA,GOBIRAWA,,KURNA PHC,,,,,,,
4139,NWZ,KANO,DALA,GWAMMAJA,,GWAMMAJA MCH CLINIC,,,,,,,
4140,NWZ,KANO,DALA,KABUWAYA,,DALA MATERNAL AND CHILD HEALTH CENTER,,,,,,,
4141,NWZ,KANO,DALA,KANTUDU,,KANTUDU HEALTH CLINIC,,,,,,,
4142,NWZ,KANO,DALA,KOFAR MAZUGAL,,KOFAR MAZUGAL HEALTH POST,,,,,,,
4143,NWZ,KANO,DALA,KOFAR RUWA,,DANDINSHE MPHC,,,,,,,
4144,NWZ,KANO,DALA,MADIGAWA,,MADIGAWA HEALTH CLINIC,,,,,,,
4145,NWZ,KANO,DALA,YALWA,,YALWA MCH /MADAKINGINI CLINIC,,,,,,,
4146,NWZ,KANO,DALA,YALWA,,MAILAFIYA SANKA PRIMARY HEALTH CENTRE,,,,,,,
4147,NWZ,KANO,DANBATTA,AJUMAWA,,AJUMAWA HEALTH POST,,,,,,,
4148,NWZ,KANO,DANBATTA,DANBATTA EAST,,WOMEN CENTER CLINIC,,,,,,,
4149,NWZ,KANO,DANBATTA,DANBATTA WEST,,FAGWALO HEALTH POST,,,,,,,
4150,NWZ,KANO,DANBATTA,FAGALAWA,,TONA  HEALTH  CLINIC,,,,,,,
4151,NWZ,KANO,DANBATTA,GORON MAJE,,GORON MAJE BASIC HEALTH CLINIC,,,,,,,
4152,NWZ,KANO,DANBATTA,GWANDA,,GWANDA MPHC,,,,,,,
4153,NWZ,KANO,DANBATTA,GWARAB JAWA,,GWARABJAWA HEALTH POST,,,,,,,
4154,NWZ,KANO,DANBATTA,KORA,,KORE MODEL PRIMARY HEALTH CENTRE,,,,,,,
4155,NWZ,KANO,DANBATTA,SAIDAWA,,SAIDAWA HEALTH POST,,,,,,,
4156,NWZ,KANO,DANBATTA,SANSAN,,SANSAN PHC,,,,,,,
4157,NWZ,KANO,DAWAKI,DANGOGUWA,,DANGUGUWA PRIMARY HEALTH CENTER,,,,,,,
4158,NWZ,KANO,DAWAKI,DAWAKI EAST,,SARKAKIYA HEALTH POST,,,,,,,
4159,NWZ,KANO,DAWAKI,DAWAKI WEST,,DAWAKI HC,,,,,,,
4160,NWZ,KANO,DAWAKI,DAWANAU,,DAWANAU BASIC HEALTH CLINIC,,,,,,,
4161,NWZ,KANO,DAWAKI,GANDUJE,,GANDUJE PRIMARY HEALTH CENTRE,,,,,,,
4162,NWZ,KANO,DAWAKI,GARGARI,,GARGARI HEALTH POST,,,,,,,
4163,NWZ,KANO,DAWAKI,GARGARI,,GARGARI HEALTH POST,,,,,,,
4164,NWZ,KANO,DAWAKI,JALLI,,JALLI HEALTH POST,,,,,,,
4165,NWZ,KANO,DAWAKI,KWA,,PHC KWA,,,,,,,
4166,NWZ,KANO,DAWAKI,MARKE,,MARKE HEALTH POST,,,,,,,
4167,NWZ,KANO,DAWAKI,TATTARAWA,,TATTARAWA PRIMARY HEALTH CENTRE,,,,,,,
4168,NWZ,KANO,DAWAKI,TUNFAFI,,DANDALAMA PHC,,,,,,,
4169,NWZ,KANO,DOGUWA,DARIYA,,DARIYAR SHERE HEALTH POST,,,,,,,
4170,NWZ,KANO,DOGUWA,DOGON KAWO,,BURJI PRIMARY HEALTH CENTER,,,,,,,
4171,NWZ,KANO,DOGUWA,DOGUWA,,DOGUWA BHC (BAMAKO ),,,,,,,
4172,NWZ,KANO,DOGUWA,FALGORE,,FALGORE MODEL PRIMARY HEALTH CENTRE,,,,,,,
4173,NWZ,KANO,DOGUWA,MARAKU,,MARAKU HEALTH POST,,,,,,,
4174,NWZ,KANO,DOGUWA,RAGADA,,DADIN KOWA HP,,,,,,,
4175,NWZ,KANO,DOGUWA,RIRUWAI,,RIRIWAI BASIC HEALTH CLINIC,,,,,,,
4176,NWZ,KANO,DOGUWA,TAGWAYE,,TAGWAYE HEALTH POST,,,,,,,
4177,NWZ,KANO,DOGUWA,U/NATSOHUWA,,UNGUWAR NATSOHUWA HEALTH POST,,,,,,,
4178,NWZ,KANO,DOGUWA,ZAINABI,,ZAINABI HEALTH POST,,,,,,,
4179,NWZ,KANO,FAGGE,FAGGE A,,SABO GARBA MATERNAL & CHILD CLINIC,,,,,,,
4180,NWZ,KANO,FAGGE,FAGGE B,,GALADIMA HEALTH POST,,,,,,,
4181,NWZ,KANO,FAGGE,FAGGE C,,MUSA KALLAH PHCRESOLVED WAITING FOR BASE LINE ASESSMNET,,,,,,,
4182,NWZ,KANO,FAGGE,FAGGE D,,WAPA HP,,,,,,,
4183,NWZ,KANO,FAGGE,FAGGE E,,FATIMA GANDUJE PHC,,,,,,,
4184,NWZ,KANO,FAGGE,KWACHIRI,,KWACHIRI MODEL PRIMARY HEALTH CENTER,,,,,,,
4185,NWZ,KANO,FAGGE,RIJIYAR LEMO,,RIJIYAR LEMO MCH,,,,,,,
4186,NWZ,KANO,FAGGE,SABON GARI EAST,,JABA MODEL PRIMARY HEALTH CARE,,,,,,,
4187,NWZ,KANO,FAGGE,SABON GARI WEST,,MIDDLE ROAD MCH CLINIC,,,,,,,
4188,NWZ,KANO,FAGGE,YAMMATA,,YAMMATA HEALTH CLINIC,,,,,,,
4189,NWZ,KANO,GABASAWA,GABASAWA,,GABASAWA PHC,,,,,,,
4190,NWZ,KANO,GABASAWA,GARUN DANGA,,GARIN DANGA MODEL PRIMARY HEALTH CENTER,,,,,,,
4191,NWZ,KANO,GABASAWA,JODA,,SANTSI HEALTH POST,,,,,,,
4192,NWZ,KANO,GABASAWA,KARMAMI,,KARMAMI MCH,,,,,,,
4193,NWZ,KANO,GABASAWA,MEKIYA,,MEKIYA HEALTH POST,,,,,,,
4194,NWZ,KANO,GABASAWA,TARAUNI,,TARAUNI HEALTH POST,,,,,,,
4195,NWZ,KANO,GABASAWA,YARTAR AREWA,,YANDAKE HEALTH POST,,,,,,,
4196,NWZ,KANO,GABASAWA,YARTAR KUDU,,YAUTAR KUDU MODEL PRIMARY HEALTH CENTER,,,,,,,
4197,NWZ,KANO,GABASAWA,YUMBU,,YAMA HEALTH POST,,,,,,,
4198,NWZ,KANO,GABASAWA,ZAKARIA,,ZAKIRAI PRIMARY HEALTH CENTER,,,,,,,
4199,NWZ,KANO,GABASAWA,ZUGACHI,,ZUGACHI MPHC,,,,,,,
4200,NWZ,KANO,GADO,BUTU-BUTU,,BUTU BUTU MODEL PRIMARY HEALTH CENTER,,,,,,,
4201,NWZ,KANO,GADO,DAKA DAWA,,DOKA DAWA HEALTH POST,,,,,,,
4202,NWZ,KANO,GADO,DAWAKIN GULU,,DAWAKIN GULU HEALTH POST,,,,,,,
4203,NWZ,KANO,GADO,DUGURAWA,,DUGURAWA HEALTH POST,,,,,,,
4204,NWZ,KANO,GADO,GULU,,GULU MODEL PRIMARY HEALTH CENTER,,,,,,,
4205,NWZ,KANO,GADO,JILY,,JILI HEALTH POST,,,,,,,
4206,NWZ,KANO,GADO,KAROFIN YASHI,,KAROFIN YASHI HEALTH POST,,,,,,,
4207,NWZ,KANO,GADO,RIMIN GADO,,RIMIN GADO COMPREHENSIVE HEALTH CENTER,,,,,,,
4208,NWZ,KANO,GADO,SAKARATSA,,SAKARATSA HEALTH POST,,,,,,,
4209,NWZ,KANO,GADO,TAMAWA,,TAMAWA HEALTH POST,,,,,,,
4210,NWZ,KANO,GADO,YELWAN DAN-ZIYAL,,YALWA D MODEL PRIMARY HEALTH CENTRE,,,,,,,
4211,NWZ,KANO,GADO,ZANGON DAN-ABDU,,ZANGO 1 HEALTH POST,,,,,,,
4212,NWZ,KANO,GARKO,DAL,,DAL MODEL PRIMARY HEALTH CENTER,,,,,,,
4213,NWZ,KANO,GARKO,GARIN ALI,,GARIN ALI BASIC HEALTH CLINIC,,,,,,,
4214,NWZ,KANO,GARKO,GARKO,,GARKO MODEL PRIMARY HEALTH CENTRE,,,,,,,
4215,NWZ,KANO,GARKO,GURJIYA,,GURJIYA PRIMARY HEALTH CENTER,,,,,,,
4216,NWZ,KANO,GARKO,KAFIN MALAMAI,,KAFIN MALAMAI HEALTH POST,,,,,,,
4217,NWZ,KANO,GARKO,KATUMARI,,SANNI HEALTH POST,,,,,,,
4218,NWZ,KANO,GARKO,KWAAS,,BUDA HEALTH POST,,,,,,,
4219,NWZ,KANO,GARKO,RABA,,GARWAJI HEALTH POST,,,,,,,
4220,NWZ,KANO,GARKO,SARINA,,SARINA PRIMARY HEALTH CENTER,,,,,,,
4221,NWZ,KANO,GARKO,ZAKARAWA,,KAFIR CHIRI BASIC HEALTH CLINIC,,,,,,,
4222,NWZ,KANO,GARUN MALLAM,CHIROMAWA,,CHIROMAWA KWARI HEALTH POST,,,,,,,
4223,NWZ,KANO,GARUN MALLAM,DORAWA SALLAHU,,DORAWAR SALLAU HEALTH POST,,,,,,,
4224,NWZ,KANO,GARUN MALLAM,FANKURUN,,YANABA HEALTH POST,,,,,,,
4225,NWZ,KANO,GARUN MALLAM,GARUN BABBA,,GARUN BABBA PRIMARY HEALTH CENTRE,,,,,,,
4226,NWZ,KANO,GARUN MALLAM,GARUN MALLAM,,GARUN MALAN BASIC HEALTH CLINIC,,,,,,,
4227,NWZ,KANO,GARUN MALLAM,JOBAWA,,JOBAWA SABON GARI HEALTH POST,,,,,,,
4228,NWZ,KANO,GARUN MALLAM,KADAWA,,KADAWA GATE BASIC HEALTH CLINIC,,,,,,,
4229,NWZ,KANO,GARUN MALLAM,MAKWARO,,MAKWARO HEALTH POST,,,,,,,
4230,NWZ,KANO,GARUN MALLAM,YADAKWARI,,YADAKWARI BASIC HEALTH CLINIC,,,,,,,
4231,NWZ,KANO,GARUN MALLAM,YALWAN YADAKWARI,,DAKASOYE HEALTH POST,,,,,,,
4232,NWZ,KANO,GAYA,BALAN,,BALAN MODEL PRIMARY HEALTH CENTER,,,,,,,
4233,NWZ,KANO,GAYA,GAMARYA,,GAMARYA HEALTH CLINIC,,,,,,,
4234,NWZ,KANO,GAYA,GAMOJI,,GAMOJI HEALTH POST,,,,,,,
4235,NWZ,KANO,GAYA,GAYA AREWA,,DR RABIU MUSA KWANKWASO HEALTH CLINIC,,,,,,,
4236,NWZ,KANO,GAYA,GAYA KUDU,,NAFISATU HEALTH CLINIC,,,,,,,
4237,NWZ,KANO,GAYA,KADEMI,,KADEMI PRIMARY HEALTH CENTER,,,,,,,
4238,NWZ,KANO,GAYA,KAZURAWA,,YAN KAU PRIMARY HC,,,,,,,
4239,NWZ,KANO,GAYA,MAIMAKAWA,,GIDAN SARKIN NOMA MODEL PHC,,,,,,,
4240,NWZ,KANO,GAYA,SHAGOGO,,YAN AUDU HEALTH POST,,,,,,,
4241,NWZ,KANO,GAYA,WUDILAWA,,GUNGARA HEALTH POST,,,,,,,
4242,NWZ,KANO,GEZAWA,BABAWA,,BABAWA MODEL PRIMARY HEALTH CARE,,,,,,,
4243,NWZ,KANO,GEZAWA,GAWO,,GOFARO MODEL PRIMARY HEALTH CENTER,,,,,,,
4244,NWZ,KANO,GEZAWA,GEZAWA,,GEZAWA HEALTH POST,,,,,,,
4245,NWZ,KANO,GEZAWA,JOGANA,,JOGANA PRIMARY HEALTH CARE,,,,,,,
4246,NWZ,KANO,GEZAWA,KETAWA,,DANJA PRIMARY HEALTH CARE,,,,,,,
4247,NWZ,KANO,GEZAWA,MESAR TUDU,,IMAMU WALI PRIMARY HEALTH CENTER,,,,,,,
4248,NWZ,KANO,GEZAWA,SARARIN GEZAWA,,SARARIN GEAZAWA HEALTH POST,,,,,,,
4249,NWZ,KANO,GEZAWA,TSAMIIYA BABBA,,ABASAWA BASIC HEALTH CLINIC,,,,,,,
4250,NWZ,KANO,GEZAWA,TUMBAU,,TUMBAU HEALTH POST,,,,,,,
4251,NWZ,KANO,GEZAWA,WANGARA,,WANGARA BASIC HEALTH CLINIC,,,,,,,
4252,NWZ,KANO,GEZAWA,ZANGO,,TSALLE PHC,,,,,,,
4253,NWZ,KANO,GWALE,DANDAGO,,GARANGAMAWA PRIMARY HEALTH CENTRE,,,,,,,
4254,NWZ,KANO,GWALE,DISO,,DISO HP,,,,,,,
4255,NWZ,KANO,GWALE,DORAYI,,JAEN MCH PRIMARY HEALTH CENTER,,,,,,,
4256,NWZ,KANO,GWALE,GALADANCHI,,FUSKAR YAMMA HEALTH POST,,,,,,,
4257,NWZ,KANO,GWALE,GORON DUTSE,,GORON DUTSE HEALTH POST,,,,,,,
4258,NWZ,KANO,GWALE,GWALE,,GWALE MATERNAL AND CHILD HEALTH CENTER,,,,,,,
4259,NWZ,KANO,GWALE,GYARANYA,,MANGWARORI HEALTH CLINIC,,,,,,,
4260,NWZ,KANO,GWALE,KABUGA,,KABUGA PRIMARY HEALTH CENTER,,,,,,,
4261,NWZ,KANO,GWALE,MANDARI,,SABON SARA PRIMARY HEALTH CENTER,,,,,,,
4262,NWZ,KANO,GWALE,SANI MAI MAGGE,,KWAMITIN MAKOTA HEALTH POST,,,,,,,
4263,NWZ,KANO,GWARZO,GETSO,,GETSO MATERNAL AND CHILD PHC,,,,,,,
4264,NWZ,KANO,GWARZO,GWARZO,,YARKASUWA HEALTH POST,,,,,,,
4265,NWZ,KANO,GWARZO,JAMA'A,,JAMA'A BASIC HEALTH CLINIC,,,,,,,
4266,NWZ,KANO,GWARZO,KARA,,KOYA HEALTH POST,,,,,,,
4267,NWZ,KANO,GWARZO,KUTAMA,,KUTAMA MODEL PRIMARY HEALTH CENTER,,,,,,,
4268,NWZ,KANO,GWARZO,LAKWAYA,,LAKWAYA MODEL PRIMARY HEALTH CENTER,,,,,,,
4269,NWZ,KANO,GWARZO,MADADI,,MADADI BASIC HEALTH CLINIC,,,,,,,
4270,NWZ,KANO,GWARZO,MAINIKA,,MAINIKA HEALTH POST,,,,,,,
4271,NWZ,KANO,GWARZO,SABON BIRNI,,SABON BIRNI HEALTH POST,,,,,,,
4272,NWZ,KANO,GWARZO,UNGUWAR TUDU,,KWAMI MODEL PRIMARY HEALTH CARE CENTER,,,,,,,
4273,NWZ,KANO,KABO,DUGABAU,,DUGABAU HEALTH POST,,,,,,,
4274,NWZ,KANO,KABO,DURUM,,DURUN MCH CLINIC,,,,,,,
4275,NWZ,KANO,KABO,GAMMO,,GAMMO MODEL PRIMARY CARE CENTER,,,,,,,
4276,NWZ,KANO,KABO,GARO,,GARO PRIMARY HEALTH CENTER,,,,,,,
4277,NWZ,KANO,KABO,GODIYA,,GODIYA PRIMARY HEALTH CENTER,,,,,,,
4278,NWZ,KANO,KABO,GUDE,,GUDE HEALTH POST,,,,,,,
4279,NWZ,KANO,KABO,HAUNADE,,HAWADIN BANGO PRIMARY HEALTH CENTER,,,,,,,
4280,NWZ,KANO,KABO,KABO,,MALAM GAJERE,,,,,,,
4281,NWZ,KANO,KABO,KANWA,,KANWA HEALTH POST,,,,,,,
4282,NWZ,KANO,KABO,MASANAWA,,MASANAWA HEALTH POST,,,,,,,
4283,NWZ,KANO,KANO MINICIPAL COUNCIL,CHEDI,,DARMA HEALTH CLININC,,,,,,,
4284,NWZ,KANO,KANO MINICIPAL COUNCIL,DAN AGUNDI,,DAN'AGUNDI PHC,,,,,,,
4285,NWZ,KANO,KANO MINICIPAL COUNCIL,GANDUN ALBASA,,GANDU MODEL PRIMARY HEALTH CENTER,,,,,,,
4286,NWZ,KANO,KANO MINICIPAL COUNCIL,JAKARA,,JAKARA PRIMARY HEALTH CLINIC,,,,,,,
4287,NWZ,KANO,KANO MINICIPAL COUNCIL,KANKAROFI,,UNGUWAR GINI PRIMARY HEALTH CENTER,,,,,,,
4288,NWZ,KANO,KANO MINICIPAL COUNCIL,SHAHUCHI,,FUSKAR GABAS HEALTH CLINIC,,,,,,,
4289,NWZ,KANO,KANO MINICIPAL COUNCIL,SHARADA,,SHARADA PRIMARY HEALTH CENTER,,,,,,,
4290,NWZ,KANO,KANO MINICIPAL COUNCIL,SHESHE,,DATTI WUDILA HEALTH CLINIC,,,,,,,
4291,NWZ,KANO,KANO MINICIPAL COUNCIL,TUDUN NUFAWA,,ALFINDIKI HEALTH CLINIC ,,,,,,,
4292,NWZ,KANO,KANO MINICIPAL COUNCIL,TUDUN WUZURCHI,,EMIRS PALACE HEALTH CLINIC,,,,,,,
4293,NWZ,KANO,KANO MINICIPAL COUNCIL,YAKASAI,,ZUBAIRIYYA HEALTH CLINIC ,,,,,,,
4294,NWZ,KANO,KANO MINICIPAL COUNCIL,ZAITAWA,,YAN'AWAKI PRIMARY HEALTH CENTER,,,,,,,
4295,NWZ,KANO,KANO MINICIPAL COUNCIL,ZANGO,,MADATAI PHC,,,,,,,
4296,NWZ,KANO,KARAYE,DAURA,,DAURA HEALTH POST,,,,,,,
4297,NWZ,KANO,KARAYE,KAFIN DABGA,,HUSAMA HEALTH POST,,,,,,,
4298,NWZ,KANO,KARAYE,KARAYE,,KARAYE COMPREHENSIVE HEALTH CENTER,,,,,,,
4299,NWZ,KANO,KARAYE,KURUGU,,KURUGU HEALTH POST,,,,,,,
4300,NWZ,KANO,KARAYE,KWANYAWA,,KWANYAWA MODEL PRIMARY HEALTH CENTER,,,,,,,
4301,NWZ,KANO,KARAYE,TUDUN KAYA,,TUDUN KAYA HEALTH POST,,,,,,,
4302,NWZ,KANO,KARAYE,TURAWA,,TURAWA MODEL PHC,,,,,,,
4303,NWZ,KANO,KARAYE,UNGUWAR HAJJI,,TINKIS HEALTH POST,,,,,,,
4304,NWZ,KANO,KARAYE,YAMMEDI,,YAMMEDI MODEL PRIMARY HEALTH CENTER,,,,,,,
4305,NWZ,KANO,KARAYE,YOLA,,YOLA MODEL PRIMARY HEALTH CENTER,,,,,,,
4306,NWZ,KANO,KIBIYA,DURBA,,DURBA BASIC HEALTH CLINIC,,,,,,,
4307,NWZ,KANO,KIBIYA,FAMMAR,,KURE PRIMARY HEALTH CENTRE,,,,,,,
4308,NWZ,KANO,KIBIYA,FASSI,,SAYA-SAYA BASIC HEALTH CLINIC,,,,,,,
4309,NWZ,KANO,KIBIYA,KADIGAWA,,KADIGAWA HEALTH POST,,,,,,,
4310,NWZ,KANO,KIBIYA,KAHU,,KAHU HEALTH POST,,,,,,,
4311,NWZ,KANO,KIBIYA,KIBIYA I,,KIBIYA PRIMARY HEALTH CENTRE,,,,,,,
4312,NWZ,KANO,KIBIYA,KIBIYA II,,GUNDA HEALTH POST,,,,,,,
4313,NWZ,KANO,KIBIYA,NARIYA,,NARIYA HEALTH POST,,,,,,,
4314,NWZ,KANO,KIBIYA,TARAI,,TARAI PRIMARY HEALTH CENTER,,,,,,,
4315,NWZ,KANO,KIBIYA,UNG. GAI,,UNGUWAR GAI HEALTH POST,,,,,,,
4316,NWZ,KANO,KIRU,BAAWA,,BA'AWA BASIC HEALTH CLINIC,,,,,,,
4317,NWZ,KANO,KIRU,BADAFI,,BADAFI HEALTH POST,,,,,,,
4318,NWZ,KANO,KIRU,BARGONI,,BARGONI HEALTH POST,,,,,,,
4319,NWZ,KANO,KIRU,BAUDA,,BAUDA HEALTH POST,,,,,,,
4320,NWZ,KANO,KIRU,DANGORA,,DANGORA BASIC HEALTH CLINIC,,,,,,,
4321,NWZ,KANO,KIRU,DANSHOHIYA,,DAN SOSHIYA HEALTH POST,,,,,,,
4322,NWZ,KANO,KIRU,DASHI,,DASHI HEALTH POST,,,,,,,
4323,NWZ,KANO,KIRU,GALADIMA,,GALADIMAWA HEALTH POST,,,,,,,
4324,NWZ,KANO,KIRU,KIRU,,KIRU COMPREHENSIVE HEALTH CENTER,,,,,,,
4325,NWZ,KANO,KIRU,KOGO,,KOGO MODEL PRIMARY HEALTH CENTER,,,,,,,
4326,NWZ,KANO,KIRU,MARAKU,,MARAKU HEALTH POST,,,,,,,
4327,NWZ,KANO,KIRU,TSAUDAWA,,TSAUDAWA HEALTH POST,,,,,,,
4328,NWZ,KANO,KIRU,YAKO,,YAKO PRIMARY HEALTH CENTER,,,,,,,
4329,NWZ,KANO,KIRU,YALWA,,KAFIN MAIYAKI PRIMARY HEALTH CENTER,,,,,,,
4330,NWZ,KANO,KIRU,ZUWO,,ZUWO HEALTH POST,,,,,,,
4331,NWZ,KANO,KUMBOTSO,CHALAWA,,CHALAWA PRIMARY HEALTH CENTRE,,,,,,,
4332,NWZ,KANO,KUMBOTSO,CHIRANCHI,,CHIRANCI BASIC HEALTH CLINIC,,,,,,,
4333,NWZ,KANO,KUMBOTSO,DAN MALIKI,,SHEKAR BARDE PHC,,,,,,,
4334,NWZ,KANO,KUMBOTSO,DANBARE,,DANBARE HEALTH POST,,,,,,,
4335,NWZ,KANO,KUMBOTSO,GURIN GAWA,,GURINGAWA MODEL PRIMARY HEALTH CENTRE,,,,,,,
4336,NWZ,KANO,KUMBOTSO,KUMBOTSO,,RIGA FADA HEALTH POST,,,,,,,
4337,NWZ,KANO,KUMBOTSO,KURENKEN SANI,,AHMAD ADO BAYERO MODEL PRIMARY HEALTH CENTERYAN SHANA,,,,,,,
4338,NWZ,KANO,KUMBOTSO,MARIRI,,MARIRI MODEL PRIMARY HEALTH CENTER,,,,,,,
4339,NWZ,KANO,KUMBOTSO,NA'IBAWA,,NA'IBAWA GABAS HEALTH POST,,,,,,,
4340,NWZ,KANO,KUMBOTSO,PANSHEKARA,,PANSHEKARA PRIMARY HEALTH CENTER,,,,,,,
4341,NWZ,KANO,KUMBOTSO,UGN. RIMI,,UNGUWAR RIMI MODEL PHC,,,,,,,
4342,NWZ,KANO,KUNCHI,BUMAI,,UNGUWAR GYARTAI HEALTH POST,,,,,,,
4343,NWZ,KANO,KUNCHI,GARUN SHEME,,GIDAN NISAU HEALTH POST,,,,,,,
4344,NWZ,KANO,KUNCHI,GWARMAI,,GWARMAI PRIMARY HEALTH CENTER,,,,,,,
4345,NWZ,KANO,KUNCHI,KASUWAT KURA,,KASUWAR KUKA MPHC,,,,,,,
4346,NWZ,KANO,KUNCHI,KUNCHI,,KUNCHI PRIMARY HEALTH CENTER,,,,,,,
4347,NWZ,KANO,KUNCHI,MATAN FADA,,MATAN FADA PHC,,,,,,,
4348,NWZ,KANO,KUNCHI,RIDAWA,,RIDAWA HEALTH POST,,,,,,,
4349,NWZ,KANO,KUNCHI,SHAMAKAWA,,GWADAMA BASIC HEALTH CLINIC,,,,,,,
4350,NWZ,KANO,KUNCHI,SHUWAKI,,SHUWAKI MODEL PRIMARY HEALTH CENTER,,,,,,,
4351,NWZ,KANO,KUNCHI,YANDADI,,YANDADI MODEL PRIMARY HEALTH CLINIC,,,,,,,
4352,NWZ,KANO,KURA,DALILI,,HADEJIA JAMAARE,,,,,,,
4353,NWZ,KANO,KURA,DAN HASSAN,,DANHASSAN PRIMARY HEALTH CENTER,,,,,,,
4354,NWZ,KANO,KURA,DUKAWA,,DUKAWA BASIC HEALTH CLINIC,,,,,,,
4355,NWZ,KANO,KURA,GUNDU TSE,,GUNDUTSE HEALTH POST,,,,,,,
4356,NWZ,KANO,KURA,KARFI,,KARFI HEALTH POST,,,,,,,
4357,NWZ,KANO,KURA,KOSAWA,,IMAWA HEALTH POST,,,,,,,
4358,NWZ,KANO,KURA,KURA,,ALKALAWA HEALTH POST,,,,,,,
4359,NWZ,KANO,KURA,KURUNSUMALI,,SANI MARSHAL MATERNITY MEMORIAL CENTRE,,,,,,,
4360,NWZ,KANO,KURA,RIGAR DUKA,,KIRYA HEALTH POST,,,,,,,
4361,NWZ,KANO,KURA,TANAWA,,TANAWA HEALTH POST,,,,,,,
4362,NWZ,KANO,MADOBI,BURJI,,BURJI PRIMARY HEALTH CENTER,,,,,,,
4363,NWZ,KANO,MADOBI,CINKOSO,,CHINKOSO HEALTH POST,,,,,,,
4364,NWZ,KANO,MADOBI,GALINJA,,GALINJA HEALTH POST,,,,,,,
4365,NWZ,KANO,MADOBI,GORA,,GORA HEALTH POST,,,,,,,
4366,NWZ,KANO,MADOBI,KAFIN-AGUR,,KAFIN AGUR BASIC HEALTH CLINIC,,,,,,,
4367,NWZ,KANO,MADOBI,KANWA,,KANWA PHC,,,,,,,
4368,NWZ,KANO,MADOBI,KAURA-MATA,,KAURAN MATA PRIMARY HEALTH CENTER,,,,,,,
4369,NWZ,KANO,MADOBI,KUBARACHI,,KUBARACHI HEALTH POST,,,,,,,
4370,NWZ,KANO,MADOBI,KWANKWASO,,DABURAU PHC,,,,,,,
4371,NWZ,KANO,MADOBI,MADOBI,,AKILU MEMORIAL PRIMARY HEALTH CENTER,,,,,,,
4372,NWZ,KANO,MADOBI,RIKADAWA,,RIKADAWA HEALTH POST,,,,,,,
4373,NWZ,KANO,MADOBI,YAKUN,,YAKUN HEALTH POST,,,,,,,
4374,NWZ,KANO,MAKODA,BABAR RIGA,,DR WADA WAZIRI BASIC HEALTH CLINIC,,,,,,,
4375,NWZ,KANO,MAKODA,DURMA,,DURMAWA HEALTH POST,,,,,,,
4376,NWZ,KANO,MAKODA,JIBGA,,JIBGA HEALTH POST,,,,,,,
4377,NWZ,KANO,MAKODA,KADAN DANI,,KANTUDU HEALTH POST,,,,,,,
4378,NWZ,KANO,MAKODA,KOGUNA,,KOGUNA BASIC HEALTH CLINIC,,,,,,,
4379,NWZ,KANO,MAKODA,KOREN TABO,,KOREN TABO HEALTH POST,,,,,,,
4380,NWZ,KANO,MAKODA,MAITSIDAN,,MAITSIDAU BASIC HEALTH CLINIC,,,,,,,
4381,NWZ,KANO,MAKODA,MAKODA,,MAKODA MODEL PHC,,,,,,,
4382,NWZ,KANO,MAKODA,SATAME,,DAWAN KAYA HEALTH POST,,,,,,,
4383,NWZ,KANO,MAKODA,TANGAJI,,TANGAJI HEALTH POST,,,,,,,
4384,NWZ,KANO,MAKODA,WAIGARE,,WAILARE HEALTH POST,,,,,,,
4385,NWZ,KANO,MINJIBIR,AZORE,,SANBAUNA BASIC HEALTH CLINIC,,,,,,,
4386,NWZ,KANO,MINJIBIR,GANDURWAWA,,GANDURWAWA PRIMARY HEALTH CENTER,,,,,,,
4387,NWZ,KANO,MINJIBIR,KANTAMA,,GERANYA HEALTH POST,,,,,,,
4388,NWZ,KANO,MINJIBIR,KUNYA,,KUNYA PRIMARY HEALTH CENTER,,,,,,,
4389,NWZ,KANO,MINJIBIR,KURU,,KURU HEALTH POST,,,,,,,
4390,NWZ,KANO,MINJIBIR,KWARKIYA,,GASGAINU HEALTH POST,,,,,,,
4391,NWZ,KANO,MINJIBIR,MINJIBIR,,MINJIBIR HEALTH POST,,,,,,,
4392,NWZ,KANO,MINJIBIR,SARBI,,SARBI HEALTH POST,,,,,,,
4393,NWZ,KANO,MINJIBIR,TSAKIYA,,TSAKIYA HEALTH POST,,,,,,,
4394,NWZ,KANO,MINJIBIR,TSAKUWA,,KANKARAWA HEALTH POST,,,,,,,
4395,NWZ,KANO,MINJIBIR,WASAI,,WASAI HEALTH POST,,,,,,,
4396,NWZ,KANO,NASSARAWA,DAKATA,,DAWAKIN DAKATA PRIMARY HEALTH CENTER,,,,,,,
4397,NWZ,KANO,NASSARAWA,GAMA,,GAMA PRIMARY HEALTH CENTER,,,,,,,
4398,NWZ,KANO,NASSARAWA,GANUWA,,GWAGWARWA PRIMARY HEALTH CENTRE,,,,,,,
4399,NWZ,KANO,NASSARAWA,GIGINYU,,GIGINYU BASIC HEALTH CLINIC,,,,,,,
4400,NWZ,KANO,NASSARAWA,GWAGWARWA,,GIDAN RUWA BHC,,,,,,,
4401,NWZ,KANO,NASSARAWA,HOTORO NORTH,,HOTORO NORTH PRIMARY HEALTH CENTER,,,,,,,
4402,NWZ,KANO,NASSARAWA,HOTORO SOUTH,,HOTORO SOUTH HEALTH POST,,,,,,,
4403,NWZ,KANO,NASSARAWA,KAURA GOJE,,KAURA GOJE PRIMARY HEALTH CENTER,,,,,,,
4404,NWZ,KANO,NASSARAWA,KAWAJE,,SAUNA KAWAJI PRIMARY HEALTH CENTER,,,,,,,
4405,NWZ,KANO,NASSARAWA,TUDUN MURTALA,,TUDUN MURTALA HEALTH CLINIC,,,,,,,
4406,NWZ,KANO,NASSARAWA,TUDUN WADA,,SCHOOL CLINIC,,,,,,,
4407,NWZ,KANO,RANO,DAWAKI,,PHC DAWAKI,,,,,,,
4408,NWZ,KANO,RANO,LAUSU,,LAUSU HEALTH POST,,,,,,,
4409,NWZ,KANO,RANO,MADACHI,,MADACHI HEALTH POST,,,,,,,
4410,NWZ,KANO,RANO,RANO,,KURMI HEALTH CLINIC,,,,,,,
4411,NWZ,KANO,RANO,RURUM S/GARI,,MUNTURE SABON GARI HEALTH CLINIC,,,,,,,
4412,NWZ,KANO,RANO,RURUM T/GARI,,RURUM TSOHON GARI PRIMARY HEALTH CENTER,,,,,,,
4413,NWZ,KANO,RANO,SAJI,,SAJI HEALTH POST,,,,,,,
4414,NWZ,KANO,RANO,YALWA,,YALWA HEALTH POST,,,,,,,
4415,NWZ,KANO,RANO,ZINYAU,,TAITAI HEALTH CLINIC,,,,,,,
4416,NWZ,KANO,RANO,ZURGU,,TABOBI HEALTH POST,,,,,,,
4417,NWZ,KANO,ROGO,BELI,,BELI BASIC HEALTH CLINIC,,,,,,,
4418,NWZ,KANO,ROGO,FALGORE,,FALGORE MODEL PRIMARY HEALTH CENTRE,,,,,,,
4419,NWZ,KANO,ROGO,FULANTA,,FULATAN BASIC HEALTH CLINIC,,,,,,,
4420,NWZ,KANO,ROGO,JAJAYE,,JAJAYE BASIC HEALTH CLINIC,,,,,,,
4421,NWZ,KANO,ROGO,KWAN GWAN,,BARI MODEL PRIMARY HEALTH CARE,,,,,,,
4422,NWZ,KANO,ROGO,ROGO RUMA,,TSOHUWAR ROGO HEALTH POST,,,,,,,
4423,NWZ,KANO,ROGO,ROGO S/ GARI,,KAUYEN LIMAN HEALTH CLINIC ,,,,,,,
4424,NWZ,KANO,ROGO,RUWAN BAGO,,RUWAN BAGO HEALTH POST,,,,,,,
4425,NWZ,KANO,ROGO,ZAREWA,,ZAREWA BASIC HEALTH CLINIC,,,,,,,
4426,NWZ,KANO,ROGO,ZOZA,,KALEKU PRIMARY HEALTH CLINIC,,,,,,,
4427,NWZ,KANO,SHANONO,ALAJAWA,,ALAJAWA HEALTH POST,,,,,,,
4428,NWZ,KANO,SHANONO,DUTSEN BAKOSHI,,DUTSEN BAKOSHI HEALTH POST,,,,,,,
4429,NWZ,KANO,SHANONO,FARURUWA,,FARURUWA BASIC HEALTH CLINIC,,,,,,,
4430,NWZ,KANO,SHANONO,GORON DUTSE,,GORON DUTSE HEALTH POST,,,,,,,
4431,NWZ,KANO,SHANONO,KADAMU,,KADAMU MODEL PRIMARY HEALTH CENTRE,,,,,,,
4432,NWZ,KANO,SHANONO,KOKIYA,,KOKIYA HEALTH POST,,,,,,,
4433,NWZ,KANO,SHANONO,LENI,,LENI BASIC HEALTH CLINIC,,,,,,,
4434,NWZ,KANO,SHANONO,SHAKOGI,,SHAKOGI HEALTH POST,,,,,,,
4435,NWZ,KANO,SHANONO,SHANONO,,SHANONO COMPREHENSIVE HEALTH CENTER,,,,,,,
4436,NWZ,KANO,SHANONO,TSAURE,,TSAURE BASIC HEALTH CLINIC,,,,,,,
4437,NWZ,KANO,SUMAILA,GALA,,GALA PRIMARY HEALTH CLINIC,,,,,,,
4438,NWZ,KANO,SUMAILA,GANI,,GANI PRIMARY HEALTH CARE,,,,,,,
4439,NWZ,KANO,SUMAILA,GARFA,,GARFA HEALTH POST,,,,,,,
4440,NWZ,KANO,SUMAILA,GEDIYA,,GEDIYA BASIC HEALTH CLINIC,,,,,,,
4441,NWZ,KANO,SUMAILA,KANAWA,,KANAWA HEALTH POST,,,,,,,
4442,NWZ,KANO,SUMAILA,MAGAMI,,MAGAMI BASIC HEALTH CLINIC,,,,,,,
4443,NWZ,KANO,SUMAILA,MASSU,,MASSU BASIC HEALTH CLINIC,,,,,,,
4444,NWZ,KANO,SUMAILA,RIMI,,RIMI BASIC HEALTH CLINIC,,,,,,,
4445,NWZ,KANO,SUMAILA,RUMO,,RUMO HEALTH POST,,,,,,,
4446,NWZ,KANO,SUMAILA,SITTI,,SITTI BASIC HEALTH CLINIC,,,,,,,
4447,NWZ,KANO,SUMAILA,SUMAILA,,SUMAILA YAMMA BASIC HEALTH CLINIC,,,,,,,
4448,NWZ,KANO,TAKAI,BAGWARO,,BIRNIN BAKO HEALTH POST,,,,,,,
4449,NWZ,KANO,TAKAI,DURBUNDE,,DURBUNDE PRIMARY HEALTH CENTER,,,,,,,
4450,NWZ,KANO,TAKAI,FAJEWA,,FAJEWA M P H C,,,,,,,
4451,NWZ,KANO,TAKAI,FALALI,,FALALI HEALTH POST,,,,,,,
4452,NWZ,KANO,TAKAI,FARURUWA,,DAMBAZAU PRIMARY HEALTH CENTER (BELLO DANBAZAU),,,,,,,
4453,NWZ,KANO,TAKAI,KACHAKO,,KACHAKO PRIMARY HEALTH CENTER,,,,,,,
4454,NWZ,KANO,TAKAI,KARFI,,KARFI HEALTH POST,,,,,,,
4455,NWZ,KANO,TAKAI,KUKA,,KAFINSIDDA HEALTH POST,,,,,,,
4456,NWZ,KANO,TAKAI,TAKAI,,TAKAI NYSC PHC,,,,,,,
4457,NWZ,KANO,TAKAI,ZUGA,,ZUGA HEALTH POST,,,,,,,
4458,NWZ,KANO,TARAUNI,BABAN GIJI,,HAUSAWA PRIMARY HEALTH CENTER,,,,,,,
4459,NWZ,KANO,TARAUNI,DARMANAWA,,DARMANAWA HEALTH POST,,,,,,,
4460,NWZ,KANO,TARAUNI,DAURAWA,,DAURAWA HEALTH POST,,,,,,,
4461,NWZ,KANO,TARAUNI,GYAGYA-GYADI AREWA,,JAOJI PRIMARY HEALTH CENTER,,,,,,,
4462,NWZ,KANO,TARAUNI,GYYADI-GYADI KUDU,,GYADI GYADI KUDU HEALTH POST,,,,,,,
4463,NWZ,KANO,TARAUNI,HOTORO NNPC,,HOTORO DANMARKE HEALTH CLINIC,,,,,,,
4464,NWZ,KANO,TARAUNI,KAUYEN ALU,,KAUYEN ALU BASIC HEALTH CLINIC,,,,,,,
4465,NWZ,KANO,TARAUNI,TARAUNI GARDEN,,TARAUNI PRIMARY HEALTH CENTER,,,,,,,
4466,NWZ,KANO,TARAUNI,UNGUWAR GANO,,YAR'AKWA HEALTH POST,,,,,,,
4467,NWZ,KANO,TARAUNI,UNGUWAR UKU,,UNGUWA UKU PHC,,,,,,,
4468,NWZ,KANO,TOFA,DINDERE,,DINDIRE HEALTH POST,,,,,,,
4469,NWZ,KANO,TOFA,DOKA,,PHC DOKA,,,,,,,
4470,NWZ,KANO,TOFA,GAJIDA,,GAJIDA HEALTH POST,,,,,,,
4471,NWZ,KANO,TOFA,GINSAWA,,GINSAWA HEALTH POST,,,,,,,
4472,NWZ,KANO,TOFA,JANGUZA,,JANGUZA HEALTH POST,,,,,,,
4473,NWZ,KANO,TOFA,JAUBEN KUDU,,BUGAI MODEL PRIMARY HEALTH CENTER,,,,,,,
4474,NWZ,KANO,TOFA,KWAMI,,KWAMI HEALTH POST,,,,,,,
4475,NWZ,KANO,TOFA,LAMBU,,LAMBU BASIC HEALTH CLINIC,,,,,,,
4476,NWZ,KANO,TOFA,LANGEL,,LANGEL HEALTH POST,,,,,,,
4477,NWZ,KANO,TOFA,TOFA,,TOFA COMPREHENSIVE HEALTH CENTER,,,,,,,
4478,NWZ,KANO,TOFA,UNGUWAN RIMI,,UNGUWAR RIMI HEALTH POST,,,,,,,
4479,NWZ,KANO,TOFA,WANGARA,,WANGARA HEALTH POST,,,,,,,
4480,NWZ,KANO,TOFA,YALWA KARAMA,,YALWA KARAMA HEALTH POST,,,,,,,
4481,NWZ,KANO,TOFA,YANOKO,,YANOKO HEALTH POST,,,,,,,
4482,NWZ,KANO,TOFA,YARIMAWA,,YARIMAWA HEALTH POST,,,,,,,
4483,NWZ,KANO,TSANYAWA,DADDARAWA,,DADDARAWA BASIC HEALTH CLINIC,,,,,,,
4484,NWZ,KANO,TSANYAWA,DUMBULUN,,DUMBULUM BASIC HEALTH CLINIC,,,,,,,
4485,NWZ,KANO,TSANYAWA,GOZARKI,,TAFASHIYA HEALTH POST,,,,,,,
4486,NWZ,KANO,TSANYAWA,GURUN,,GURUN MODEL PRIMARY HEALTH CENTRE,,,,,,,
4487,NWZ,KANO,TSANYAWA,KABAGIWA,,HARBAU BASIC HEALTH CLINIC,,,,,,,
4488,NWZ,KANO,TSANYAWA,TATSAN,,YAR GWANDA BASIC HEALTH CLINIC,,,,,,,
4489,NWZ,KANO,TSANYAWA,TSANYAWA,,TSANYAWA COMPREHENSIVE HEALTH CENTRE,,,,,,,
4490,NWZ,KANO,TSANYAWA,YANGANAU,,YANGANAU HEALTH POST,,,,,,,
4491,NWZ,KANO,TSANYAWA,YANKAMAYE,,YANKAMAYE SABON GARI BASIC HEALTH CLINIC,,,,,,,
4492,NWZ,KANO,TSANYAWA,ZAROGI,,ZAROGI HEALTH POST,,,,,,,
4493,NWZ,KANO,TUDUN WADA,BABURI,,BABURI HEALTH POST,,,,,,,
4494,NWZ,KANO,TUDUN WADA,BURUN-BURUM,,BURUM BURUM PRIMARY HEALTH CENTER,,,,,,,
4495,NWZ,KANO,TUDUN WADA,DALAWA,,DALAWA HEALTH POST,,,,,,,
4496,NWZ,KANO,TUDUN WADA,JANDUTSE,,JANDUTSE HEALTH POST,,,,,,,
4497,NWZ,KANO,TUDUN WADA,JITA,,KURKUJAWA HEALTH POST,,,,,,,
4498,NWZ,KANO,TUDUN WADA,KAREFA,,KAREFA HEALTH POST,,,,,,,
4499,NWZ,KANO,TUDUN WADA,NATA'ALA,,NATA ALA HEALTH BASIC HEALTH CLINIC,,,,,,,
4500,NWZ,KANO,TUDUN WADA,SABON GARI,,JAMMAJE HEALTH POST,,,,,,,
4501,NWZ,KANO,TUDUN WADA,SHUWAKI,,RUGU RUGU BHC,,,,,,,
4502,NWZ,KANO,TUDUN WADA,TSOHON GARI,,TUDUN WADA TSOHON GARI HEALTH CLINIC,,,,,,,
4503,NWZ,KANO,TUDUN WADA,YARYASA,,JELI PRIMARY HEALTH CENTER,,,,,,,
4504,NWZ,KANO,UNGOGO,BACHIRAWA,,BACHIRAWA BASIC HEALTH CLINIC,,,,,,,
4505,NWZ,KANO,UNGOGO,DANISAU,,PANISAU HEALTH CLINIC,,,,,,,
4506,NWZ,KANO,UNGOGO,GAYAWA,,GAYAWA BASIC HEALTH CLINIC,,,,,,,
4507,NWZ,KANO,UNGOGO,KADAWA,,KADAWA BASIC HEALTH CLINIC,,,,,,,
4508,NWZ,KANO,UNGOGO,KARO,,BAGUJEN HEALTH POST,,,,,,,
4509,NWZ,KANO,UNGOGO,RANGARA,,SABON GARIN RANGAZA HEALTH CLINIC ,,,,,,,
4510,NWZ,KANO,UNGOGO,RIJIYAR ZAKI,,RIJIYAR ZAKI BASIC HEALTH CLINIC,,,,,,,
4511,NWZ,KANO,UNGOGO,TUDUN FULANI,,TUDUN FULANI PRIMARY HEALTH CENTRE,,,,,,,
4512,NWZ,KANO,UNGOGO,UNGOGO,,UNGOGO PRIMARY HEALTH CENTRE,,,,,,,
4513,NWZ,KANO,UNGOGO,YADAKUNYA,,INUSAWA HEALTH POST,,,,,,,
4514,NWZ,KANO,UNGOGO,ZANGO,,DANTAMASHE PRIMARY HEALTH CENTER,,,,,,,
4515,NWZ,KANO,WARAWA,AMARAWA,,AMARAWA HEALTH POST,,,,,,,
4516,NWZ,KANO,WARAWA,DANLASAN,,DANLASSAN PRIMARY HEALTH CLINIC,,,,,,,
4517,NWZ,KANO,WARAWA,GARIN DAU,,GARUN DAU HEALTH POST,,,,,,,
4518,NWZ,KANO,WARAWA,GOGEL,,GOGEL BASIC HEALTH CLINIC,,,,,,,
4519,NWZ,KANO,WARAWA,IMAWA,,IMAWA HEALTH POST,,,,,,,
4520,NWZ,KANO,WARAWA,JEMAGU,,JEMAGU HEALTH POST,,,,,,,
4521,NWZ,KANO,WARAWA,JIGAWA,,JIGAWA HEALTH POST,,,,,,,
4522,NWZ,KANO,WARAWA,JUMAR GALADIMA,,JUMAR GALADIMA HEALTH POST,,,,,,,
4523,NWZ,KANO,WARAWA,KATARKAWA,,KATARKAWA HEALTH POST,,,,,,,
4524,NWZ,KANO,WARAWA,MADARIN MATA,,GANAKAKUM HEALTH POST,,,,,,,
4525,NWZ,KANO,WARAWA,TAMBURAWAR GARAS,,TAMBURAWAN PRIMARY HEALTH CENTER,,,,,,,
4526,NWZ,KANO,WARAWA,TANGAR,,TANAGAR HEALTH POST,,,,,,,
4527,NWZ,KANO,WARAWA,WARAWA,,WARAWA PRIMARY HEALTH CENTER,,,,,,,
4528,NWZ,KANO,WARAWA,YANDALLA,,YAN DALLA HEALTH POST,,,,,,,
4529,NWZ,KANO,WARAWA,YANGIZO,,ALITINI HEALTH POST,,,,,,,
4530,NWZ,KANO,WUDIL,ACHIKA,,ACHIKA HEALTH POST,,,,,,,
4531,NWZ,KANO,WUDIL,DAGUMAWA,,DAGUMAWA HEALTH CLINIC,,,,,,,
4532,NWZ,KANO,WUDIL,DANKAZA,,MAKANWACHI HEALTH POST,,,,,,,
4533,NWZ,KANO,WUDIL,DARKI,,DARKI PRIMARY HEALTH CENTER,,,,,,,
4534,NWZ,KANO,WUDIL,INDABO,,INDABO PRIMARY HEALTH CENTER,,,,,,,
4535,NWZ,KANO,WUDIL,KAUSANI,,KAUSANI HEALTH POST,,,,,,,
4536,NWZ,KANO,WUDIL,LAJAWA,,LAJAWA PRIMARY HEALTH CENTER,,,,,,,
4537,NWZ,KANO,WUDIL,SABON GARI,,TUDUN GUNSUN,,,,,,,
4538,NWZ,KANO,WUDIL,UTAI,,UTAI PRIMARY HEALTH CENTER,,,,,,,
4539,NWZ,KANO,WUDIL,WUDIL,,WUDIL KOFAR FADA HEALTH POST,,,,,,,
4540,NWZ,KATSINA,BAKORI,BAKORI A,BAKORI A,MARABAR DANJA HEALTH CLINIC,,,,,,,
4541,NWZ,KATSINA,BAKORI,BAKORI B,BAKORI B,COMPREHENSIVE HEALTH CENTER BAKORI,,,,,,,
4542,NWZ,KATSINA,BAKORI,BARDE KWANTAKWARAN,BARDE KWANTAKWARAN,BARDE KWANTAKWARAN HEALTH CLINIC,,,,,,,
4543,NWZ,KATSINA,BAKORI,DAWAN MUSA,DAWAN MUSA,MCHC TAMARKE,,,,,,,
4544,NWZ,KATSINA,BAKORI,GUGA,0,PHC GUGA,,,,,,,
4545,NWZ,KATSINA,BAKORI,JARGABA,JARGABA,P.H.C JARGABA,,,,,,,
4546,NWZ,KATSINA,BAKORI,KABOMO,KABOMO,KABOMO HEALTH CLINIC,,,,,,,
4547,NWZ,KATSINA,BAKORI,KAKUMI,KAKUMI,PHC KAKUMI,,,,,,,
4548,NWZ,KATSINA,BAKORI,KANDARAWA,KANDARAWA,PRIMARY HEALTH CENTRE KANDARAWA,,,,,,,
4549,NWZ,KATSINA,BAKORI,KURAMI YANKWANI,KURAMI/YANKWANI,PHC YANKWANI,,,,,,,
4550,NWZ,KATSINA,BAKORI,TSIGA,TSIGA,PHC TSIGA,,,,,,,
4551,NWZ,KATSINA,BATAGARAWA,AJIWA,AJIWA,PHC AJIWA,,,,,,,
4552,NWZ,KATSINA,BATAGARAWA,BAKIYAWA,BAKIYAWA,MCHC BAKIYAWA,,,,,,,
4553,NWZ,KATSINA,BATAGARAWA,BARAWA,BARAWA,BARAWA MCHC,,,,,,,
4554,NWZ,KATSINA,BATAGARAWA,BATAGARAWA A,0,COMPREHENSIVE HEALTH CENTRE BATAGARAWA,,,,,,,
4555,NWZ,KATSINA,BATAGARAWA,BATAGARAWA B,DABAIBAYAWA,MCHC DABAIBAYAWA,,,,,,,
4556,NWZ,KATSINA,BATAGARAWA,DANDAGORO,DANDAGORO,MCHC DANDAGORO,,,,,,,
4557,NWZ,KATSINA,BATAGARAWA,JINO,JINO,JINO MCHC,,,,,,,
4558,NWZ,KATSINA,BATAGARAWA,KAYAUKI,KAYAUKI,KAYAUKI MCHC,,,,,,,
4559,NWZ,KATSINA,BATAGARAWA,TSANI,TSANNI,TSANNI,,,,,,,
4560,NWZ,KATSINA,BATAGARAWA,YARGAMJI,YARFAMJI,MCHC YARGAMJI,,,,,,,
4561,NWZ,KATSINA,BATSARI,ABADAU/KAGARA,ABADAU,MCHC TSABAWA,,,,,,,
4562,NWZ,KATSINA,BATSARI,BATSARI,BATSARI,FAMILY SUPPORT CLINIC,,,,,,,
4563,NWZ,KATSINA,BATSARI,DAN ALHAJI/YANGAYYA,DAN ALHAJI YANGAYYA,PHC YANDAKA,,,,,,,
4564,NWZ,KATSINA,BATSARI,DANRINI/MAGAJIABU,DARINI,MCHC KAREWA,,,,,,,
4565,NWZ,KATSINA,BATSARI,KANDAWA,KANDAWA,MCHC DANKAR,,,,,,,
4566,NWZ,KATSINA,BATSARI,KARARE,KARARE,PHC KARARE,,,,,,,
4567,NWZ,KATSINA,BATSARI,MADOGARA,MADOGARA,MCHC NAHUTA,,,,,,,
4568,NWZ,KATSINA,BATSARI,MANAWA,MANAWA,DUBA HEALTH FACILITY,,,,,,,
4569,NWZ,KATSINA,BATSARI,RUMAH,RUMAH,PHC RUMAH,,,,,,,
4570,NWZ,KATSINA,BATSARI,WAGINI,WAGINI,C.H.C WAGINI,,,,,,,
4571,NWZ,KATSINA,BATSARI,YAUYAU/MALLAMAWA,MALLAMAWA,PHC MALLAMAWA,,,,,,,
4572,NWZ,KATSINA,BAURE,BABBAN MUTUM,0,CHC BABBAN MUTUM,,,,,,,
4573,NWZ,KATSINA,BAURE,BAURE,BAURE,HC DADIN SARKI,,,,,,,
4574,NWZ,KATSINA,BAURE,DANKUM/MAGALA,DANKUM,HC MAIMAKWAMI,,,,,,,
4575,NWZ,KATSINA,BAURE,GARKI,GARKI,MDGS GARKI,,,,,,,
4576,NWZ,KATSINA,BAURE,HUI,HUI,PHC HUI,,,,,,,
4577,NWZ,KATSINA,BAURE,KAGARA/FASKI,FASKI,HC MAIKILIYYA,,,,,,,
4578,NWZ,KATSINA,BAURE,MAIBARA,MAIBARA,PHC MAIBARA,,,,,,,
4579,NWZ,KATSINA,BAURE,MUDURI,MUDURI,HC MUDURI,,,,,,,
4580,NWZ,KATSINA,BAURE,TARAMNAWA,TARAMNAWA,MPHC UNGUWAR ISAH,,,,,,,
4581,NWZ,KATSINA,BAURE,UNGUWAR RAI,UNGUWAR RAI,PHC UNGUWAR RAI,,,,,,,
4582,NWZ,KATSINA,BAURE,YANDUNA,YANDUNA,YANDUNA PHC,,,,,,,
4583,NWZ,KATSINA,BAURE,YANMAULU,YANMAULU,PHC YANMAULU,,,,,,,
4584,NWZ,KATSINA,BINDAWA,BAURE,BAURE,MPHC BAURE,,,,,,,
4585,NWZ,KATSINA,BINDAWA,BINDAWA,BINDAWA,CHC BINDAWA,,,,,,,
4586,NWZ,KATSINA,BINDAWA,DORO,DORO,DORO PRIMARY HEALTH CENTRE,,,,,,,
4587,NWZ,KATSINA,BINDAWA,FARU/DALLAJE,DALLAJE,MPHC DALLAJE,,,,,,,
4588,NWZ,KATSINA,BINDAWA,GAIWA,GAIWA,MCHC MAKERA,,,,,,,
4589,NWZ,KATSINA,BINDAWA,GIREMAWA,GIREMAWA,MCHC GIREMAWA,,,,,,,
4590,NWZ,KATSINA,BINDAWA,JIBAWA R. BARDE,JIBAWA,MCHC SHAISKAWA,,,,,,,
4591,NWZ,KATSINA,BINDAWA,KAMRI,KAMRI,MCHC KAMRI,,,,,,,
4592,NWZ,KATSINA,BINDAWA,SHIDAWA,SHIBDAWA,MPHC SHIBDAWA,,,,,,,
4593,NWZ,KATSINA,BINDAWA,TAMA/DAYE,TAMA /DAYE,MPHC TAMA,,,,,,,
4594,NWZ,KATSINA,BINDAWA,YANGORO,YANGORA,MPHC YANGORA,,,,,,,
4595,NWZ,KATSINA,CHARANCHI,BANYE,BANYE,MPHC BANYE,,,,,,,
4596,NWZ,KATSINA,CHARANCHI,CHARANCHI,CHARANCHI,CHC CHARANCHI,,,,,,,
4597,NWZ,KATSINA,CHARANCHI,DOKA,DOKA,MCHC DOKA,,,,,,,
4598,NWZ,KATSINA,CHARANCHI,GANUWA,GANUWA,MCHC GANUWA,,,,,,,
4599,NWZ,KATSINA,CHARANCHI,KODA,KODA,PHC KODA,,,,,,,
4600,NWZ,KATSINA,CHARANCHI,MAJEN-WAYA,MAJEN WAYYA,YAR MUDI HC,,,,,,,
4601,NWZ,KATSINA,CHARANCHI,RADDA,RADDA,PHC RADDA,,,,,,,
4602,NWZ,KATSINA,CHARANCHI,SAFANA,SAFANA,KUKI HC,,,,,,,
4603,NWZ,KATSINA,CHARANCHI,TSAKATSA,TSAKATSA,AREA HEALTH CLINIC,,,,,,,
4604,NWZ,KATSINA,DANDUME,"DANDUME ""B""","DANDUME ""B""",JIRUWA HC,,,,,,,
4605,NWZ,KATSINA,DANDUME,DANDUME A,DANDUME A,COMPREHENSIVE HEALTH CENTRE DANDUME,,,,,,,
4606,NWZ,KATSINA,DANDUME,DANTANKARI,DANTANKARI,PHC DANTANKARI,,,,,,,
4607,NWZ,KATSINA,DANDUME,MAGAJI WANDO A,MAGAJI WANDO,PHC NAGAJI WANDO,,,,,,,
4608,NWZ,KATSINA,DANDUME,MAGAJI WANDO B,DANSODA,DANSODA H/C,,,,,,,
4609,NWZ,KATSINA,DANDUME,MAHUTA A,MAHUTA A,PHC MAHUT,,,,,,,
4610,NWZ,KATSINA,DANDUME,MAHUTA B,MAHUTA B,GWAIGWAYEN ZAGAMAWA,,,,,,,
4611,NWZ,KATSINA,DANDUME,MAHUTA C,MAHUTA C,MDGS MAHUTA_ASIBITIN GABAS,,,,,,,
4612,NWZ,KATSINA,DANDUME,NASARAWA,MAIKWAMA,MAIKWAMA H/C,,,,,,,
4613,NWZ,KATSINA,DANDUME,TUM BURKAI A,TUMBURKAI A,PHC TUMBURKAI,,,,,,,
4614,NWZ,KATSINA,DANDUME,TUM BURKAI B,TUMBURKAI B,MCHC LAYIN KADANYA,,,,,,,
4615,NWZ,KATSINA,DANJA,DABAI,DABAI,DABAI PHC,,,,,,,
4616,NWZ,KATSINA,DANJA,DANJA A,DANJA A,FSC DANJA,,,,,,,
4617,NWZ,KATSINA,DANJA,DANJA B,DANJA B,COMPREHENSIVE HEALTH CENTER,,,,,,,
4618,NWZ,KATSINA,DANJA,JIBA,JIBA,PHC JIBA,,,,,,,
4619,NWZ,KATSINA,DANJA,KAHUTU A,KAHUTU A,MPHC KAHUTU,,,,,,,
4620,NWZ,KATSINA,DANJA,KAHUTU B,KAHUTU B,MCHC CHEDIYA,,,,,,,
4621,NWZ,KATSINA,DANJA,TANDAMA,TANDAMA,PHC TANDAMA,,,,,,,
4622,NWZ,KATSINA,DANJA,TSANGWAMAWA,TSANGWAMAWA,MDG TSANGAMAWA/BAKINRAFI,,,,,,,
4623,NWZ,KATSINA,DANJA,YAKAJI A,YAKAJI A,MCHC KOKAMI,,,,,,,
4624,NWZ,KATSINA,DANJA,YAKAJI B,YAKAJI B,PHC NAHUCE,,,,,,,
4625,NWZ,KATSINA,DANMUSA,DAN ALI,DAN-ALI,PHC DAN-ALI,,,,,,,
4626,NWZ,KATSINA,DANMUSA,DANAKLIMA,MARA B,PHC DAN ALKIMA,,,,,,,
4627,NWZ,KATSINA,DANMUSA,DANDIRE A,DANDIRE A,MPHC DANDIRE,,,,,,,
4628,NWZ,KATSINA,DANMUSA,DANDIRE B,DANDIRE B,PHC UNGUWAR MALAMAI,,,,,,,
4629,NWZ,KATSINA,DANMUSA,DANMUSA A,DANMUSA A,PHC DANMUSA,,,,,,,
4630,NWZ,KATSINA,DANMUSA,DANMUSA B,DANMUSA B,HC MAI RABON TUWO,,,,,,,
4631,NWZ,KATSINA,DANMUSA,MAIDABINO A,MAIDABINO A,PRIMARY HEALTH CENTRE MAIDABINO,,,,,,,
4632,NWZ,KATSINA,DANMUSA,MAIDABINO B,MAIDABINO B,PHC GOBIRAWA,,,,,,,
4633,NWZ,KATSINA,DANMUSA,MARA,MARA'A,MPHC MARA ZAMFARAWA,,,,,,,
4634,NWZ,KATSINA,DANMUSA,YANTUMAKI A,YANTUMAKI A,HC YASHI,,,,,,,
4635,NWZ,KATSINA,DANMUSA,YANTUMAKI B,YANTUMAKI,CHC YANTUMAKI,,,,,,,
4636,NWZ,KATSINA,DAURA,KUSUGU,KUSUGU,CHC DAURA,,,,,,,
4637,NWZ,KATSINA,DAURA,MADOBI A,MADOBI A,MCH SHARAWA,,,,,,,
4638,NWZ,KATSINA,DAURA,MADOBI B,MADOBI B,MPHC SUDUJE,,,,,,,
4639,NWZ,KATSINA,DAURA,MAZOJI A,MAZOJI A,PHC MAZOJI,,,,,,,
4640,NWZ,KATSINA,DAURA,MAZOJI B,MAZOJI B,DAN NAKOLA MCHC,,,,,,,
4641,NWZ,KATSINA,DAURA,SABON GARI,SABON GARI,SABON GARI PHC,,,,,,,
4642,NWZ,KATSINA,DAURA,SARKIN YARA A,SARKIN YARA A,URBAN HEALTH CLINIC,,,,,,,
4643,NWZ,KATSINA,DAURA,SARKIN YARA B,SARKIN YARA B,MCH HIDATU,,,,,,,
4644,NWZ,KATSINA,DAURA,TUDUN WADA,TUDUN WADA,DUNUN YAMMA H/C,,,,,,,
4645,NWZ,KATSINA,DAURA,UBAN DAWAKI A,UBAN DAWAKI A,MCH BARJI,,,,,,,
4646,NWZ,KATSINA,DAURA,UBANDAWAKI B,UBAN DAWAKI (B),FAMILY SUPPORT CLINIC,,,,,,,
4647,NWZ,KATSINA,DUTSI,DAN'AUNAI,DANI'AUNAI,MCHC DAN'AUNAI,,,,,,,
4648,NWZ,KATSINA,DUTSI,DUTSI A,DUTSI A,MCHC DUTSI,,,,,,,
4649,NWZ,KATSINA,DUTSI,DUTSI B,DUTSI B,CHC DUTSI,,,,,,,
4650,NWZ,KATSINA,DUTSI,KAYAWA,KAYAWA,MCHC GIGINYA,,,,,,,
4651,NWZ,KATSINA,DUTSI,RUWAN KAYA A,R/KAYA A,MDG MINAWA,,,,,,,
4652,NWZ,KATSINA,DUTSI,RUWAN KAYA B,R/KAYA B,MCHC MADAWA,,,,,,,
4653,NWZ,KATSINA,DUTSI,SIRIKA A,SIRIKA A,MCHC JARKASA,,,,,,,
4654,NWZ,KATSINA,DUTSI,SIRIKA B,SIRIKA B,MPHC SHARGALLE,,,,,,,
4655,NWZ,KATSINA,DUTSI,YAMEL A,YAMEL A,MCHC YAMEL,,,,,,,
4656,NWZ,KATSINA,DUTSI,YAMEL B,YAMEL B,MCHC TASHAR WALI,,,,,,,
4657,NWZ,KATSINA,DUTSIN MA,BAGGAGADI,BAGAGADI,DAGE LAWAL MPHC,,,,,,,
4658,NWZ,KATSINA,DUTSIN MA,DABAWA,DABAWA,DABAWA H/C,,,,,,,
4659,NWZ,KATSINA,DUTSIN MA,DUTSINMA-A,DUTSINMA A,DUTSINMA CHC_ASIBITIN KABOBI,,,,,,,
4660,NWZ,KATSINA,DUTSIN MA,DUTSINMA-B,DUTSINMA-B,DUTSINMA PHC,,,,,,,
4661,NWZ,KATSINA,DUTSIN MA,KAROFI A,KAROFI A,KAROFI PHC,,,,,,,
4662,NWZ,KATSINA,DUTSIN MA,KAROFI-B,KAROFI B,KAROFI B_TAURA H/C,,,,,,,
4663,NWZ,KATSINA,DUTSIN MA,KUTAWA,KUTAWA,GARHI MCHC,,,,,,,
4664,NWZ,KATSINA,DUTSIN MA,MAKERA,MAKERA,MAKERA,,,,,,,
4665,NWZ,KATSINA,DUTSIN-MA,SHEMA,SHEMA,SHEMA PHC,,,,,,,
4666,NWZ,KATSINA,FASKARI,DAUDAWA,DAUDAWA,DAUDAWA MPHC,,,,,,,
4667,NWZ,KATSINA,FASKARI,FASKARI,FASKARI,COMPREHENSIVE HELTH CENTER,,,,,,,
4668,NWZ,KATSINA,FASKARI,MAIGORA,MAIGORA,MAIGORA MPHC,,,,,,,
4669,NWZ,KATSINA,FASKARI,MAIRUWA,MAIRUWA PHC,MAIRUWA PHC,,,,,,,
4670,NWZ,KATSINA,FASKARI,RUWAN GODIYA,RUWAN GODIYA,PHC RUWAN GODIYA,,,,,,,
4671,NWZ,KATSINA,FASKARI,SABON LAYI G.,SABON LAYI,MAKERA HEALTH CLINIC,,,,,,,
4672,NWZ,KATSINA,FASKARI,SHEME,SHEME WARD,SHEME MPHC,,,,,,,
4673,NWZ,KATSINA,FASKARI,TAFOKI,TAFOKI,TAFOKI MPHC,,,,,,,
4674,NWZ,KATSINA,FASKARI,YANKARA,YANKARA,YANKARA PHC,,,,,,,
4675,NWZ,KATSINA,FASKARI,YAR MALAMI,YAR MALAMAI,DAN AJI HEALTH CLINIC,,,,,,,
4676,NWZ,KATSINA,FUNTUA,DANDUTSE,DANDUTSE,DANDUTSE H.C.,,,,,,,
4677,NWZ,KATSINA,FUNTUA,DUKKE,DUKKE,PHC DUKKE,,,,,,,
4678,NWZ,KATSINA,FUNTUA,GOYA,0, PHC GOYA,,,,,,,
4679,NWZ,KATSINA,FUNTUA,MAIGAMJI,MAIGAMJI,MCH MAIGAMJI,,,,,,,
4680,NWZ,KATSINA,FUNTUA,MAKERA,MAKERA,C.H.C. FUNTUA,,,,,,,
4681,NWZ,KATSINA,FUNTUA,MASKA,MASKA,C.C.H.C. MASKA,,,,,,,
4682,NWZ,KATSINA,FUNTUA,SABON GARI,SABON GARI,PHC TUDUN WADA,,,,,,,
4683,NWZ,KATSINA,FUNTUA,TUDUN IYA,TUDUN IYA,P.H.C. TUDUN IYA,,,,,,,
4684,NWZ,KATSINA,FUNTUA,UNG. IBRAHIM,0,UNGUWAR IBRAHIM HEALTH CLINIC,,,,,,,
4685,NWZ,KATSINA,FUNTUA,UNGUWAR MUSA,UNGUWAR MUSA,UNGUWAR MUSA H.C.,,,,,,,
4686,NWZ,KATSINA,FUNTUA,UNGUWAR RABIU,NASARAWA WARD,INFANT WELFARE CLINIC,,,,,,,
4687,NWZ,KATSINA,INGAWA,AGAYAWA,AGAYAWA,AGAYAWA PHC,,,,,,,
4688,NWZ,KATSINA,INGAWA,BARERUWA/KAFI,BARERUWA,RURUMA PHC,,,,,,,
4689,NWZ,KATSINA,INGAWA,DARA,DARA,PHC DARA,,,,,,,
4690,NWZ,KATSINA,INGAWA,DAUNAKA/BAKIN-KWARI,DAUNAKA/BAKIN-KWARI,PHC DAUNAKA,,,,,,,
4691,NWZ,KATSINA,INGAWA,DUGUL,DUGUL,TSAMCINI PHC,,,,,,,
4692,NWZ,KATSINA,INGAWA,INGAWA,INGAWA,INGAWA FAMILY SUPPORT,,,,,,,
4693,NWZ,KATSINA,INGAWA,JOBE/KANDAWA,KANDAWA,MCHC GANJUWA,,,,,,,
4694,NWZ,KATSINA,INGAWA,KURFEJI/YANKURA,KURFEJI/YANKAURA,KURFEJI PHC,,,,,,,
4695,NWZ,KATSINA,INGAWA,MANOMAWA/KAFI,MANOMAWA/KAFI,MANOMAWA PHC,,,,,,,
4696,NWZ,KATSINA,INGAWA,YANDOMA,YANDOMA,CHC YANDOMA,,,,,,,
4697,NWZ,KATSINA,INGAWA,YAYA/BIDORE,YAYA/BIDORE,MCHC YAYA,,,,,,,
4698,NWZ,KATSINA,JIBIA,BUGAJE,BUGAJE,MPHC BUGAJE,,,,,,,
4699,NWZ,KATSINA,JIBIA,FAFARU,FARFARU,MAZANYA TA ABU H/CLINIC,,,,,,,
4700,NWZ,KATSINA,JIBIA,FARU,FARU,PHC GURBIN MAGARYA,,,,,,,
4701,NWZ,KATSINA,JIBIA,GANGARA,GANGARA,PHC GANGARA,,,,,,,
4702,NWZ,KATSINA,JIBIA,GURBIN BAURE/MALLAMAWA,GURBI,MPHC GURBIN BAURE,,,,,,,
4703,NWZ,KATSINA,JIBIA,JIBIA A,JIBIA A,TUDUN WADA HEALTH CLINIC,,,,,,,
4704,NWZ,KATSINA,JIBIA,JIBIA B,JIBIA B,JIBIA BABBA HEALTH CLINIC,,,,,,,
4705,NWZ,KATSINA,JIBIA,KUSA,KUSA,PHC KUSA,,,,,,,
4706,NWZ,KATSINA,JIBIA,MAZANYA/MAGAMA,MAZANYA,CHC MAGAMA,,,,,,,
4707,NWZ,KATSINA,JIBIA,RIKO,RIKO,PHC RIKO,,,,,,,
4708,NWZ,KATSINA,JIBIA,YANGAIYA,YANGAYYA,JARKUKA HEALTH CLINIC,,,,,,,
4709,NWZ,KATSINA,KAFUR,DANTUTTURE,DANTUTTURE,MCHC DANTUTTURE,,,,,,,
4710,NWZ,KATSINA,KAFUR,DUTSEN-KURA/KANYA,DUTSENKURA,RATAYA PRIMARY HEALTH CENTRE,,,,,,,
4711,NWZ,KATSINA,KAFUR,GAMZAGO,GAMZAGO,MCHC GAMZAGO,,,,,,,
4712,NWZ,KATSINA,KAFUR,GOZAKI,GOZAKI,PHC GOZAKI,,,,,,,
4713,NWZ,KATSINA,KAFUR,KAFUR,KAFUR,KAFUR COMPREHENSIVE HEALTH CENTRE,,,,,,,
4714,NWZ,KATSINA,KAFUR,MAHUTA,MAHUTA,NASARAWA H/C,,,,,,,
4715,NWZ,KATSINA,KAFUR,MASARI,MASARI,MASARI MATERNAL AND CHILD HEALTH CENTRE,,,,,,,
4716,NWZ,KATSINA,KAFUR,RIGOJI/YARTALATA,RUGOJI,MCHC DUTSEN YANKI,,,,,,,
4717,NWZ,KATSINA,KAFUR,SABUWA KASA,SABOWAR KASA,MCHC SABOWAU KASA,,,,,,,
4718,NWZ,KATSINA,KAFUR,YARI BORI,KURINGAFA,MCHC YARIBORI,,,,,,,
4719,NWZ,KATSINA,KAITA,ABDALLAWA,ABDALLAWA,MCH ABDALLAWA,,,,,,,
4720,NWZ,KATSINA,KAITA,BA'AWA,BA'AWA,MDGS DANKUNAMA,,,,,,,
4721,NWZ,KATSINA,KAITA,DANKABA,DANKABA,MDG DANKABA,,,,,,,
4722,NWZ,KATSINA,KAITA,DANKAMA,DANKAMA,PRIMARY HEALTH CENTRE DANKAMA,,,,,,,
4723,NWZ,KATSINA,KAITA,GAFIYA,GAFIYA,GAFIYA HC,,,,,,,
4724,NWZ,KATSINA,KAITA,GIRKA,GIRKA,MDGS GIRKA,,,,,,,
4725,NWZ,KATSINA,KAITA,KAITA,KAITA,CHC KAITA,,,,,,,
4726,NWZ,KATSINA,KAITA,MATSAI,MATSAI,MCHC MATSAI,,,,,,,
4727,NWZ,KATSINA,KAITA,YANDAKI,YANDAKI,MDG DUTSIN SAFE,,,,,,,
4728,NWZ,KATSINA,KAITA,YANHOHO,YANHOHO,MATERNAL AND CHILD HEALTH CLINIC KAFIN MASHI,,,,,,,
4729,NWZ,KATSINA,KANKARA,BURDUGAU,BURDUGAU,PHC BURDUGAU,,,,,,,
4730,NWZ,KATSINA,KANKARA,DAN MAIDAKI,YARGOJE,MDG'S YARGOJE,,,,,,,
4731,NWZ,KATSINA,KANKARA,DANMURABU,DANMURABU WARD,PHC DANMURABU_,,,,,,,
4732,NWZ,KATSINA,KANKARA,GARAGI,YARTSAMIYA,PRIMARY HEALTH CENTER YARTSAMIYA,,,,,,,
4733,NWZ,KATSINA,KANKARA,GATAKA/MABAI,MABAI WARD,PHC MABAI,,,,,,,
4734,NWZ,KATSINA,KANKARA,HURYA,KETARE,KETARE C.H.C,,,,,,,
4735,NWZ,KATSINA,KANKARA,KANKARA A&B,KANKARA,PHC KANKARA,,,,,,,
4736,NWZ,KATSINA,KANKARA,KUKASHEKA,KUKASHEKA,PHC KUKASHEKA,,,,,,,
4737,NWZ,KATSINA,KANKARA,PAUWA A&B,GURBI,GURBI_PAUWA,,,,,,,
4738,NWZ,KATSINA,KANKARA,WAWARKAZA,GUNDAWA,PHC GUNDAWA,,,,,,,
4739,NWZ,KATSINA,KANKARA,ZANGO/ZABARO,ZANGO,PHC ZANGO,,,,,,,
4740,NWZ,KATSINA,KANKIA,FAKUWA,FAKUWA/KAFIN DANGI,PHC FAKUWA,,,,,,,
4741,NWZ,KATSINA,KANKIA,GACHI,GACHI,PHC DANDORO,,,,,,,
4742,NWZ,KATSINA,KANKIA,GALADIMA A,GALADIMA A,PHC KANKIA,,,,,,,
4743,NWZ,KATSINA,KANKIA,GALADIMA B,GALADIMA B,KAWARI PHC,,,,,,,
4744,NWZ,KATSINA,KANKIA,KAFIN-SOLI,KAFIN SOLI,KAFIN -SOLI PHC,,,,,,,
4745,NWZ,KATSINA,KANKIA,KUNDURU/GYAZA,KUNDURU/GYAZA,PHC GYAZA,,,,,,,
4746,NWZ,KATSINA,KANKIA,MAGAM/TSA,TSA/MAGAM,PHC TSA,,,,,,,
4747,NWZ,KATSINA,KANKIA,RIMAYE,RIMAYE,CHC RIMAYE,,,,,,,
4748,NWZ,KATSINA,KANKIA,SUKUNTUNI,SUKUNTUNI,MCHC SUKUNTUNI,,,,,,,
4749,NWZ,KATSINA,KANKIA,TAFASHIYA/NASARAWA,TAFASHIYA/NASARAWA,PHC TAFASHIYA,,,,,,,
4750,NWZ,KATSINA,KATSINA,SHINKAFI A,SHINKAFI A,SHINKAFI PHC,,,,,,,
4751,NWZ,KATSINA,KATSINA,SHINKAFI B,SHINKAFI II,MCHC KWADO,,,,,,,
4752,NWZ,KATSINA,KATSINA,WAKILIN AREWA B,AREWA II,MCHC DUSTIN SAFE,,,,,,,
4753,NWZ,KATSINA,KATSINA,WAKILIN GABAS II,GABAS 2,MCHC KOFAR MARUSA,,,,,,,
4754,NWZ,KATSINA,KATSINA,WAKILIN GABAS III,GABAS III,MCHC KUKAR GESA,,,,,,,
4755,NWZ,KATSINA,KATSINA,WAKILIN KUDU I,KUDU I,MCHC R/DADI,,,,,,,
4756,NWZ,KATSINA,KATSINA,WAKILIN KUDU II,0,MATERNAL AND CHILD HEALTH CENTER KOFAR KAURA,,,,,,,
4757,NWZ,KATSINA,KATSINA,WAKILIN KUDU III,WAKILIN KUDU III,MCHC ABBATUA,,,,,,,
4758,NWZ,KATSINA,KATSINA,WAKILIN YAMMA I,YAMMA I,MCHC TUDUN YANLIHIDDA,,,,,,,
4759,NWZ,KATSINA,KATSINA,WAKILIN YAMMA II,YAMMA II,MCHC KOFAR GUGA,,,,,,,
4760,NWZ,KATSINA,KATSINA,WALIKIN AREWA A,AREWA I,KANGIWA HEALTH CLINIC,,,,,,,
4761,NWZ,KATSINA,KURFI,BARKIYA,BARKIYA,MPHC BARKIYA,,,,,,,
4762,NWZ,KATSINA,KURFI,BIRCHI,BIRCHI WARD,BIRCHI MPHC,,,,,,,
4763,NWZ,KATSINA,KURFI,KURFI A,KURFI A,COMPREHENSIVE HELTH CENTER KURFI,,,,,,,
4764,NWZ,KATSINA,KURFI,KURFI B,KURFI B,TAMAWA MPHC,,,,,,,
4765,NWZ,KATSINA,KURFI,RAWAYAU A,RAWAYAU A,MPHC RAWAYAU,,,,,,,
4766,NWZ,KATSINA,KURFI,RAWAYAU B,RAWAYAU B,YAR'UNGUWA,,,,,,,
4767,NWZ,KATSINA,KURFI,TSAURI A,TSAURI A,MPHC TSAURI,,,,,,,
4768,NWZ,KATSINA,KURFI,TSAURI B,TSAURI B,GWANZO HEALTH CLINIC,,,,,,,
4769,NWZ,KATSINA,KURFI,WURMA A,WURMA A,MPHC WURMA,,,,,,,
4770,NWZ,KATSINA,KURFI,WURMA B,WURMA B,KAWARE MODEL PRIMARY HEALTH CENTER,,,,,,,
4771,NWZ,KATSINA,KUSADA,BAURANYA A,BAURANYA,MCHC BAURANYA,,,,,,,
4772,NWZ,KATSINA,KUSADA,BAURANYA B,KAFARDA,KAFARDA MCHC,,,,,,,
4773,NWZ,KATSINA,KUSADA,BOKO,BOKO,SABON GARI MCHC,,,,,,,
4774,NWZ,KATSINA,KUSADA,DUDUNI,DUDUNNI,MPHC DUDUNNI,,,,,,,
4775,NWZ,KATSINA,KUSADA,KAIKAI,KAIKAI,MDG RUNJI,,,,,,,
4776,NWZ,KATSINA,KUSADA,KOFA,KOFA,MCHC KOFA,,,,,,,
4777,NWZ,KATSINA,KUSADA,KUSADA,KUSADA,CHC KUSADA,,,,,,,
4778,NWZ,KATSINA,KUSADA,MAWASHI,MAWASHI,MCHC MAWASHI,,,,,,,
4779,NWZ,KATSINA,KUSADA,YASHE A,YASHE A,PHC YASHE,,,,,,,
4780,NWZ,KATSINA,KUSADA,YASHE B,YASHE B,MCHC G/M DAYA,,,,,,,
4781,NWZ,KATSINA,MAIADUA,BUMBUM A,BUMBUM A,MCH SHEKIYAL,,,,,,,
4782,NWZ,KATSINA,MAIADUA,KOZA,KOZA,MPHC KOZA,,,,,,,
4783,NWZ,KATSINA,MAIADUA,MAIADUA A,MAIADUA A,CHC MAIADUA,,,,,,,
4784,NWZ,KATSINA,MAIADUA,MAIADUA B,MAIADUA B,MCH KONGOLAM,,,,,,,
4785,NWZ,KATSINA,MAIADUA,MAIADUA C,MAI'ADUA C,GALADIMAWA HC,,,,,,,
4786,NWZ,KATSINA,MAIADUA,MAIKON A,MAIKONI A,MAIKONI PRIMARY HEALTH CLINIC,,,,,,,
4787,NWZ,KATSINA,MAIADUA,MAIKON B,MAIKONI B,MAIGARI H/C,,,,,,,
4788,NWZ,KATSINA,MAIADUA,NATSALLE,NATSALLE,MCH YANDI,,,,,,,
4789,NWZ,KATSINA,MALUMFASHI,BORIN DAWA,BORIN DAWA,ZANGON BORIN DAWA HEALTH CLINIC,,,,,,,
4790,NWZ,KATSINA,MALUMFASHI,DANSARAI,0,PHC DANSARAI,,,,,,,
4791,NWZ,KATSINA,MALUMFASHI,DAYI,0,PHC DAYI,,,,,,,
4792,NWZ,KATSINA,MALUMFASHI,GORAR DANSAKA,GORAR DANSAKA,PHC GORA DANSAKA,,,,,,,
4793,NWZ,KATSINA,MALUMFASHI,KARFI,0,PHC KARFI,,,,,,,
4794,NWZ,KATSINA,MALUMFASHI,MAKAURACHI,MAKAURACHI,MCH BADAWA,,,,,,,
4795,NWZ,KATSINA,MALUMFASHI,MALUMFASHI A,MLF A,CHC MALUMFASHI,,,,,,,
4796,NWZ,KATSINA,MALUMFASHI,MALUMFASHI B,MLF B,TURA H/C,,,,,,,
4797,NWZ,KATSINA,MALUMFASHI,NA ALMA,0,PHC NAALMA,,,,,,,
4798,NWZ,KATSINA,MALUMFASHI,RUWAN SANYI,RUWAN SANYI,P.H.C RUWAN SANYI,,,,,,,
4799,NWZ,KATSINA,MALUMFASHI,YABA,YABA,PHC YABA,,,,,,,
4800,NWZ,KATSINA,MALUMFASHI,YAMMAMA,YAMMAMA,PHC GORA YAMMAMA,,,,,,,
4801,NWZ,KATSINA,MANI,BAGIWA,BAGIWA,MCH BAGIWA,,,,,,,
4802,NWZ,KATSINA,MANI,BUJAWA/GEWAYAU,BUJAWA,MCH RANDAWA,,,,,,,
4803,NWZ,KATSINA,MANI,DUWAN/MAKAU,MAKAU,PHC DUWAN,,,,,,,
4804,NWZ,KATSINA,MANI,HAMCHETA,HAMCHETA,MCH ALIYABA,,,,,,,
4805,NWZ,KATSINA,MANI,JANI,JANI,COMPREHENSIVE HEALTH CENTER JANI,,,,,,,
4806,NWZ,KATSINA,MANI,KWATTA,KWATTA,MCH KWATTA,,,,,,,
4807,NWZ,KATSINA,MANI,MACHIKA,MACHIKA,MCH MACHIKA,,,,,,,
4808,NWZ,KATSINA,MANI,MAGAMI,MAGAMI,MCH MAGAMI,,,,,,,
4809,NWZ,KATSINA,MANI,MANI,MANI,PHC MANI (ASIBITIN DUTSE),,,,,,,
4810,NWZ,KATSINA,MANI,MURDURU,MURDURU,PHC MURDURU,,,,,,,
4811,NWZ,KATSINA,MANI,TSAGEM/TAKUSHEYI,TSAGEM,MCH TSAGEM,,,,,,,
4812,NWZ,KATSINA,MASHI,BAMLE P.S,0,MCH BIRNIN KUKA,,,,,,,
4813,NWZ,KATSINA,MASHI,DUGURU A,0,MCHC DOGURU,,,,,,,
4814,NWZ,KATSINA,MASHI,DUGURU B,DOGURU B,MCH MARKE,,,,,,,
4815,NWZ,KATSINA,MASHI,GALLU,GALLU,MCH GALLU,,,,,,,
4816,NWZ,KATSINA,MASHI,JIGAWA P.S,GANA JIGAWA,JIGAWA H/F,,,,,,,
4817,NWZ,KATSINA,MASHI,KARAU PS,KARAU,MCH DOKA,,,,,,,
4818,NWZ,KATSINA,MASHI,MASHI,MASHI,CHC MASHI,,,,,,,
4819,NWZ,KATSINA,MASHI,SABUWA RIJIA P.S,MAJIGIRI,MCH MAJIGIRI,,,,,,,
4820,NWZ,KATSINA,MASHI,SANKAYA P.S,SANKAYA,MCHC SANKAYA,,,,,,,
4821,NWZ,KATSINA,MASHI,TAMILO A,TAMILO A,MCH TAMILO,,,,,,,
4822,NWZ,KATSINA,MASHI,TAMILO B,TAMILO B,MPHC RANDA,,,,,,,
4823,NWZ,KATSINA,MATAZU,DISSI,DISSI,DISSI PHC,,,,,,,
4824,NWZ,KATSINA,MATAZU,GWARJO,GWORJO,PHC GWORJO,,,,,,,
4825,NWZ,KATSINA,MATAZU,KARADUWA,KARADUWA,MCHC KARADUWA,,,,,,,
4826,NWZ,KATSINA,MATAZU,KOGARI,KOGARI,MPHC KOGARI,,,,,,,
4827,NWZ,KATSINA,MATAZU,MATAZU B,MATAZU B,CHC MATAZU,,,,,,,
4828,NWZ,KATSINA,MATAZU,MATAZU 'A',MATAZU 'A',Tabobi Health Clinic,,,,,,,
4829,NWZ,KATSINA,MATAZU,MAZOJI A,MAZOJI A,PAPU PHC,,,,,,,
4830,NWZ,KATSINA,MATAZU,RINJIN IDI,RINJIN IDI,Jimawa Health Centre,,,,,,,
4831,NWZ,KATSINA,MATAZU,MAZOJI B,MAZOJI B,MPHC MAZOJI,,,,,,,
4832,NWZ,KATSINA,MATAZU,SAYAYA,SAYAYA WARD,MPHC SAYAYA,,,,,,,
4833,NWZ,KATSINA,MUSAWA,DANJANKU/KARACHI,DANJANKU,PHC DANJANKU,,,,,,,
4834,NWZ,KATSINA,MUSAWA,GINGIN,GINGIN,PHC MANGATI,,,,,,,
4835,NWZ,KATSINA,MUSAWA,JIKAMSHI,JIKAMSHI,COMPREHENSIVE HEALTH CENTER JIKAMSHI,,,,,,,
4836,NWZ,KATSINA,MUSAWA,KIRA,KIRA,PHC KIRA,,,,,,,
4837,NWZ,KATSINA,MUSAWA,KURKUJAN A,KURKUJAN A,PHC KURKUJAN,,,,,,,
4838,NWZ,KATSINA,MUSAWA,TABANNI/YARRADUA,TABANNI,MPHC TABANNI,,,,,,,
4839,NWZ,KATSINA,MUSAWA,TUGE,TUGE,PHC TUGE,,,,,,,
4840,NWZ,KATSINA,RIMI,ABUKUR,ABUKUR,COMPREHENSIVE HEALTH CENTRE - ABUKUR,,,,,,,
4841,NWZ,KATSINA,RIMI,FARDAMI,FARDAMI,PHC FARDAMI,,,,,,,
4842,NWZ,KATSINA,RIMI,KADANDANI,KADANDANI,PHC KADANDANI,,,,,,,
4843,NWZ,KATSINA,RIMI,MAJEN GOBIR,MAJE KARARE,MAGAJE MDG,,,,,,,
4844,NWZ,KATSINA,RIMI,MAKURDA,MAKURDA,PHC MAKURDA,,,,,,,
4845,NWZ,KATSINA,RIMI,MASABO/KURABAU,MAHAMA MASABO KURABAU,KURABAU MDG,,,,,,,
4846,NWZ,KATSINA,RIMI,REMAWA/IYATAWA,IYATAWA,IYATAWA PHC,,,,,,,
4847,NWZ,KATSINA,RIMI,RIMI,RIMI,RIMI HEALTH CLINIC (FAMILY SUPPORT),,,,,,,
4848,NWZ,KATSINA,RIMI,SABONGARI/ALARAINI,SABONGARI,EKA MDG,,,,,,,
4849,NWZ,KATSINA,RIMI,TSAGERO,TSAGERO,PHC TSAGERO,,,,,,,
4850,NWZ,KATSINA,SABUWA,DAMARI,DAMARI,PHC DAMARI,,,,,,,
4851,NWZ,KATSINA,SABUWA,DUNGUN MUAZU,DUNGUN MUAZU,PHC D/MUAZU,,,,,,,
4852,NWZ,KATSINA,SABUWA,GAMJI,GAMJI,PHC GAMJI,,,,,,,
4853,NWZ,KATSINA,SABUWA,GAZARKI,GAZARI,HUGO HEALTH CLINIC,,,,,,,
4854,NWZ,KATSINA,SABUWA,MACHIKA,MACHIKA,MPHC MACHIKA,,,,,,,
4855,NWZ,KATSINA,SABUWA,MAIBAKKO,MAI BAKKO,MAIBAKKO HEALTH CLINIC,,,,,,,
4856,NWZ,KATSINA,SABUWA,RAFIN IWA,RAFIN IWA,RAFIN IWA H/ CLINIC,,,,,,,
4857,NWZ,KATSINA,SABUWA,SABUWA A,SABUWA A,COMPREHENSIVE HEALTH CENTRE SABUWA,,,,,,,
4858,NWZ,KATSINA,SABUWA,SABUWA B,SABUWA B,AWALA HEALTH CLINIC,,,,,,,
4859,NWZ,KATSINA,SABUWA,SAYAU,SAYAU,PHC SAYAU,,,,,,,
4860,NWZ,KATSINA,SAFANA,BABBAN DUHU 'A',BABBAN DUHU 'A',MPHC BABBAN DUHU,,,,,,,
4861,NWZ,KATSINA,SAFANA,BABBAN DUHU 'B',BABBAN DUHU 'B',MPHC KUKAR SAMU,,,,,,,
4862,NWZ,KATSINA,SAFANA,BAURE 'A',BAURE 'A',MPHC BAURE,,,,,,,
4863,NWZ,KATSINA,SAFANA,BAURE B,BAURE B,Dagarawa Health Clinic,,,,,,,
4864,NWZ,KATSINA,SAFANA,SAFANA,SAFANA,CHC SAFANA,,,,,,,
4865,NWZ,KATSINA,SAFANA,ZAKKA A,ZAKKA A,PHC ZAKKA,,,,,,,
4866,NWZ,KATSINA,SAFANA,ZAKKA 'B',ZAKKA 'B',MPHC UMMADAU,,,,,,,
4867,NWZ,KATSINA,SANDAMU,DANEJI A,DANEJI A,MCHC RIJIYAR TSAMIYA,,,,,,,
4868,NWZ,KATSINA,SANDAMU,DANEJI B,DANEJI B,RUMA HC,,,,,,,
4869,NWZ,KATSINA,SANDAMU,FAGO A,FAGO A,FAGO MCHC,,,,,,,
4870,NWZ,KATSINA,SANDAMU,FAGO B,FAGO B,MCH ZUGAI,,,,,,,
4871,NWZ,KATSINA,SANDAMU,KAGARE,KAGARE,KAGARE HC,,,,,,,
4872,NWZ,KATSINA,SANDAMU,KARKARKU,KARKARKU,MCH KARKARKU,,,,,,,
4873,NWZ,KATSINA,SANDAMU,KATSAYAL,KATSAYEL,MCH KASTAYEL,,,,,,,
4874,NWZ,KATSINA,SANDAMU,KWASARAWA,KWASARAWA,MCHC KWASARAWA,,,,,,,
4875,NWZ,KATSINA,SANDAMU,RADE A,RADE A,LEMO HC,,,,,,,
4876,NWZ,KATSINA,SANDAMU,RADE B,RADE B,RUWAN DUTSI MCHC,,,,,,,
4877,NWZ,KATSINA,SANDAMU,SANDAMU,SANDAMU,CHC SANDAMU,,,,,,,
4878,NWZ,KATSINA,ZANGO,DARGAGE,DARGAGE,MCH DARGAGE,,,,,,,
4879,NWZ,KATSINA,ZANGO,GARNI,GARNI,PHC CENTRE GARNI,,,,,,,
4880,NWZ,KATSINA,ZANGO,GWAMBA,GWAMBA,MCHC GWAMBA,,,,,,,
4881,NWZ,KATSINA,ZANGO,KANDA,KANDA,MCHC KANDA,,,,,,,
4882,NWZ,KATSINA,ZANGO,KAWARIN KUDI,K/KUDI,MPHC KAWARIN KUDI,,,,,,,
4883,NWZ,KATSINA,ZANGO,KAWARIN MALAMAI,K/MALAMAI,KAWARIN MALAMAI HC,,,,,,,
4884,NWZ,KATSINA,ZANGO,ROGOGO,ROGOGO,PRIMARY HEALTH CARE CENTRE ROGOGO,,,,,,,
4885,NWZ,KATSINA,ZANGO,SARA,SARA,PHC CLINIC SARA,,,,,,,
4886,NWZ,KATSINA,ZANGO,YARDAJE,YARDAJE,PRIMARY HEALTH CARE CENTRE YARDAJE,,,,,,,
4887,NWZ,KATSINA,ZANGO,ZANGO,ZANGO,COMPREHENSIVE HEALTH CENTRE,,,,,,,
4888,NWZ,KATSINA,DUTSIN MA,KUKI-A,KUKI-A,PHC Kuki A,,,,,,,
4889,NWZ,KATSINA,DUTSIN MA,KUKI-B,KUKI B,TSAWA-TSAWA HEALTH CLINIC,,,,,,,
4890,NWZ,KATSINA,MAIADUA,DANYASHE,DANYASHE,TSABU MATERNAL AND CHILD HEALTH CLINIC,,,,,,,
4891,NWZ,KATSINA,MAIADUA,BUMBUM B,BUMBUM B,KWADAGE HEALTH CLINIC,,,,,,,
4892,NWZ,KATSINA,MUSAWA,DANGANI GARU,GARU,GARU PHC,,,,,,,
4893,NWZ,KATSINA,MUSAWA,MUSAWA,MUSAWA,FAMILY SUPPORT,,,,,,,
4894,NWZ,KATSINA,MUSAWA,KURKU JAN 'B',KURKU JAN 'B',PHC MARABAR MUSAWA,,,,,,,
4895,NWZ,KATSINA,SAFANA,RUNKA 'B',RUNKA 'B',MPHC RUNKA,,,,,,,
4896,,KATSINA,SAFANA,RUNKA A,RUNKA A,PHC Runka ,,,,,,,
4897,NWZ,KATSINA,SAFANA,TSASKIYA,TSASKIYA,MCHC YSASKIYA,,,,,,,
4898,NWZ,KATSINA,CHARANCHI,KURAYE,KURAYE,PHC Kuraye,,,,,,,
4899,NWZ,KATSINA,KATSINA,KANGIWA,KANGIWA/WALIKILIN GABAS 3,DR YUSHA'U ARMAYA'U HEALTH CENTRE ( MCHC K/SAURI),,,,,,,
4900,NWZ,KEBBI,ALIERO,DANGALADIMA I,,KOFAR DANGALADIMA,,,,,,,
4901,NWZ,KEBBI,ALIERO,DANGALADIMA II,,GUMBIN DARI,,,,,,,
4902,NWZ,KEBBI,ALIERO,DANWARAI,,DAWARAI,,,,,,,
4903,NWZ,KEBBI,ALIERO,JIGA BIRNI,,JIGAR BIRNI,,,,,,,
4904,NWZ,KEBBI,ALIERO,JIGA MAKERA,,JIGAR KAMBARORI,,,,,,,
4905,NWZ,KEBBI,ALIERO,KASHIN ZAMA,,KASHIN ZAMA,,,,,,,
4906,NWZ,KEBBI,ALIERO,RAFIN BAUNA,,RAFIN BAUNA,,,,,,,
4907,NWZ,KEBBI,ALIERO,SABIYAL,,SABIYEL,,,,,,,
4908,NWZ,KEBBI,ALIERO,SARKIN FADA I,,MALLANAWA,,,,,,,
4909,NWZ,KEBBI,ALIERO,SARKIN FADA II,,DORAWAI,,,,,,,
4910,NWZ,KEBBI,AREWA,BUI,,BUI,,,,,,,
4911,NWZ,KEBBI,AREWA,CHIBIKE,,DOGON DAJI,,,,,,,
4912,NWZ,KEBBI,AREWA,DAU/SAK/JARKUKA,,BACHAKA,,,,,,,
4913,NWZ,KEBBI,AREWA,FALDE,,FALDE,,,,,,,
4914,NWZ,KEBBI,AREWA,FESKE/JAFFEJI,,AMOGORO,,,,,,,
4915,NWZ,KEBBI,AREWA,GORUN DIKKO,,GORON DIKKO,,,,,,,
4916,NWZ,KEBBI,AREWA,GUMUNDE/R/TSAKA,,GUMUNDAI,,,,,,,
4917,NWZ,KEBBI,AREWA,KANGIWA,,KARA,,,,,,,
4918,NWZ,KEBBI,AREWA,LAIMA/JANTULLU,,KARE,,,,,,,
4919,NWZ,KEBBI,AREWA,SARKA/DANTSOHO,,SARKA,,,,,,,
4920,NWZ,KEBBI,AREWA,YELDU,,YELDU,,,,,,,
4921,NWZ,KEBBI,ARGUNGU,ALWASA/GOTOMO,,PHC ALWASA,,,,,,,
4922,NWZ,KEBBI,ARGUNGU,DIKKO,,DIKKO PHC,,,,,,,
4923,NWZ,KEBBI,ARGUNGU,FELANDE,,FELANDE,,,,,,,
4924,NWZ,KEBBI,ARGUNGU,GALADIMA,,ARGUNGU TOWN PHC,,,,,,,
4925,NWZ,KEBBI,ARGUNGU,GULMA,,GULMA,,,,,,,
4926,NWZ,KEBBI,ARGUNGU,GWAZANGE,,WALI,,,,,,,
4927,NWZ,KEBBI,ARGUNGU,KOKANI NORTH,,SABON GARIN KANTA,,,,,,,
4928,NWZ,KEBBI,ARGUNGU,KOKANI SOUTH,,MCH TUDUN WADA ARGUNGU,,,,,,,
4929,NWZ,KEBBI,ARGUNGU,LAILABA,,LAILABA,,,,,,,
4930,NWZ,KEBBI,ARGUNGU,SAWWA/K. SANI,,SAUWA,,,,,,,
4931,NWZ,KEBBI,ARGUNGU,TUNGAR ZAZZAG,,T ZAZZAGAWA,,,,,,,
4932,NWZ,KEBBI,AUGIE,AUGIE SOUTH,,AUGIE,,,,,,,
4933,NWZ,KEBBI,AUGIE,BAGAYE/MERA,,BAGAYE,,,,,,,
4934,NWZ,KEBBI,AUGIE,BAGAYE/MERA,,BAGAYE,,,,,,,
4935,NWZ,KEBBI,AUGIE,BAYAWA NORTH,,BAYAWA,,,,,,,
4936,NWZ,KEBBI,AUGIE,BAYAWA SOUTH,,JABAKA,,,,,,,
4937,NWZ,KEBBI,AUGIE,BIRNIN TUDU,,BIRNIN TUDU,,,,,,,
4938,NWZ,KEBBI,AUGIE,BUBUCE,,BUBUCHE,,,,,,,
4939,NWZ,KEBBI,AUGIE,DUNDAYE/KWAIDO,,KWAIDO,,,,,,,
4940,NWZ,KEBBI,AUGIE,TIGGI/AWADE,,TIGGI,,,,,,,
4941,NWZ,KEBBI,AUGIE,YOLA,,YOLA MODEL PRIMARY HEALTH CENTER,,,,,,,
4942,NWZ,KEBBI,B/KEBBI,AMBURSA,,AMBURSA,,,,,,,
4943,NWZ,KEBBI,B/KEBBI,B/KEBBI MARAFA,,TAKALAFIYA,,,,,,,
4944,NWZ,KEBBI,B/KEBBI,B/KEBBIDANGALADIMA,,ILLELAH YARI,,,,,,,
4945,NWZ,KEBBI,B/KEBBI,GAWASU,,GAWASU,,,,,,,
4946,NWZ,KEBBI,B/KEBBI,GODON GAFI,,GWADANGWAJI,,,,,,,
4947,NWZ,KEBBI,B/KEBBI,GULUMBE,,GULUMBE,,,,,,,
4948,NWZ,KEBBI,B/KEBBI,KARDI/YAMAMA,,KARDI,,,,,,,
4949,NWZ,KEBBI,B/KEBBI,KOLA/TARASA,,KOLA,,,,,,,
4950,NWZ,KEBBI,B/KEBBI,LAGGA,,RANDALI,,,,,,,
4951,NWZ,KEBBI,B/KEBBI,MAKERA,,PHC MAKERA,,,,,,,
4952,NWZ,KEBBI,B/KEBBI,MAURIDA/KARYO,,KARYO,,,,,,,
4953,NWZ,KEBBI,B/KEBBI,NASSARAWA I,,NASARAWA,,,,,,,
4954,NWZ,KEBBI,B/KEBBI,NASSARAWA II,,BADARIYA,,,,,,,
4955,NWZ,KEBBI,B/KEBBI,UJARIYO,,ASARARA,,,,,,,
4956,NWZ,KEBBI,B/KEBBI,ZAURO,,ZAURO,,,,,,,
4957,NWZ,KEBBI,BAGUDO,BAGUDO/TUGA,,BAGUDO,,,,,,,
4958,NWZ,KEBBI,BAGUDO,BAHINDI/BOKI DOMA,,KHALIEL,,,,,,,
4959,NWZ,KEBBI,BAGUDO,BANI ITSAMIYA,,TSAMIYA,,,,,,,
4960,NWZ,KEBBI,BAGUDO,ILLO/SABO GARI/YANTALA,,ILLO TOWN,,,,,,,
4961,NWZ,KEBBI,BAGUDO,KAOJE/GWAMBA,,GWAMBA,,,,,,,
4962,NWZ,KEBBI,BAGUDO,KENDA/KURGU,,KENDE,,,,,,,
4963,NWZ,KEBBI,BAGUDO,LAFAGU/GANTE,,LAFAGU,,,,,,,
4964,NWZ,KEBBI,BAGUDO,LOLO/GIRIS,,LOLO,,,,,,,
4965,NWZ,KEBBI,BAGUDO,MATSINKAI/GEZA,,MATSINKAI,,,,,,,
4966,NWZ,KEBBI,BAGUDO,SHARABI/KWANGUWAI,,MAITAMBARI,,,,,,,
4967,NWZ,KEBBI,BAGUDO,ZAGGA/KWASSARA,,ZAGGA,,,,,,,
4968,NWZ,KEBBI,BUNZA,BUNZA DANGALADIMA,,PHC BUNZA,,,,,,,
4969,NWZ,KEBBI,BUNZA,BUNZA MARAFA,,MCH BUNZA,,,,,,,
4970,NWZ,KEBBI,BUNZA,GWADE,,GWADE,,,,,,,
4971,NWZ,KEBBI,BUNZA,MAIDAHINI,,MAIDAHINI,,,,,,,
4972,NWZ,KEBBI,BUNZA,RAHA,,RAHA,,,,,,,
4973,NWZ,KEBBI,BUNZA,SABON BIRNI,,SABON BIRNI,,,,,,,
4974,NWZ,KEBBI,BUNZA,SALINAI,,SALWAI,,,,,,,
4975,NWZ,KEBBI,BUNZA,TILLI/HILEMA,,TILLI,,,,,,,
4976,NWZ,KEBBI,BUNZA,TUNGA,,PHC TUNGA,,,,,,,
4977,NWZ,KEBBI,BUNZA,ZOGRIMA,,ZOGIRMA,,,,,,,
4978,NWZ,KEBBI,DANDI,BANIZUMBU,,BANI ZUMBU,,,,,,,
4979,NWZ,KEBBI,DANDI,BUMA,,BUMA,,,,,,,
4980,NWZ,KEBBI,DANDI,DOLEKAINA,,DOLE KAINA,,,,,,,
4981,NWZ,KEBBI,DANDI,FANA,,FANA,,,,,,,
4982,NWZ,KEBBI,DANDI,GEZA,,GEZA,,,,,,,
4983,NWZ,KEBBI,DANDI,KAMBA MAIHAUSAWA,,TUNGAR MAIZUMA,,,,,,,
4984,NWZ,KEBBI,DANDI,KAMBA-KAMBA,,GORUN BAJIDA,,,,,,,
4985,NWZ,KEBBI,DANDI,KWAKKWABA,,KWAKWABA,,,,,,,
4986,NWZ,KEBBI,DANDI,KYQNGAKWAI,,KYANGAKWAI,,,,,,,
4987,NWZ,KEBBI,DANDI,MAIGWAZA,,MAIGWAZA,,,,,,,
4988,NWZ,KEBBI,DANDI,SHIKO,,RIJIYAR MAIKABI,,,,,,,
4989,NWZ,KEBBI,DANKO /WASAGU,AYU,,AYU,,,,,,,
4990,NWZ,KEBBI,DANKO /WASAGU,BENA,,BENA,,,,,,,
4991,NWZ,KEBBI,DANKO /WASAGU,DAN UMARU /MAIRAIRAI,,DANUMMARU,,,,,,,
4992,NWZ,KEBBI,DANKO /WASAGU,DANKO /MAGA,,DANKO,,,,,,,
4993,NWZ,KEBBI,DANKO /WASAGU,GWANFI /KELE,,KELE,,,,,,,
4994,NWZ,KEBBI,DANKO /WASAGU,KANYA,,KANYA,,,,,,,
4995,NWZ,KEBBI,DANKO /WASAGU,KYABU /KANDU,,DIKENGE,,,,,,,
4996,NWZ,KEBBI,DANKO /WASAGU,RIBAH /MACHIKA,,RIBAH,,,,,,,
4997,NWZ,KEBBI,DANKO /WASAGU,WAJE,,WADAKO,,,,,,,
4998,NWZ,KEBBI,DANKO /WASAGU,WASAGU,,WASAGU,,,,,,,
4999,NWZ,KEBBI,DANKO /WASAGU,YALMO /SHIDINWARI,,KOLIKO,,,,,,,
5000,NWZ,KEBBI,FAKAI,BAJIDA,,BAJIDA,,,,,,,
5001,NWZ,KEBBI,FAKAI,BANGU,,BANGU,,,,,,,
5002,NWZ,KEBBI,FAKAI,BIRNIN TUDU,,MATSERI,,,,,,,
5003,NWZ,KEBBI,FAKAI,DENIN AMANA / DENIN GABA,,YOKO,,,,,,,
5004,NWZ,KEBBI,FAKAI,FAKAI / ZUSSUN,,FAKAI,,,,,,,
5005,NWZ,KEBBI,FAKAI,FANGI,,KANGA,,,,,,,
5006,NWZ,KEBBI,FAKAI,GULBIN KUKA / MAIJAHULA,,GULBIN KUKA,,,,,,,
5007,NWZ,KEBBI,FAKAI,INGA BULU / MAIKENDE,,GARIN AWAL,,,,,,,
5008,NWZ,KEBBI,FAKAI,MAHUTU,,TUDAN WADA,,,,,,,
5009,NWZ,KEBBI,FAKAI,MARAFA,,MARAFA,,,,,,,
5010,NWZ,KEBBI,FAKAI,MARAFA,,MARAFA,,,,,,,
5011,NWZ,KEBBI,GWANDU,CHEBERU / BADA,,DANJEMA,,,,,,,
5012,NWZ,KEBBI,GWANDU,DALIJAN,,DALIJAN,,,,,,,
5013,NWZ,KEBBI,GWANDU,DODORU,,YOLE BIRNI,,,,,,,
5014,NWZ,KEBBI,GWANDU,GULMARE,,TARI,,,,,,,
5015,NWZ,KEBBI,GWANDU,GWANDU MARAFA,,ADARAWA,,,,,,,
5016,NWZ,KEBBI,GWANDU,GWANDU S. FAWA,,GWANDU,,,,,,,
5017,NWZ,KEBBI,GWANDU,KAMBAZA,,KAMBAZA,,,,,,,
5018,NWZ,KEBBI,GWANDU,MALISA,,GORA KWACHIDO,,,,,,,
5019,NWZ,KEBBI,GWANDU,MARUDA,,KURYA,,,,,,,
5020,NWZ,KEBBI,GWANDU,MASAMA KWAGARA,,MASAMA,,,,,,,
5021,NWZ,KEBBI,JEGA,ALELU / GEHURU,,ALELU,,,,,,,
5022,NWZ,KEBBI,JEGA,DANGAMAJI,,DANGAMAJI,,,,,,,
5023,NWZ,KEBBI,JEGA,DUNBEGU / BASURA,,DUMBEGU,,,,,,,
5024,NWZ,KEBBI,JEGA,GINDI / NASS / KYARM,,KYARMI,,,,,,,
5025,NWZ,KEBBI,JEGA,JANDUTSI / B / MALAM,,AGWADA,,,,,,,
5026,NWZ,KEBBI,JEGA,JEGA FIRCHIN,,KULUN KOJI,,,,,,,
5027,NWZ,KEBBI,JEGA,JEGA KOKAM,,MARINA GINGA,,,,,,,
5028,NWZ,KEBBI,JEGA,JEGA MAGAYI .A.,,BIRNIN YARI,,,,,,,
5029,NWZ,KEBBI,JEGA,JEGA MAGAYI .B.,,TUDUN WADA JEGA,,,,,,,
5030,NWZ,KEBBI,JEGA,KATANGA / FAGADA,,KATANGA,,,,,,,
5031,NWZ,KEBBI,JEGA,KIMBA,,KIMBA,,,,,,,
5032,NWZ,KEBBI,KALGO,BADARIYA/MAGARZA,,HIRISHI,,,,,,,
5033,NWZ,KEBBI,KALGO,DANGOMA/GAYI,,GAYI,,,,,,,
5034,NWZ,KEBBI,KALGO,DIGGI,,DIGGI,,,,,,,
5035,NWZ,KEBBI,KALGO,ETENE,,ETANE,,,,,,,
5036,NWZ,KEBBI,KALGO,HIRISHI,,PHC HIRISHI,,,,,,,
5037,NWZ,KEBBI,KALGO,KALGO,,KALGO PHC,,,,,,,
5038,NWZ,KEBBI,KALGO,KUKA,,KUKAH,,,,,,,
5039,NWZ,KEBBI,KALGO,MUTUBARI,,BANGANNA,,,,,,,
5040,NWZ,KEBBI,KALGO,NAYUWA,,NAYELWA,,,,,,,
5041,NWZ,KEBBI,KALGO,WURO GAURI,,WURO GAURI,,,,,,,
5042,NWZ,KEBBI,KALGO,ZUGURU,,ZUGURU,,,,,,,
5043,NWZ,KEBBI,KOKO/BESSE,BESSE,,BESSE,,,,,,,
5044,NWZ,KEBBI,KOKO/BESSE,DADA ALELU,,DADA,,,,,,,
5045,NWZ,KEBBI,KOKO/BESSE,DUTSIN /MARI/ DUL.,,DULMERU,,,,,,,
5046,NWZ,KEBBI,KOKO/BESSE,HIRINI /MADACCI,,HIRINI,,,,,,,
5047,NWZ,KEBBI,KOKO/BESSE,ILEILA /S/GARI,,T DODO,,,,,,,
5048,NWZ,KEBBI,KOKO/BESSE,JADADI,,JADADI,,,,,,,
5049,NWZ,KEBBI,KOKO/BESSE,KOKO /FIRCHIN,,KOKO 1,,,,,,,
5050,NWZ,KEBBI,KOKO/BESSE,KOKO /MAGAJI,,KOKO,,,,,,,
5051,NWZ,KEBBI,KOKO/BESSE,LANI /M/ TAFUKKA,,LANI,,,,,,,
5052,NWZ,KEBBI,KOKO/BESSE,MAIKWARI /DAMBA,,DAMBA,,,,,,,
5053,NWZ,KEBBI,KOKO/BESSE,TAKWARE,,T MAGAJI,,,,,,,
5054,NWZ,KEBBI,KOKO/BESSE,ZARIA KALA-KALA,,ZARIA,,,,,,,
5055,NWZ,KEBBI,MAIYAMA,ANDARAI,,ANDARAI,,,,,,,
5056,NWZ,KEBBI,MAIYAMA,GIWATAZO /ZARA,,GIWATAZO,,,,,,,
5057,NWZ,KEBBI,MAIYAMA,GUMBIN KORE /GAMJETU,,GUMBIN KURE,,,,,,,
5058,NWZ,KEBBI,MAIYAMA,KARAYE /D/ DAJI,,KARAYE,,,,,,,
5059,NWZ,KEBBI,MAIYAMA,KAWARA S/SARA,,KAWARA MDG,,,,,,,
5060,NWZ,KEBBI,MAIYAMA,KUBERI /GIDIGA,,PHC GIDIGA,,,,,,,
5061,NWZ,KEBBI,MAIYAMA,LIBA /DANWA,,LIBA,,,,,,,
5062,NWZ,KEBBI,MAIYAMA,MAIYAMA,,MAIYAMA,,,,,,,
5063,NWZ,KEBBI,MAIYAMA,MUNGADI / BOTORO,,MUNGADI,,,,,,,
5064,NWZ,KEBBI,MAIYAMA,SAMBAWA /MAYALO,,SAMBAWA,,,,,,,
5065,NWZ,KEBBI,MAIYAMA,SARAN DOSA,,SARANDOSA,,,,,,,
5066,NWZ,KEBBI,NGASKI,BIRNIN YAURI,,B YAURI,,,,,,,
5067,NWZ,KEBBI,NGASKI,GARARA MACHIPA,,G KWANO,,,,,,,
5068,NWZ,KEBBI,NGASKI,GARIN BAKA MAKIRIN,,MAKIRIN,,,,,,,
5069,NWZ,KEBBI,NGASKI,KAKWARAN,,G TAGWAYE,,,,,,,
5070,NWZ,KEBBI,NGASKI,KAMBUWA DAN MARAYA,,KAMBUWA,,,,,,,
5071,NWZ,KEBBI,NGASKI,LIBATA KWANGA,,LIBATA,,,,,,,
5072,NWZ,KEBBI,NGASKI,MAKAWA ULEIRA,,U LEIRA,,,,,,,
5073,NWZ,KEBBI,NGASKI,NGASKI,,NGASKI,,,,,,,
5074,NWZ,KEBBI,NGASKI,UTONO /HOGE,,UTONO,,,,,,,
5075,NWZ,KEBBI,NGASKI,WARRA,,WARA,,,,,,,
5076,NWZ,KEBBI,SAKABA,ADAI,,MAGANDA,,,,,,,
5077,NWZ,KEBBI,SAKABA,DAKA-BERE,,SHIBO,,,,,,,
5078,NWZ,KEBBI,SAKABA,DANKOLO,,DANKOLO,,,,,,,
5079,NWZ,KEBBI,SAKABA,FADA,,P.H.C FADA,,,,,,,
5080,NWZ,KEBBI,SAKABA,GELWASA,,GELWASA,,,,,,,
5081,NWZ,KEBBI,SAKABA,JANBIRNI,,JAN BIRNI,,,,,,,
5082,NWZ,KEBBI,SAKABA,MAKUKU,,MAKUKU,,,,,,,
5083,NWZ,KEBBI,SAKABA,MAZA MAAZA,,KAGETA,,,,,,,
5084,NWZ,KEBBI,SAKABA,SAKABA,,SAKABA,,,,,,,
5085,NWZ,KEBBI,SAKABA,TUDUN KUAK,,DIRIN DAJI,,,,,,,
5086,NWZ,KEBBI,SHANGA,ATUWO,,ATUWO,,,,,,,
5087,NWZ,KEBBI,SHANGA,BINUWA /GEBBE,,GEBBE,,,,,,,
5088,NWZ,KEBBI,SHANGA,DUGU TSOHU RAWA,,DUGU TSOHO,,,,,,,
5089,NWZ,KEBBI,SHANGA,KARAWA /SARGO,,KAWARA 2,,,,,,,
5090,NWZ,KEBBI,SHANGA,R /KIRYA /T/ TARA,,TAFKI TARA,,,,,,,
5091,NWZ,KEBBI,SHANGA,SAKACHI /GOLONGO,,SAKACE,,,,,,,
5092,NWZ,KEBBI,SHANGA,SAWASHI,,GIRON MASA,,,,,,,
5093,NWZ,KEBBI,SHANGA,SHANGA,,SAMINAKA,,,,,,,
5094,NWZ,KEBBI,SHANGA,TAKWARE,,TUNGAN GIWA,,,,,,,
5095,NWZ,KEBBI,SHANGA,YAR' BESSE,,YAR BESSE,,,,,,,
5096,NWZ,KEBBI,SURU,ALJANNARE,,ALJANNARE,,,,,,,
5097,NWZ,KEBBI,SURU,BAKUWAI,,BAKUWAI,,,,,,,
5098,NWZ,KEBBI,SURU,BANDAN,,BANDAN,,,,,,,
5099,NWZ,KEBBI,SURU,BARBAREJO,,BARBAREJO,,,,,,,
5100,NWZ,KEBBI,SURU,DAKIN GARI,,DAKINGARI,,,,,,,
5101,NWZ,KEBBI,SURU,DANDANE,,HORE,,,,,,,
5102,NWZ,KEBBI,SURU,DANIYA /SHEMA,,SHEMA,,,,,,,
5103,NWZ,KEBBI,SURU,GINGA,,SANGELU,,,,,,,
5104,NWZ,KEBBI,SURU,GIRO,,GIRO,,,,,,,
5105,NWZ,KEBBI,SURU,KWAIFA,,KWAIFA,,,,,,,
5106,NWZ,KEBBI,SURU,SURU,,PHC SURU,,,,,,,
5107,NWZ,KEBBI,YAURI,CHULU -KOMA,,GUMBI,,,,,,,
5108,NWZ,KEBBI,YAURI,GUNGUN /SARKI,,RUKUBOLO,,,,,,,
5109,NWZ,KEBBI,YAURI,JIJIMA,,JIJIMA,,,,,,,
5110,NWZ,KEBBI,YAURI,TONDI,,TONDI GADA,,,,,,,
5111,NWZ,KEBBI,YAURI,YELWA -CENTRAL,,YELWA TOWN,,,,,,,
5112,NWZ,KEBBI,YAURI,YELWA -EAST,,U MALAMAI,,,,,,,
5113,NWZ,KEBBI,YAURI,YELWA -NORTH,,YAURI,,,,,,,
5114,NWZ,KEBBI,YAURI,YELWA -SOOUTH,,UMARU KARE,,,,,,,
5115,NWZ,KEBBI,YAURI,YELWA -WEST,,ILLELA,,,,,,,
5116,NWZ,KEBBI,YAURI,ZAMARE,,ZAMARE,,,,,,,
5117,NWZ,KEBBI,ZURU,BEDI,,BEDI,,,,,,,
5118,NWZ,KEBBI,ZURU,CHIROMAN DABAI,,DABAI,,,,,,,
5119,NWZ,KEBBI,ZURU,ISGOGO /DAGO,,TUTA,,,,,,,
5120,NWZ,KEBBI,ZURU,MANGA /USHE,,ALEMBELU,,,,,,,
5121,NWZ,KEBBI,ZURU,RAFIN -ZURU,,ZURU,,,,,,,
5122,NWZ,KEBBI,ZURU,RIKOTO,,RIKOTO,,,,,,,
5123,NWZ,KEBBI,ZURU,RUMU ]DABEN SESE,,USIMOH,,,,,,,
5124,NWZ,KEBBI,ZURU,SENCHI,,BAHAGO,,,,,,,
5125,NWZ,KEBBI,ZURU,TADURGA,,TADURGA,,,,,,,
5126,NWZ,KEBBI,ZURU,ZODI,,ZODI,,,,,,,
5127,NCZ,KOGI,ADAVI,ADAVI EBA,ADAVI EBA,PHC OSOMA,,,,,,,
5128,NCZ,KOGI,ADAVI,EGE/IRUVOCHINOMI,EGGE/IRUVIOCHINOMI,EGGE BASIC HEALTH CARE CLINIC,,,,,,,
5129,NCZ,KOGI,ADAVI,IDANUHLI,IDANUHUA,PHC OBUBURU,,,,,,,
5130,NCZ,KOGI,ADAVI,IKARAWORO,KARAWORO,PHC EGBOGOGO,,,,,,,
5131,NCZ,KOGI,ADAVI,INOZIOMI/OSISI/IPAKU,INOZIOMI/OSISI/IPAKU,PHC OSISI/IPAKU,,,,,,,
5132,NCZ,KOGI,ADAVI,IRUVUCHEBA,IRUVUCHEBA,PHC IRUVUCHEBA ((VICTORY ),,,,,,,
5133,NCZ,KOGI,ADAVI,KUROKO I,KUROKO I,FSP CLINIC IBEKE,,,,,,,
5134,NCZ,KOGI,ADAVI,KUROKO II,KUROKO II,OBEHITUTU BASIC HEALTH CLINIC,,,,,,,
5135,NCZ,KOGI,ADAVI,NAGAZI/F/C,NAGAZI,MPHC OZIOKUTU,,,,,,,
5136,NCZ,KOGI,ADAVI,OGAMINANA,OGAMINANA,PHC UTOHU,,,,,,,
5137,NCZ,KOGI,ADAVI,OKUNCHI/OZURI/ONIEKA,OKUNCHI,PHC OZURI,,,,,,,
5138,NCZ,KOGI,AJAOKUTA,ABODU/PATESI,PATESI,PHC PATESI,,,,,,,
5139,NCZ,KOGI,AJAOKUTA,ACHAGANA,ACHAGANA,STAFF CLINIC ACHAGANA,,,,,,,
5140,NCZ,KOGI,AJAOKUTA,ADOGO,ADOGO,PHC ADOGO,,,,,,,
5141,NCZ,KOGI,AJAOKUTA,ADOGU/APAMIRA,ADOGU/ADOGU,PHC OGODO,,,,,,,
5142,NCZ,KOGI,AJAOKUTA,BADUKU,BADOKO,PHC BADOKO,,,,,,,
5143,NCZ,KOGI,AJAOKUTA,EBIYA NORTH,EBIYA NORTH,MCH EBIYA,,,,,,,
5144,NCZ,KOGI,AJAOKUTA,EBIYA SOUTH,EBIYA SOUTH,PHC APANKO,,,,,,,
5145,NCZ,KOGI,AJAOKUTA,GEREGU,GEREGU,MCH GEREGU,,,,,,,
5146,NCZ,KOGI,AJAOKUTA,ICHUWA/UPAJA,ICHUWA /UPAJA,PHC INAYERE UPAJA,,,,,,,
5147,NCZ,KOGI,AJAOKUTA,ODONU,ODONU/OHUEGE,PHC ODONU,,,,,,,
5148,NCZ,KOGI,AJAOKUTA,OGIGIRI,OGIGIRI,PHC OGIGIRI,,,,,,,
5149,NCZ,KOGI,AJAOKUTA,OLD AJAOKUTA,AJAOKUTA,MPHC AJAOKUTA,,,,,,,
5150,NCZ,KOGI,AJAOKUTA,OMOGU,UNOSI/OMGBO,PHC UNOSI,,,,,,,
5151,NCZ,KOGI,AJAOKUTA,UKPAKE,UKPAKE,PHC UKPAKE,,,,,,,
5152,NCZ,KOGI,ANKPA,ANKPA I,ANKPA 1,PHC ENELIE,,,,,,,
5153,NCZ,KOGI,ANKPA,ANKPA II,ANKPA 2,PHC OKENYI,,,,,,,
5154,NCZ,KOGI,ANKPA,ANKPA SUBURB I,SUB I- ANKPA,PHC EMANYI,,,,,,,
5155,NCZ,KOGI,ANKPA,ANKPA SUBURB II,SUB II- ANKPA,PHC OCHI OFAGO,,,,,,,
5156,NCZ,KOGI,ANKPA,ANKPA TOWNSHIP,TOWNSHIP,PHCC ANKPA,,,,,,,
5157,NCZ,KOGI,ANKPA,ENJEMA I,ENJEMA I,PHC ENJEMA,,,,,,,
5158,NCZ,KOGI,ANKPA,ENJEMA II,ENJEMA II,PHC UKPOLOBIA,,,,,,,
5159,NCZ,KOGI,ANKPA,ENJEMA III,ENJEMA III,PHC INYE,,,,,,,
5160,NCZ,KOGI,ANKPA,ENJEMA IV,ENJEMA IV,PHC ACHELE,,,,,,,
5161,NCZ,KOGI,ANKPA,OJOKU I,OJOKU I,PHC OJOKU,,,,,,,
5162,NCZ,KOGI,ANKPA,OJOKU II,OJOKU II,PHC OKPOKU,,,,,,,
5163,NCZ,KOGI,ANKPA,OJOKU III,OJOKU III,PHC INAYOLOGO,,,,,,,
5164,NCZ,KOGI,ANKPA,OJOKU IV,OJOKU 1V,PHC AWO AKPALI,,,,,,,
5165,NCZ,KOGI,BASSA,AKUBA I,AKUBA I,PHC OGUMA,,,,,,,
5166,NCZ,KOGI,BASSA,AKUBA II,AKUBA II,PHC ODENYI,,,,,,,
5167,NCZ,KOGI,BASSA,AYEDE/AKAKANA,AYEDE/ AKAKANA,PHC AYEDE,,,,,,,
5168,NCZ,KOGI,BASSA,EFORO,EFORO,PHC EFORO,,,,,,,
5169,NCZ,KOGI,BASSA,GBOLOKO,GBOLOKO,PHC GBOLOKO,,,,,,,
5170,NCZ,KOGI,BASSA,IKENDE,IKENDE,PHC IKENDE,,,,,,,
5171,NCZ,KOGI,BASSA,KPATA,KPATA,PHC SHINTAKU,,,,,,,
5172,NCZ,KOGI,BASSA,MUZUM,MOZUM,PHC MOZUM,,,,,,,
5173,NCZ,KOGI,BASSA,OZUGBE,Ozugbe,PHC Ozugbe,,,,,,,
5174,NCZ,KOGI,BASSA,OZONGULO/KPANCHE,OZONGULO/KPANCHA,PHC KPANCHE,,,,,,,
5175,NCZ,KOGI,DEKINA,ABOCHO,ABOCHO,PHC ABOCHO,,,,,,,
5176,NCZ,KOGI,DEKINA,ANYIGBA,ANYIGBA,PHC ANYIGBA,,,,,,,
5177,NCZ,KOGI,DEKINA,DEKINA,DEKINA,MCH DEKINA,,,,,,,
5178,NCZ,KOGI,DEKINA,EGUME,EGUME,PHC IJOJI,,,,,,,
5179,NCZ,KOGI,DEKINA,EMEWE,EMEWE,PHC EMEW OPADA,,,,,,,
5180,NCZ,KOGI,DEKINA,IYALE,IYALE,PHC IYALE,,,,,,,
5181,NCZ,KOGI,DEKINA,ODU I,ODU I,PHC OGBALOTO,,,,,,,
5182,NCZ,KOGI,DEKINA,ODU II,ODU 2,PHC AJIOLO-OJAJI,,,,,,,
5183,NCZ,KOGI,DEKINA,OGANENIGU,OGANENIGU,MPHC OJUWO ILE,,,,,,,
5184,NCZ,KOGI,DEKINA,OGBABEDE,OGBABEDE,PHC AGADA,,,,,,,
5185,NCZ,KOGI,DEKINA,OJIKPADALA,OJIKPADALA,PHC AJONUCHEGBO,,,,,,,
5186,NCZ,KOGI,DEKINA,OKURA,OKURA,PHC OKURA OLAFIYA,,,,,,,
5187,NCZ,KOGI,IBAJI,AKPANYO,AKPANYO,PHC ENWELE,,,,,,,
5188,NCZ,KOGI,IBAJI,ANALO,ANALO,PHC OROGWU,,,,,,,
5189,NCZ,KOGI,IBAJI,AYAH,AYAH,PHC AYAH,,,,,,,
5190,NCZ,KOGI,IBAJI,EJULE,EJULE,PHC OJEBE,,,,,,,
5191,NCZ,KOGI,IBAJI,IYANO,IYANO,PHC IYANO,,,,,,,
5192,NCZ,KOGI,IBAJI,ODEKE,ODEKE,PHC ODEKE,,,,,,,
5193,NCZ,KOGI,IBAJI,OJILA,OJILA,PHC ECHENO,,,,,,,
5194,NCZ,KOGI,IBAJI,ONYEDEGA,ONYEDEGA,PHC ONYEDEGA,,,,,,,
5195,NCZ,KOGI,IBAJI,UJEH,UJEH,PHC UJEH,,,,,,,
5196,NCZ,KOGI,IBAJI,UNALE,UNALE,PHC UNALE,,,,,,,
5197,NCZ,KOGI,IDAH,EDE,EDE,PHC EDE ADEJO,,,,,,,
5198,NCZ,KOGI,IDAH,EGA,EGA,FAMILY HEALTH CENTRE IDAH,,,,,,,
5199,NCZ,KOGI,IDAH,ICHALA,ICHALA,PHC MAKOJA,,,,,,,
5200,NCZ,KOGI,IDAH,IGALAOGBA,IGALAOGBA,PHC IGALAOGBA,,,,,,,
5201,NCZ,KOGI,IDAH,IRECHEBA,IGECHABA,PHC IGECHEBA,,,,,,,
5202,NCZ,KOGI,IDAH,OGEGELE,OGEGELE,PHC OGEGELE,,,,,,,
5203,NCZ,KOGI,IDAH,OWOLIAPA,OWOLIAPA,PHC UBOMU,,,,,,,
5204,NCZ,KOGI,IDAH,SABONGARI,SABON GARI,PHC SABON GARI II,,,,,,,
5205,NCZ,KOGI,IDAH,UGWODA,UGWODA,PHC ADUMU,,,,,,,
5206,NCZ,KOGI,IDAH,UKWAJA,UKWUJA,PHC OFIJI,,,,,,,
5207,NCZ,KOGI,IGALAMELA/ODOLU,AJAKA I,AJAKA I,PHC OKPACHALA,,,,,,,
5208,NCZ,KOGI,IGALAMELA/ODOLU,AJAKA II,AJAKA II,PHC OGBOGBA,,,,,,,
5209,NCZ,KOGI,IGALAMELA/ODOLU,AKPANYA,AKPANYA,PHC AKPANYA,,,,,,,
5210,NCZ,KOGI,IGALAMELA/ODOLU,AURUGO,AVRUGO,PHC UMUCHINA,,,,,,,
5211,NCZ,KOGI,IGALAMELA/ODOLU,EKWULOKO,EKWULOKO,PHC EKWULOKO,,,,,,,
5212,NCZ,KOGI,IGALAMELA/ODOLU,ODOLU,ODOLU,PHC ODOLU,,,,,,,
5213,NCZ,KOGI,IGALAMELA/ODOLU,OFORACHI I,OFARACHI I,PHC OGBOGBO,,,,,,,
5214,NCZ,KOGI,IGALAMELA/ODOLU,OFORACHI II,OFARACHI II,PHC IHAME,,,,,,,
5215,NCZ,KOGI,IGALAMELA/ODOLU,OJI-AJI,OJI - AJI,PHC OLLAH,,,,,,,
5216,NCZ,KOGI,IGALAMELA/ODOLU,UBELE,UBELE,PHC AMAKA,,,,,,,
5217,NCZ,KOGI,IJUMU,AIYE CORO I,AIYETORO/ILUHABA I,P. H. C. ILUAGBA,,,,,,,
5218,NCZ,KOGI,IJUMU,AIYE CORO II,AIYETORO/AGIRIGBON II,AIYETORO PHC,,,,,,,
5219,NCZ,KOGI,IJUMU,AIYEGUNLE,AYEGUNLE,PHC AYEGUNLE,,,,,,,
5220,NCZ,KOGI,IJUMU,EGBEDA/EGAH,EGBEDA.EGGA,PHC EGBEDA EGGA,,,,,,,
5221,NCZ,KOGI,IJUMU,EKINRIN-ADDE,EKIRIN-ADDE,MPHCC EKINRIN,,,,,,,
5222,NCZ,KOGI,IJUMU,HPE/IKOGI/OKE JUMU,IKOYI/IFFE,BHC IFFE,,,,,,,
5223,NCZ,KOGI,IJUMU,IGBOLAUERE/ILAARE,ILARE/IGBOLA ERE,PHC ILARE,,,,,,,
5224,NCZ,KOGI,IJUMU,OGALE/ADUGE,Ogala/Aduge,PHC Aduge,,,,,,,
5225,NCZ,KOGI,IJUMU,ILETEJU/ORIGAH,ILETEGU/ORIGA,PHC ILETEJU,,,,,,,
5226,NCZ,KOGI,IJUMU,IYAH/AUEH,AYEH/IYAH,P .H. C IYAH GBEDE,,,,,,,
5227,NCZ,KOGI,IJUMU,IYAMOYE,IYAMOYE/IGBOPIN,IYAMOYE PHC,,,,,,,
5228,NCZ,KOGI,IJUMU,AYEREH /ARIMAH,Aiyere/Arimah,PHC Ayere,,,,,,,
5229,NCZ,KOGI,IJUMU,IYARA,IYARA,FSP IYARA,,,,,,,
5230,NCZ,KOGI,IJUMU,OKORO / ODOKORO / ARAROMI,ODOKORO/OKORO,OKORO PHC,,,,,,,
5231,NCZ,KOGI,IJUMU,OKORO/IGAH,OKORO/IGAH,PHC OGIDI,,,,,,,
5232,NCZ,KOGI,KABBA BUNU,ILUKE,ILUKE,PHC ILUKE,,,,,,,
5233,NCZ,KOGI,KABBA BUNU,OKEDAYO,OKEDAYO,PHC KAKUN,,,,,,,
5234,NCZ,KOGI,KABBA/BUNU,AIYETEJU/KAJOLA,AIYETEJU/KAJOLA,PHC KOJOLA KABBA,,,,,,,
5235,NCZ,KOGI,KABBA/BUNU,AIYETORO - KIRI,AIYETORO - KIRI,AIYETORO KIRI PHC,,,,,,,
5236,NCZ,KOGI,KABBA/BUNU,AKUTUPA,AKUTUPA,PHC AKUTUPA,,,,,,,
5237,NCZ,KOGI,KABBA/BUNU,ASUTA,ASUTA,PHC BOLORUNDURO,,,,,,,
5238,NCZ,KOGI,KABBA/BUNU,AYEWA,AYEWA,BUNU_AYEWA_PHC,,,,,,,
5239,NCZ,KOGI,KABBA/BUNU,EGBEDA/OKE EJA,EGBEDA/OKE EJA,AIYEDUM PHC,,,,,,,
5240,NCZ,KOGI,KABBA/BUNU,ODO- APE,ODO- APE,MPHC ODOAPE,,,,,,,
5241,NCZ,KOGI,KABBA/BUNU,ODO-AKETE,BOLORUNDURO,FSP CLINIC KABBA PHC,,,,,,,
5242,NCZ,KOGI,KABBA/BUNU,ODOLU,ODOLU,SANGO PHC,,,,,,,
5243,NCZ,KOGI,KABBA/BUNU,OKEBUKUN,OKEBUKUN,OKEBUKUN PHC,,,,,,,
5244,NCZ,KOGI,KABBA/BUNU,OKEKOKO,OKEKOKO,ODO AFIN PHC KABBA,,,,,,,
5245,NCZ,KOGI,KABBA/BUNU,OLE/OKE-OFIN,OLE/OKE-OFIN,OLE PHC,,,,,,,
5246,NCZ,KOGI,KABBA/BUNU,OTU/EGUNBE,OTU/EGUNBE,PHC OUT,,,,,,,
5247,NCZ,KOGI,KOGI,AKPASU,AKPASU,PHC AGBUDU,,,,,,,
5248,NCZ,KOGI,KOGI,CHIKARA NORTH,CHIKARA NORTH,PHC CHIKARA,,,,,,,
5249,NCZ,KOGI,KOGI,CHIKARA SOUTH,CHIKARA SOUTH,PHC ASENI,,,,,,,
5250,NCZ,KOGI,KOGI,GEGU BEKI NORTH,GEGU NORTH,BHC GEGU ADABO,,,,,,,
5251,NCZ,KOGI,KOGI,GEGU BEKI SOUTH,GEGU -BEKI SOUTH,MCH GEGU BEKI,,,,,,,
5252,NCZ,KOGI,KOGI,GIRINYA,GIRINYA,PHC GIRINYA,,,,,,,
5253,NCZ,KOGI,KOGI,IRENODU,IRENODU,PHC EDEGAKI,,,,,,,
5254,NCZ,KOGI,KOGI,K/K - SOUTH - EAST,KOTON-KARFE SOUTH EAST,PHC EDEHA,,,,,,,
5255,NCZ,KOGI,KOGI,ODAKI - KOTONKARFE,ODAKI,FSP ODAKI,,,,,,,
5256,NCZ,KOGI,KOGI,TAWARI,TAWARI,PHC ACHARA,,,,,,,
5257,NCZ,KOGI,KOGI,UKWO - KOTONKARFE,UKWO,PHC PALACE,,,,,,,
5258,NCZ,KOGI,LOKOJA,EGGAN,EGGAN,PHC EGGAN,,,,,,,
5259,NCZ,KOGI,LOKOJA,KAKANDA,KAKANDA,PHC BUDAN,,,,,,,
5260,NCZ,KOGI,LOKOJA,KUPA NORTH E,KUPA NORTH,PHC MAMI,,,,,,,
5261,NCZ,KOGI,LOKOJA,KUPA SOUTH E,KUPA SOUTH WARD,PHC ABUGI,,,,,,,
5262,NCZ,KOGI,LOKOJA,LOKOJA A,LOKOJA -WARD A,ADANKOLO PHC LOKOJA,,,,,,,
5263,NCZ,KOGI,LOKOJA,LOKOJA B,LOKOJA-B,PHC OLD MARKET,,,,,,,
5264,NCZ,KOGI,LOKOJA,LOKOJA C,LOKOJA-C,PHC ANGWANYASHI,,,,,,,
5265,NCZ,KOGI,LOKOJA,LOKOJA D,LOKOJA-D,PHC ANGWAKURA,,,,,,,
5266,NCZ,KOGI,LOKOJA,LOKOJA E,LOKOJA-E,SARIKINOMA PHC,,,,,,,
5267,NCZ,KOGI,LOKOJA,OWORO,OWORO,FELELA MODEL PHC,,,,,,,
5268,NCZ,KOGI,MOPA MURO,AGBAJOGUN,AGBAJOGUN,PHC AGBAJOGUN,,,,,,,
5269,NCZ,KOGI,MOPA MURO,AIYDE/OKAGI,AIYEDE/ OKAGI,MPHC AIYEDE AMURO,,,,,,,
5270,NCZ,KOGI,MOPA MURO,AIYEDAYO/AIYEDERO,AIYEDAYO/AIYEDERO,PHC OROKE2,,,,,,,
5271,NCZ,KOGI,MOPA MURO,ILETEJU I,ILETEJU 1,BHC ILETEJU,,,,,,,
5272,NCZ,KOGI,MOPA MURO,ILETEJU II,ILETEJU 2,PHC IJAGBE,,,,,,,
5273,NCZ,KOGI,MOPA MURO,ODOLE I,ODOLE 1,FSP/MCH ODOLE,,,,,,,
5274,NCZ,KOGI,MOPA MURO,ODOLE II,ODOLE II,PHC AGBEDE,,,,,,,
5275,NCZ,KOGI,MOPA MURO,OLEAG/LAI,ILAI/OKAAGI,MCH ILAI,,,,,,,
5276,NCZ,KOGI,MOPA MURO,OROKERE,OROKERE,PHC OKOTUN,,,,,,,
5277,NCZ,KOGI,MOPA MURO,TAKETE-IDE/OTAFUN,TAKETE IDDE /OTAFUN,PHC OTAFUN,,,,,,,
5278,NCZ,KOGI,OFU,ALLOMA,ALLOMA,PHC ALLOMA,,,,,,,
5279,NCZ,KOGI,OFU,ALOJI,ALOJI,MCH ALOJI,,,,,,,
5280,NCZ,KOGI,OFU,EJULE/ALLA,EJULE,PHC EJULE,,,,,,,
5281,NCZ,KOGI,OFU,IBOKO/EFAKWU,IBOKE/EFAKWU,PHC AGUJEJU,,,,,,,
5282,NCZ,KOGI,OFU,IGO,IGO,PHC ONICHAIGO,,,,,,,
5283,NCZ,KOGI,OFU,ITOBE/OKOKENYI,ITOBE,PHC ITOBE,,,,,,,
5284,NCZ,KOGI,OFU,OCHADAMU,OCHADAMU,PHC OCHADAMU,,,,,,,
5285,NCZ,KOGI,OFU,OFOKE,OFOKE,PHC AJEGU,,,,,,,
5286,NCZ,KOGI,OFU,OGBONICHA,OGBONICHA,PHC OFABO,,,,,,,
5287,NCZ,KOGI,OFU,UUWOLAND I,UGWALAWO I,PHC UGWOLAWO,,,,,,,
5288,NCZ,KOGI,OFU,UUWOLAND II,UGWALAWO II,PHC OJUWO OCHA,,,,,,,
5289,NCZ,KOGI,OGORI MANGOGO,AIYEROMI,AIYEROMI,PHC AIYEROMI,,,,,,,
5290,NCZ,KOGI,OGORI MANGOGO,ENI,ENI,PHCC ENI,,,,,,,
5291,NCZ,KOGI,OGORI MANGOGO,ILETEJU,ILETEJU,FSP ILETEJU,,,,,,,
5292,NCZ,KOGI,OGORI MANGOGO,OBATGBEM,OBATIGBEN,PHC OBATIGBEN,,,,,,,
5293,NCZ,KOGI,OGORI MANGOGO,OBINOYIN,OBINOYIN,PHC OBINOYIN,,,,,,,
5294,NCZ,KOGI,OGORI MANGOGO,OKESI,OKESI,PHC OKESI,,,,,,,
5295,NCZ,KOGI,OGORI MANGOGO,OKIBO,OKIBO,BHC OGORI,,,,,,,
5296,NCZ,KOGI,OGORI MANGOGO,OSHOBANE,OSHOBANE,PHC OSHOBANE,,,,,,,
5297,NCZ,KOGI,OGORI MANGOGO,OTURU OPOWUROYE,OTURU- OPOWUROYE,PHC OTURU,,,,,,,
5298,NCZ,KOGI,OGORI MANGOGO,UGUGU,UGUGU,BHC/NYSC CLINICS MAGONGO,,,,,,,
5299,NCZ,KOGI,OKEHI,EIKA OHIZENYI,EIKA OHIZENYI,PHCC EIKA,,,,,,,
5300,NCZ,KOGI,OKEHI,IKUEHI,IKUEHI,PHCC IKUEHI,,,,,,,
5301,NCZ,KOGI,OKEHI,OBANGEDE / UHUODO,OBANGEDE,PHC OBANGEDE,,,,,,,
5302,NCZ,KOGI,OKEHI,OBEIBA I,OBEIBA 1,PHC OBEIBA,,,,,,,
5303,NCZ,KOGI,OKEHI,OBEIBA II,OBEIBA 2,PHC INATA,,,,,,,
5304,NCZ,KOGI,OKEHI,OBOREKE EBA,OBOREKE EBA,PHC OBOROKE EBA,,,,,,,
5305,NCZ,KOGI,OKEHI,OBORO / OMAVI / OHUEPE,UBORO/OHUEPE,PHC OMAVI,,,,,,,
5306,NCZ,KOGI,OKEHI,OBOROKE / UVETE II,OBOROKE 2,PHC OBOROKE 2,,,,,,,
5307,NCZ,KOGI,OKEHI,OBOROKE UVETEI,OBOROKE UVETE I,PHC OKUMEHI,,,,,,,
5308,NCZ,KOGI,OKEHI,OHUETA,OHUETA,PHC OHUETA,,,,,,,
5309,NCZ,KOGI,OKEHI,OKAITO /USUNGWE,OKAITO/USUNGWE,PHCC OKAITO,,,,,,,
5310,NCZ,KOGI,OKENE,ABUGA / OZUJA,ABUGA OZUJA,PHC OKENGWE,,,,,,,
5311,NCZ,KOGI,OKENE,BARIKI,BARKI,HEALTH POST BARIKI,,,,,,,
5312,NCZ,KOGI,OKENE,IDOJI,IDOJI,PHC INIKE,,,,,,,
5313,NCZ,KOGI,OKENE,LAFIA / OBESSA,LAFIA/OBESSA,MOBILE CLINIC HEALTH,,,,,,,
5314,NCZ,KOGI,OKENE,OBEHIRA - EBA,OBEHIRA EBA,PHC AGEVA,,,,,,,
5315,NCZ,KOGI,OKENE,OBEHIRA - UVETTE,OBEHIRA UVETE,MCH IDOMA,,,,,,,
5316,NCZ,KOGI,OKENE,OKENE-EBA / AGASSA,OKENE EBA/ AGASSA,PHC AGASSA,,,,,,,
5317,NCZ,KOGI,OKENE,ONYUKOKO,ONYIKOKO,HEALTH POST ONYIKOKO,,,,,,,
5318,NCZ,KOGI,OKENE,ORIETESU,ORIETESU,HEALTH POST ORIETESU,,,,,,,
5319,NCZ,KOGI,OKENE,OTUTU,OTUTU,HEALTH POST OTUTU,,,,,,,
5320,NCZ,KOGI,OKENE,UPOGORO / ODENKU,UPOGORO,BHC UPOGORO,,,,,,,
5321,NCZ,KOGI,OLAMABORO,IMANE I,EFOFE,PHC ETUTEKPE,,,,,,,
5322,NCZ,KOGI,OLAMABORO,IMANE II,IMANE,PHC IMANE,,,,,,,
5323,NCZ,KOGI,OLAMABORO,OGUGU I,OGUGU 1,PHC ADUMU,,,,,,,
5324,NCZ,KOGI,OLAMABORO,OGUGU II,OGUGU 2,PHC OFANTE,,,,,,,
5325,NCZ,KOGI,OLAMABORO,OGUGU III,OGUGU3,PHC OGUGU,,,,,,,
5326,NCZ,KOGI,OLAMABORO,OLAMABORO I,OKPO,FSP OKPO,,,,,,,
5327,NCZ,KOGI,OLAMABORO,OLAMABORO II,ADEH,PHC ADEH,,,,,,,
5328,NCZ,KOGI,OLAMABORO,OLAMABORO III,EFABO,PHC AGALIGA EFABO,,,,,,,
5329,NCZ,KOGI,OLAMABORO,OLAMABORO V,IKEJE 5,PHC INABE,,,,,,,
5330,NCZ,KOGI,OLAMABORO,OLAMABORO V,IKEJE 4,MPHC IGA-IKEJE,,,,,,,
5331,NCZ,KOGI,OMALA,ABEJUKOLO,ABEJUKOLO II,PHC ECHA,,,,,,,
5332,NCZ,KOGI,OMALA,ABEJUKOLO,ABEJUKOLO I,PHC ABEJUKOLO,,,,,,,
5333,NCZ,KOGI,OMALA,AKPACHA,AKPACHA,PHC IBADO,,,,,,,
5334,NCZ,KOGI,OMALA,APADA / OFEJIJI,OFEJIJI/OPADA,PHC OFEJIJI,,,,,,,
5335,NCZ,KOGI,OMALA,ICHEKE - AJOKPACHI,Icheke,PHC Oti 3,,,,,,,
5336,NCZ,KOGI,OMALA,BAGAJI,ODOH,PHC BAGAJI,,,,,,,
5337,NCZ,KOGI,OMALA,BAGANA,BAGANA,PHC BAGANA,,,,,,,
5338,NCZ,KOGI,OMALA,OJI - AJI,Oji-Aji,PHC Igodo,,,,,,,
5339,NCZ,KOGI,OMALA,OGODU,OGODU,PHC OGODU,,,,,,,
5340,NCZ,KOGI,OMALA,OKPOTALA,OKPATALA,PHC OKPATALA,,,,,,,
5341,NCZ,KOGI,OMALA,OLLA,OLLA,PHC OLLA II,,,,,,,
5342,NCZ,KOGI,YAGBA EAST,ALAFIN / IDOFIN / ODOGBA,AREDU,PHC ILAFIN,,,,,,,
5343,NCZ,KOGI,YAGBA EAST,ALU // GBAGUN / ORARE,ALU IGBAGUN,BHC ALU,,,,,,,
5344,NCZ,KOGI,YAGBA EAST,EJUKU,EJUKU 05,BHC EJUKU,,,,,,,
5345,NCZ,KOGI,YAGBA EAST,IFE OLUKOTUN I,IFE OLUKOTUN (01),DHU IFE OLUKOTUN,,,,,,,
5346,NCZ,KOGI,YAGBA EAST,IFE OLUKOTUN II,IFE OLUKOTUN (02),PHC OKE- IFE OLUKOTUN,,,,,,,
5347,NCZ,KOGI,YAGBA EAST,ITEDO,OKEMETA,PHC OMOWA,,,,,,,
5348,NCZ,KOGI,YAGBA EAST,JEGE / OKEAGIOGBOM /ISAO,JEGE/TAKETE /OGBON,PHC ASALA ITAKETE,,,,,,,
5349,NCZ,KOGI,YAGBA EAST,MAKUTU I,MAKUTU I,PHC MAKUTU,,,,,,,
5350,NCZ,KOGI,YAGBA EAST,MAKUTU II,MAKUTU II,PHC ITEDO MAKUTU,,,,,,,
5351,NCZ,KOGI,YAGBA EAST,PONYAN,PONYAN,MPHC PONYAN,,,,,,,
5352,NCZ,KOGI,YAGBA WEST,ADOERI / OKERE / AKATA,ODO ERE,ODO-ERE DISTRICT HEALTH UNIT,,,,,,,
5353,NCZ,KOGI,YAGBA WEST,ADOERI / OKOTO,ODO ERI,BHC ODO-ERI,,,,,,,
5354,NCZ,KOGI,YAGBA WEST,EJIBA,EJIBA,BHC EJIBA,,,,,,,
5355,NCZ,KOGI,YAGBA WEST,ISANLU ESSA / OKOLORE EGUNRAN,ISANLU ESSA/OKOLEKE,BHC OKOLOKE,,,,,,,
5356,NCZ,KOGI,YAGBA WEST,IYAMERIN / IGBARUKU,OKERI,BHC IGBARUKU,,,,,,,
5357,NCZ,KOGI,YAGBA WEST,ODO - EGBE I,ODO EGBE I,PHC ISABA,,,,,,,
5358,NCZ,KOGI,YAGBA WEST,ODO - EGBE II,ODO EGBE II,BASIC HEALTH CENTRE AJEWO,,,,,,,
5359,NCZ,KOGI,YAGBA WEST,ODO - EGBE III,ODO EGBE III,BHC IJALU,,,,,,,
5360,NCZ,KOGI,YAGBA WEST,ODOARALOMI / OGGA,Odo Era/Omi/Oga,BHC Oga,,,,,,,
5361,NCZ,KOGI,YAGBA WEST,OGBE,OGBE,PHC OGBE,,,,,,,
5362,NCZ,KOGI,YAGBA WEST,OKE - EGBE I,OKE-EGBE I,BHC PALACE,,,,,,,
5363,NCZ,KOGI,YAGBA WEST,OKE - EGBE II,OKE-EGBE II,HEALTH CENTRE EGBE-TITUN,,,,,,,
5364,NCZ,KOGI,YAGBA WEST,OKE - EGBE III,OKE EGBE III,BHC ETIJAKURU,,,,,,,
5365,NCZ,KOGI,YAGBA WEST,OKE - EGBE IV,OKE EGBE IV,PPFN CLINIC,,,,,,,
5366,NCZ,KWARA,ASA,ADIGBONGBO/ AWE/ ORIMARO,,MODEL PRIMARY HEALTH CARE CENTRE AWE,,,,,,,
5367,NCZ,KWARA,ASA,AFON,,"DISTRICT HEALTH UNIT, AFON",,,,,,,
5368,NCZ,KWARA,ASA,AGO-OJA /OSIN/ SAPATI /LADUBA,,PRIMARY HEALTH CARE CENTRE LADUBA,,,,,,,
5369,NCZ,KWARA,ASA,BALLAH /OTTE,,PRIMARY HEALTH CARE CENTRE OTTE,,,,,,,
5370,NCZ,KWARA,ASA,BUDO EBGA,,MODEL PRIMARY HEALTH CARE CENTRE BUDO-EGBA,,,,,,,
5371,NCZ,KWARA,ASA,EFUE/ BERIKODO,,PRIMARY HEALTH CARE CENTRE EFUE,,,,,,,
5372,NCZ,KWARA,ASA,ELEBUE/ AGBONA/ FATA,,PRIMARY HEALTH CARE CENTRE AGBONA,,,,,,,
5373,NCZ,KWARA,ASA,GAMBARI /AIYEKALE,,PRIMARY HEALTH CARE CENTRE AIYEGUN,,,,,,,
5374,NCZ,KWARA,ASA,ILA-OJA,,PRIMARY HEALTH CARE CENTRE OLOMODA,,,,,,,
5375,NCZ,KWARA,ASA,ODO-ODE/ ABOTO,,PRIMARY HEALTH CARE CENTRE ABOTO ODO -ODE,,,,,,,
5376,NCZ,KWARA,ASA,OGBONDO OROKO/ REKE,,PRIMARY HEALTH CARE CENTRE OGBODONROKO/REKE,,,,,,,
5377,NCZ,KWARA,ASA,OGELE,,PRIMARY HEALTH CARE CENTRE OGELE,,,,,,,
5378,NCZ,KWARA,ASA,OKESHO,,PRIMARY HEALTH CARE CENTRE OKESHO,,,,,,,
5379,NCZ,KWARA,ASA,ONIRE/ ODE-GINA/ALADA,,PRIMARY HEALTH CARE CENTRE ALAPA,,,,,,,
5380,NCZ,KWARA,ASA,OWODE/ GBOGUN,,PRIMARY HEALTH CARE CENTRE OWODE OJA,,,,,,,
5381,NCZ,KWARA,ASA,YOWERE/ OKEWERU,,PRIMARY HEALTH CARE CENTRE OKEWERU (BAKASE),,,,,,,
5382,NCZ,KWARA,ASA,YOWERE/ SOSOKI,,PRIMARY HEALTH CARE CENTRE SOSOKI (YOWERE),,,,,,,
5383,NCZ,KWARA,BARUTEN,BORIYA / SHIYA,,PRIMARY HEALTH CARE CENTRE SHIYA,,,,,,,
5384,NCZ,KWARA,BARUTEN,GURE/GWARSORO,,MODEL PRIMARY HEALTH CARE CENTRE GURE,,,,,,,
5385,NCZ,KWARA,BARUTEN,GWANARA,,BASIC HEALTH CARE CENTRE GWANARA,,,,,,,
5386,NCZ,KWARA,BARUTEN,GWEDERE/ BABANE,,PRIMARY HEALTH CARE CENTRE BODE,,,,,,,
5387,NCZ,KWARA,BARUTEN,ILESHA,,CHILD WELFARE CLINIC ILESA,,,,,,,
5388,NCZ,KWARA,BARUTEN,KENU-TAREBA,,PRIMARY HEALTH CARE CENTRE KENU,,,,,,,
5389,NCZ,KWARA,BARUTEN,KIYORU-BWEN,,PRIMARY HEALTH CARE CENTRE GBABE,,,,,,,
5390,NCZ,KWARA,BARUTEN,KPURA YAKIRA,,PRIMARY HEALTH CARE CENTRE YAKERA,,,,,,,
5391,NCZ,KWARA,BARUTEN,OKUTA,,MOBILE HEALTH CLINIC OKUTA,,,,,,,
5392,NCZ,KWARA,BARUTEN,SHINAWU/TUMBUYA,,PRIMARY HEALTH CARE CENTRE SHINAWU,,,,,,,
5393,NCZ,KWARA,BARUTEN,YASHIKIRA,,BASIC HEALTH CARE CENTRE CHIKANDA,,,,,,,
5394,NCZ,KWARA,EDU,LAFIAGI I,,HEALTH POST BINDOFU LAFIAGI,,,,,,,
5395,NCZ,KWARA,EDU,LAFIAGI II,,"DISTRICT HEALTH UNIT, LAFIAGI",,,,,,,
5396,NCZ,KWARA,EDU,LAFIAGI III,,COMPREHENSIVE HEALTH CENTRE ZAMBUFU,,,,,,,
5397,NCZ,KWARA,EDU,LAFIAGI IV,,"DISPENSARY/MATERNITY, EDOGI DUKUN",,,,,,,
5398,NCZ,KWARA,EDU,TSARAGI I,,MODEL PRIMARY HEALTH CARE CENTRE GBADAGUN,,,,,,,
5399,NCZ,KWARA,EDU,TSARAGI II,,"MATERNITY/CLINIC, BACITA",,,,,,,
5400,NCZ,KWARA,EDU,TSARAGI III,,"MATERNITY/DISPENSARY, TSARAGI",,,,,,,
5401,NCZ,KWARA,EDU,TSONGA I,,COMPREHENSIVE HEALTH CENTRE SHONGA,,,,,,,
5402,NCZ,KWARA,EDU,TSONGA II,,MODEL PRIMARY HEALTH CARE CENTRE KANKO,,,,,,,
5403,NCZ,KWARA,EDU,TSONGA III,,PRIMARY HEALTH CARE CENTRE SANCITAGI,,,,,,,
5404,NCZ,KWARA,EKITI,EKURU,,PRIMARY HEALTH CARE CENTRE ERUKU,,,,,,,
5405,NCZ,KWARA,EKITI,ISAPA,,PRIMARY HEALTH CARE CENTRE ISAPA,,,,,,,
5406,NCZ,KWARA,EKITI,KORO,,PRIMARY HEALTH CARE CENTRE KORO,,,,,,,
5407,NCZ,KWARA,EKITI,OBBO- AIYEGUNLE I,,PRIMARY HEALTH CARE CENTRE OBBO-AIYEGUNLE,,,,,,,
5408,NCZ,KWARA,EKITI,OBBO- AIYEGUNLE II,,AWOYE PRIMARY HEALTH CENTRE OBBO-AIYEGUNLE,,,,,,,
5409,NCZ,KWARA,EKITI,OBBO-ILE,,PRIMARY HEALTH CARE CENTRE OBBO-ILE,,,,,,,
5410,NCZ,KWARA,EKITI,OKE OPIN /ETAN,,PRIMARY HEALTH CARE CENTRE ETAN,,,,,,,
5411,NCZ,KWARA,EKITI,OPIN,,PRIMARY HEALTH CARE CENTRE EPE,,,,,,,
5412,NCZ,KWARA,EKITI,OSSI I,,PRIMARY HEALTH CARE CENTRE OMUMU,,,,,,,
5413,NCZ,KWARA,EKITI,OSSI II,,PRIMARY HEALTH CARE CENTRE OSI,,,,,,,
5414,NCZ,KWARA,IFELODUN,AGUNJIN,,MODEL PRIMARY HEALTH CARE CENTRE AGUNJIN,,,,,,,
5415,NCZ,KWARA,IFELODUN,IDOFIAN I,,PRIMARY HEALTH CARE CENTRE IDOFIAN,,,,,,,
5416,NCZ,KWARA,IFELODUN,IDOFIAN II,,BASIC HEALTH CARE CENTRE AMOYO,,,,,,,
5417,NCZ,KWARA,IFELODUN,IGBAJA I,,BASIC HEALTH CARE CENTRE IGBAJA,,,,,,,
5418,NCZ,KWARA,IFELODUN,IGBAJA II,,PRIMARY HEALTH CARE CENTRE ADANLA,,,,,,,
5419,NCZ,KWARA,IFELODUN,IGBAJA III,,BASIC HEALTH CARE CENTRE YARU,,,,,,,
5420,NCZ,KWARA,IFELODUN,ILE IRE,,MODEL PRIMARY HEALTH CARE CENTRE BABANLA,,,,,,,
5421,NCZ,KWARA,IFELODUN,OKE -ODE I,,MATERNITY CENTRE OKE-ODE,,,,,,,
5422,NCZ,KWARA,IFELODUN,OKE -ODE II,,PRIMARY HEALTH CARE CENTRE LABAKA-OJA,,,,,,,
5423,NCZ,KWARA,IFELODUN,OKE -ODE III,,BASIC HEALTH CARE CENTRE SHAGBE,,,,,,,
5424,NCZ,KWARA,IFELODUN,OMUPA,,BASIC HEALTH CARE CENTRE OMUPO,,,,,,,
5425,NCZ,KWARA,IFELODUN,ORA,,BASIC HEALTH CARE CENTRE ORA,,,,,,,
5426,NCZ,KWARA,IFELODUN,ORO-AGO,,BASIC HEALTH CARE CENTRE ORO-AGO,,,,,,,
5427,NCZ,KWARA,IFELODUN,SHARE I,,PRIMARY HEALTH CARE CENTRE SHARE,,,,,,,
5428,NCZ,KWARA,IFELODUN,SHARE II,,HEALTH POST APATA-AJE,,,,,,,
5429,NCZ,KWARA,IFELODUN,SHARE III,, BASIC HEALTH CARE CENTRE BABANLOMA,,,,,,,
5430,NCZ,KWARA,IFELODUN,SHARE IV,,COMPREHENSIVE HEALTH CENTRE BABANLOMA,,,,,,,
5431,NCZ,KWARA,IFELODUN,SHARE V,,BASIC HEALTH CARE CENTRE IYANA SHARE,,,,,,,
5432,NCZ,KWARA,ILOIN SOUTH,AKANBI I,,PRIMARY HEALTH CARE CENTRE ILOTA/APAOLA,,,,,,,
5433,NCZ,KWARA,ILOIN SOUTH,AKANBI II,,PRIMARY HEALTH CARE CENTRE MOGAJI AJOMU,,,,,,,
5434,NCZ,KWARA,ILOIN SOUTH,AKANBI III,,PRIMARY HEALTH CARE CENTRE ERO OMO,,,,,,,
5435,NCZ,KWARA,ILOIN SOUTH,AKANBI IV,,PRIMARY HEALTH CARE CENTRE TANKE,,,,,,,
5436,NCZ,KWARA,ILOIN SOUTH,AKANBI V,,BASIC HEALTH CARE CENTRE KULENDE,,,,,,,
5437,NCZ,KWARA,ILOIN SOUTH,BALOGUN FULANI I,,PRIMARY HEALTH CARE CENTRE ASUNARA,,,,,,,
5438,NCZ,KWARA,ILOIN SOUTH,BALOGUN FULANI II,,PRIMARY HEALTH CARE CENTRE BALOGUN FULANI,,,,,,,
5439,NCZ,KWARA,ILOIN SOUTH,BALOGUN FULANI III,,PRIMARY HEALTH CARE CENTRE ISALE-ASA,,,,,,,
5440,NCZ,KWARA,ILOIN SOUTH,OKAKLA I,,PRIMARY HEALTH CARE CENTRE MAGAJI OKAKA,,,,,,,
5441,NCZ,KWARA,ILOIN SOUTH,OKAKLA II,,PRIMARY HEALTH CARE CENTRE BALOGUN AFIN,,,,,,,
5442,NCZ,KWARA,ILOIN SOUTH,OKE OGUN,,BASIC HEALTH CARE CENTRE OLUFADI (UNILORIN TRAINING CENTRE),,,,,,,
5443,NCZ,KWARA,ILORIN EAST,AGBEYANGI / GBADAMU / OSIN,,PRIMARY HEALTH CARE CENTRE AGBEYANGI,,,,,,,
5444,NCZ,KWARA,ILORIN EAST,APADO,,PRIMARY HEALTH CARE CENTRE APADO,,,,,,,
5445,NCZ,KWARA,ILORIN EAST,GAMBARI I,,PRIMARY HEALTH CARE CENTRE AWODI,,,,,,,
5446,NCZ,KWARA,ILORIN EAST,GAMBARI II,,PRIMARY HEALTH CARE CENTRE OJAGBORO,,,,,,,
5447,NCZ,KWARA,ILORIN EAST,IBAGUN,,COMPREHENSIVE HEALTH CENTRE OKELELE,,,,,,,
5448,NCZ,KWARA,ILORIN EAST,IPONRIN,,PRIMARY HEALTH CARE CENTRE IPONRIN,,,,,,,
5449,NCZ,KWARA,ILORIN EAST,MAGAJ ARE I,,PRIMARY HEALTH CARE CENTRE MOGAJI ARE,,,,,,,
5450,NCZ,KWARA,ILORIN EAST,MAGAJI ARE II,,PRIMARY HEALTH CARE CENTRE ALALUBOSA,,,,,,,
5451,NCZ,KWARA,ILORIN EAST,MARAFA/PEPELE,,PRIMARY HEALTH CARE CENTRE MARAFA,,,,,,,
5452,NCZ,KWARA,ILORIN EAST,MAYA/ ILE-APA,,PRIMARY HEALTH CARE CENTRE ILE APA,,,,,,,
5453,NCZ,KWARA,ILORIN EAST,OKE-OYI / OKE-OSE / ALALUBOSA,,MODEL PRIMARY HEALTH CARE CENTRE OKE-OSE,,,,,,,
5454,NCZ,KWARA,ILORIN EAST,ZANGO,,PRIMARY HEALTH CARE CENTRE OKESUNA,,,,,,,
5455,NCZ,KWARA,ILORIN WEST,ADEWOLE,,BASIC HEALTH CARE CENTRE ADEWOLE,,,,,,,
5456,NCZ,KWARA,ILORIN WEST,AJIKOBI,,PRIMARY HEALTH CARE CENTRE OMODA,,,,,,,
5457,NCZ,KWARA,ILORIN WEST,BABOKO,,BABOKO WARD CLINIC AND MATERNITY,,,,,,,
5458,NCZ,KWARA,ILORIN WEST,BADARI,,PRIMARY HEALTH CARE CENTRE BADARI,,,,,,,
5459,NCZ,KWARA,ILORIN WEST,BALOGUN ALANAMU,,COMPREHENSIVE HEALTH CENTRE ALANAMU,,,,,,,
5460,NCZ,KWARA,ILORIN WEST,MAGAJI NGERI,,PRIMARY HEALTH CARE CENTRE MAGAJI NGERI,,,,,,,
5461,NCZ,KWARA,ILORIN WEST,OGIDI,,PRIMARY HEALTH CARE CENTRE OGIDI BANNI,,,,,,,
5462,NCZ,KWARA,ILORIN WEST,OJUEKUN ZARUMI,,BASIC HEALTH CARE CENTRE ZARUMI,,,,,,,
5463,NCZ,KWARA,ILORIN WEST,OKO ERIN,,PRIMARY HEALTH CARE CENTRE OKO-ERIN,,,,,,,
5464,NCZ,KWARA,ILORIN WEST,OLOJE,,BASIC HEALTH CARE CENTRE OLOJE,,,,,,,
5465,NCZ,KWARA,ILORIN WEST,UBANDAWAKI,,BASIC HEALTH CARE CENTRE PAKATA,,,,,,,
5466,NCZ,KWARA,ILORIN WEST,WARRAH OSIN $ EGBEJILA,,PRIMARY HEALTH CARE CENTRE EGBEJILA,,,,,,,
5467,NCZ,KWARA,IREPODUN,AJASSE IPO I,,AJASSE -IPO PHC,,,,,,,
5468,NCZ,KWARA,IREPODUN,AJASSE IPO II,,PRIMARY HEALTH CARE CENTRE AGBAMU,,,,,,,
5469,NCZ,KWARA,IREPODUN,ARANDUN,,PRIMARY HEALTH CARE CENTRE ARANDUN,,,,,,,
5470,NCZ,KWARA,IREPODUN,ESIE/IJAN,,PRIMARY HEALTH CARE CENTRE ESIE,,,,,,,
5471,NCZ,KWARA,IREPODUN,IPETU/RORE/ARAN-ORIN,,PRIMARY HEALTH CARE CENTRE ARAN-ORIN,,,,,,,
5472,NCZ,KWARA,IREPODUN,OKO,,PRIMARY HEALTH CARE CENTRE OKO,,,,,,,
5473,NCZ,KWARA,IREPODUN,OMU ARAN I(ARAN),,PRIMARY HEALTH CARE CENTRE OFE-ARAN,,,,,,,
5474,NCZ,KWARA,IREPODUN,OMU ARAN II (IHAYE),,PRIMARY HEALTH CARE CENTRE OROLODO,,,,,,,
5475,NCZ,KWARA,IREPODUN,OMU ARAN III IFAJE,,PRIMARY HEALTH CARE CENTRE IFAJA,,,,,,,
5476,NCZ,KWARA,IREPODUN,ORO I,,PRIMARY HEALTH CARE CENTRE IJOMU-ORO,,,,,,,
5477,NCZ,KWARA,IREPODUN,ORO II,,PRIMARY HEALTH CARE CENTRE OKE-OLA,,,,,,,
5478,NCZ,KWARA,ISIN,ALLA,,PRIMARY HEALTH CARE CENTRE ALLA,,,,,,,
5479,NCZ,KWARA,ISIN,EDIDI,,PRIMARY HEALTH CARE CENTRE EDIDI,,,,,,,
5480,NCZ,KWARA,ISIN,IJARA,,PRIMARY HEALTH CARE CENTRE IJARA ISIN,,,,,,,
5481,NCZ,KWARA,ISIN,ISANLU I,,PRIMARY HEALTH CENTRE ELEYIN,,,,,,,
5482,NCZ,KWARA,ISIN,ISANLU II,,PRIMARY HEALTH CENTRE ISANLU,,,,,,,
5483,NCZ,KWARA,ISIN,IWO,,COMPREHENSIVE HEALTH CENTRE IWO,,,,,,,
5484,NCZ,KWARA,ISIN,OKE ABA,,PRIMARY HEALTH CARE CENTRE OKE ABA,,,,,,,
5485,NCZ,KWARA,ISIN,OKE ONIGBIN,,COMPREHENSIVE HEALTH CENTRE OKE ONIGBIN,,,,,,,
5486,NCZ,KWARA,ISIN,OLLA,,PRIMARY HEALTH CARE CENTRE OLLA,,,,,,,
5487,NCZ,KWARA,ISIN,OWU,,MODEL PRIMARY HEALTH CARE CENTRE OWU ISIN,,,,,,,
5488,NCZ,KWARA,ISIN,SABAJA/PAMA/OBA,,PRIMARY HEALTH CARE CENTRE OBA,,,,,,,
5489,NCZ,KWARA,KAIAMA,ADENA,,PRIMARY HEALTH CARE CENTRE ADENA,,,,,,,
5490,NCZ,KWARA,KAIAMA,BANI,,BASIC HEALTH CARE CENTRE BANI,,,,,,,
5491,NCZ,KWARA,KAIAMA,GWANABE II,,ABOKI PHC,,,,,,,
5492,NCZ,KWARA,KAIAMA,GWANBE I,,PRIMARY HEALTH CARE CENTRE WORO,,,,,,,
5493,NCZ,KWARA,KAIAMA,GWARIA,,PRIMARY HEALTH CARE CENTRE GWARIA,,,,,,,
5494,NCZ,KWARA,KAIAMA,KAIAMA I,,PRIMARY HEALTH CARE CENTRE BUKA-BIU,,,,,,,
5495,NCZ,KWARA,KAIAMA,KAIAMA II,,"MATERNAL & CHILD WELFARE CLINIC, KAIAMA",,,,,,,
5496,NCZ,KWARA,KAIAMA,KAIAMA III,,"SCHOOL CLINIC, KAIAMA",,,,,,,
5497,NCZ,KWARA,KAIAMA,KEMANJI,,PRIMARY HEALTH CARE CENTRE KEMANJI,,,,,,,
5498,NCZ,KWARA,KAIAMA,WAJIBE,,MODEL PRIMARY HEALTH CARE CENTRE KUGIJI,,,,,,,
5499,NCZ,KWARA,MORO,ABATI/ ALARA,,PRIMARY HEALTH CARE CENTRE TEPATAN,,,,,,,
5500,NCZ,KWARA,MORO,AJANAKU,,PRIMARY HEALTH CARE CENTRE AGBAKU-AGAR,,,,,,,
5501,NCZ,KWARA,MORO,AROBADI,,PRIMARY HEALTH CARE CENTRE AROBADI,,,,,,,
5502,NCZ,KWARA,MORO,BABA DUDU,,PRIMARY HEALTH CARE CENTRE BABADUDU,,,,,,,
5503,NCZ,KWARA,MORO,BODE SAADU,,BASIC HEALTH CARE CENTRE BODE-SAADU,,,,,,,
5504,NCZ,KWARA,MORO,EJIDONGARI,,COMPREHENSIVE HEALTH CENTRE EJIDONGARI,,,,,,,
5505,NCZ,KWARA,MORO,JEBBA,,MODEL PRIMARY HEALTH CARE CENTRE JEBBA,,,,,,,
5506,NCZ,KWARA,MORO,LANWA,,BASIC HEALTH CARE CENTRE LANWA,,,,,,,
5507,NCZ,KWARA,MORO,LOGUN-JENKUNI,,HEALTH POST JEHUNKUNNU,,,,,,,
5508,NCZ,KWARA,MORO,MAIGIDA,,PRIMARY HEALTH CARE CENTRE MEGIDA,,,,,,,
5509,NCZ,KWARA,MORO,MALETE,,COMPREHENSIVE HEALTH CENTRE MALETE,,,,,,,
5510,NCZ,KWARA,MORO,OKEMI,,PRIMARY HEALTH CARE CENTRE OLOWODE,,,,,,,
5511,NCZ,KWARA,MORO,OKUTALA,,MODEL PRIMARY HEALTH CARE CENTRE OKUTALA,,,,,,,
5512,NCZ,KWARA,MORO,OLORU,,PRIMARY HEALTH CARE CENTRE OLORU,,,,,,,
5513,NCZ,KWARA,MORO,PAKUMA,,PRIMARY HEALTH CARE CENTRE BUDO-OKE,,,,,,,
5514,NCZ,KWARA,MORO,SHAO,,COMPREHENSIVE HEALTH CENTRE SHAO,,,,,,,
5515,NCZ,KWARA,MORO,WOMI-AYAKI,,PRIMARY HEALTH CARE CENTRE ELEMERE,,,,,,,
5516,NCZ,KWARA,OFFA,BALOGUN,,BASIC HEALTH CARE CENTRE BALOGUN,,,,,,,
5517,NCZ,KWARA,OFFA,ESA A,,PRIMARY HEALTH CARE CENTRE ESSA,,,,,,,
5518,NCZ,KWARA,OFFA,ESA B,,PRIMARY HEALTH CARE CENTRE AYABA,,,,,,,
5519,NCZ,KWARA,OFFA,ESA C,,BASIC HEALTH CARE CENTRE NAWARUL-DEEN,,,,,,,
5520,NCZ,KWARA,OFFA,IGBO IDUN,,COMPREHENSIVE HEALTH CENTRE IGBOIDUN,,,,,,,
5521,NCZ,KWARA,OFFA,OJOMU CENTRAL A,,PRIMARY HEALTH CARE CENTRE OJOMU,,,,,,,
5522,NCZ,KWARA,OFFA,OJOMU CENTRAL B,,BASIC HEALTH CARE CENTRE OLUYEMO,,,,,,,
5523,NCZ,KWARA,OFFA,OJOMU NORTH NORTH WEST,,COMPREHENSIVE HEALTH CENTRE LAMODI,,,,,,,
5524,NCZ,KWARA,OFFA,OJOMU SUTU EAST,,BASIC HEALTH CARE CENTRE OWODE,,,,,,,
5525,NCZ,KWARA,OFFA,SHAWO CENTRAL,,PRIMARY HEALTH CARE CENTRE ABOGUNUGUN,,,,,,,
5526,NCZ,KWARA,OFFA,SHAWO SOUTH EAST,,AISHA OLOYEDE PRIMARY HEALTH CARE,,,,,,,
5527,NCZ,KWARA,OFFA,SHAWO SOUTH WEST,,SHAWO SOUTHWEST BHC,,,,,,,
5528,NCZ,KWARA,OKE ERO,AIYEDUN,,PRIMARY HEALTH CARE CENTRE AYEDUN,,,,,,,
5529,NCZ,KWARA,OKE ERO,EKAN,,COMPREHENSIVE HEALTH CENTRE EKANMEJE,,,,,,,
5530,NCZ,KWARA,OKE ERO,IDOFIN ODO-ASHE,,PRIMARY HEALTH CARE CENTRE AYEKALE,,,,,,,
5531,NCZ,KWARA,OKE ERO,IDOFINIGBANA I,,PRIMARY HEALTH CARE CENTRE ODEDA,,,,,,,
5532,NCZ,KWARA,OKE ERO,IDOFINIGBANA II,,PRIMARY HEALTH CARE CENTRE IDOFIN-IGBANA,,,,,,,
5533,NCZ,KWARA,OKE ERO,IDOFINIGBANA II,,PRIMARY HEALTH CARE CENTRE IDOFIN-IGBANA,,,,,,,
5534,NCZ,KWARA,OKE ERO,ILOFA,,PRIMARY HEALTH CARE CENTRE ILOFFA/ODO OWA,,,,,,,
5535,NCZ,KWARA,OKE ERO,IMODE/EGOSI,,PRIMARY HEALTH CARE CENTRE IMODE,,,,,,,
5536,NCZ,KWARA,OKE ERO,IMOJI/ILARE/ERINWAMOPE,,PRIMARY HEALTH CARE CENTRE ILALE,,,,,,,
5537,NCZ,KWARA,OKE ERO,ODO-OWA I,,PRIMARY HEALTH CARE CENTRE ODO-OWA I,,,,,,,
5538,NCZ,KWARA,OKE ERO,ODO-OWA II,,PRIMARY HEALTH CARE CENTRE ODO-OWA II,,,,,,,
5539,NCZ,KWARA,OYUN,ERIN ILE SOUTH,,MODEL PRIMARY HEALTH CARE CENTRE ERIN-ILE,,,,,,,
5540,NCZ,KWARA,OYUN,ERIN-ILE NORTH,,BASIC HEALTHCARE CENTRE ERIN-ILE,,,,,,,
5541,NCZ,KWARA,OYUN,IGBONA,,BASIC HEALTH CARE CENTRE IGBONNA,,,,,,,
5542,NCZ,KWARA,OYUN,IGOSUN,,BASIC HEALTH CARE CENTRE IGOSUN,,,,,,,
5543,NCZ,KWARA,OYUN,IJAGBO,,BASIC HEALTH CARE CENTRE IJAGBO,,,,,,,
5544,NCZ,KWARA,OYUN,IKOTUN,,BASIC HEALTH CARE CENTRE IKOTUN,,,,,,,
5545,NCZ,KWARA,OYUN,ILEMOLA,,BASIC HEALTH CARE CENTRE ILEMONA,,,,,,,
5546,NCZ,KWARA,OYUN,INAJA/ AHOGBADA,,BASIC HEALTH CARE CENTRE AHOGBADA,,,,,,,
5547,NCZ,KWARA,OYUN,IPEE,,BASIC HEALTH CARE CENTRE IPEE,,,,,,,
5548,NCZ,KWARA,OYUN,IRRA,,BASIC HEALTH CARE CENTRE IRA,,,,,,,
5549,NCZ,KWARA,OYUN,OJKU,,BASIC HEALTH CARE CENTRE OJOKU,,,,,,,
5550,NCZ,KWARA,PATIGI,KPADA I,,MODEL PRIMARY HEALTH CARE CENTRE KPADA,,,,,,,
5551,NCZ,KWARA,PATIGI,KPADA II,,COMPREHENSIVE HEALTH CENTRE ROGUN,,,,,,,
5552,NCZ,KWARA,PATIGI,KPADA III,,MATERNITY & DISPENSARY RIFUN,,,,,,,
5553,NCZ,KWARA,PATIGI,LADE I,,PRIMARY HEALTH CARE CENTRE GADA BOZUWA,,,,,,,
5554,NCZ,KWARA,PATIGI,LADE II,,PRIMARY HEALTH CARE CENTRE RANI-WORO,,,,,,,
5555,NCZ,KWARA,PATIGI,LADE III,,PRIMARY HEALTH CARE CENTRE SAKPAFU,,,,,,,
5556,NCZ,KWARA,PATIGI,PATIGI I,,INFANT WELFARE CLINIC PATIGI,,,,,,,
5557,NCZ,KWARA,PATIGI,PATIGI II,,BHC EFU MAKUN,,,,,,,
5558,NCZ,KWARA,PATIGI,PATIGI III,,LGA DISPENSARY PATIGI,,,,,,,
5559,NCZ,KWARA,PATIGI,PATIGI IV,,PRIMARY HEALTH CARE CENTRE EDOGI KPANSANAKO,,,,,,,
5560,SWZ,LAGOS,AGEGE,AGBOTIKUYO/DOPEMU,AGBOTIKUYO/ DOPEMU,DOPEMU PHC,,,,,,,
5561,SWZ,LAGOS,AGEGE,DAROCHA,DAROCHA,AJEGUNLE H/POST,,,,,,,
5562,SWZ,LAGOS,AGEGE,KEKE,KEKE,SANGO PHC,,,,,,,
5563,SWZ,LAGOS,AGEGE,ONIWAYA/PAPA-UKU,ONIWAYA/ PAPA-UKU,KWAKWA UKU PHC,,,,,,,
5564,SWZ,LAGOS,AGEGE,ORILE AGEGE/OKO OBA,ORILE AGEGE/ OKO OBA,POWERLINE PHC,,,,,,,
5565,SWZ,LAGOS,AGEGE,ORILE AGEGE/OKO OBA,ORILE AGEGE/ OKO OBA,SORETIRE PHC,,,,,,,
5566,SWZ,LAGOS,AGEGE,OYEWOLE/PAPA ASHAFA,OYEWOLE/ PAPA ASHAFA,ODUNMBAKU PHC,,,,,,,
5567,SWZ,LAGOS,AJEROMI IFELODUN,AGO-HAUSA,AGO HAUSA,AJEGUNLE PHC,,,,,,,
5568,SWZ,LAGOS,AJEROMI IFELODUN,ALABA ORO,ALABA-ORO,AMUKOKO PHC,,,,,,,
5569,SWZ,LAGOS,AJEROMI IFELODUN,MOSAFEJO,MOSAFEJO,ORIDILU PHC,,,,,,,
5570,SWZ,LAGOS,AJEROMI IFELODUN,OJO-ROAD,OJO ROAD,LAYENI PHC,,,,,,,
5571,SWZ,LAGOS,AJEROMI IFELODUN,TEMIDIRE II/ALAKOTO,TEMIDIRE 11/ ALAKOTO,AKERE PHC,,,,,,,
5572,SWZ,LAGOS,AJEROMI IFELODUN,TOLU/ALAYABIAGBA,TOLU/ ALAYABIAGBA,TOLU PHC,,,,,,,
5573,SWZ,LAGOS,AJEROMI IFELODUN,WILMER,WILMER,IBAFON PHC,,,,,,,
5574,SWZ,LAGOS,ALIMOSHO,"ABULE-EGBA, ABORU, MEIRAN, ALAGBADO",AJASA/AMIKANLE,MEIRAN PHC,,,,,,,
5575,SWZ,LAGOS,ALIMOSHO,"ABULE-EGBA, ABORU, MEIRAN, ALAGBADO",AJASA/AMIKANLE,AMIKANLE PHC,,,,,,,
5576,SWZ,LAGOS,ALIMOSHO,"ABULE-EGBA, ABORU, MEIRAN, ALAGBADO",ABORU,ABORU PHC,,,,,,,
5577,SWZ,LAGOS,ALIMOSHO,"ABULE-EGBA, ABORU, MEIRAN, ALAGBADO",AGBELEKALE,AGBELEKALE PHC.,,,,,,,
5578,SWZ,LAGOS,ALIMOSHO,"ABULE-EGBA, ABORU, MEIRAN, ALAGBADO",ALAGBADO,AGBADO,,,,,,,
5579,SWZ,LAGOS,ALIMOSHO,AYOBO/IJON,BADA,CELE/ APATA PHC,,,,,,,
5580,SWZ,LAGOS,ALIMOSHO,AYOBO/IJON,BADA,BADA/BALOGUN PHC,,,,,,,
5581,SWZ,LAGOS,ALIMOSHO,AYOBO/IJON,AYOBO/ IJON,AYOBO PHC,,,,,,,
5582,SWZ,LAGOS,ALIMOSHO,EGBE/AGODO,EGBE/AGODO,AGODO PRIMARY HEALTH CENTRE,,,,,,,
5583,SWZ,LAGOS,ALIMOSHO,EGBEDA/ALIMOSHO,OMITUNTUN-ORILORI,IPILE RERE PRIMARY HEALTHCARE CENTRE,,,,,,,
5584,SWZ,LAGOS,ALIMOSHO,IDIMU/ISHERI/OLOFIN,ISHERI-OSHUN,ISHERI-OSHUN PHC,,,,,,,
5585,SWZ,LAGOS,ALIMOSHO,IDIMU/ISHERI/OLOFIN,IDIMU/ ISHERI PHC,ISHERI-OLOFIN PHC.,,,,,,,
5586,SWZ,LAGOS,ALIMOSHO,IGANDO/EGAN,IGANDO/ EGAN,EGAN PHC,,,,,,,
5587,SWZ,LAGOS,ALIMOSHO,IKOTUN/IJEGUN,IJEGUN,IJEGUN PHC,,,,,,,
5588,SWZ,LAGOS,ALIMOSHO,IKOTUN/IJEGUN,ABARANJE/OKERUBE,OKERUBE PHC,,,,,,,
5589,SWZ,LAGOS,ALIMOSHO,IKOTUN/IJEGUN,IKOTUN/ IJEGUN,IKOTUN PHC ( ELF FOUNDATION PHC),,,,,,,
5590,SWZ,LAGOS,ALIMOSHO,IPAJA NORTH,IPAJA NORTH,BARUWA PHC,,,,,,,
5591,SWZ,LAGOS,ALIMOSHO,IPAJA NORTH,ABASAN 2,AKINYELE PHC,,,,,,,
5592,SWZ,LAGOS,ALIMOSHO,IPAJA SOUTH,MOSAN AKINOGUN,AKINOGUN PHC,,,,,,,
5593,SWZ,LAGOS,ALIMOSHO,IPAJA SOUTH,OKUNOLA,RAUF AREGBESOLA PHC,,,,,,,
5594,SWZ,LAGOS,ALIMOSHO,PLEASURE/OKE-ODO,OKI,OKI PHC.,,,,,,,
5595,SWZ,LAGOS,ALIMOSHO,SHASHA/AKOWONJO,SHASHA/ AKOWONJO,ORISUNBARE PHC,,,,,,,
5596,SWZ,LAGOS,AMUWO ODOFIN,AMUWO,AGBOJU,AGBOJU PHC,,,,,,,
5597,SWZ,LAGOS,AMUWO ODOFIN,FESTAC I,ADOSOBA,OTHER NAME OF FACILITY IF ANY,,,,,,,
5598,SWZ,LAGOS,AMUWO ODOFIN,FESTAC I,FESTAC I,FESTAC PHC,,,,,,,
5599,SWZ,LAGOS,AMUWO ODOFIN,HOUSING,HOUSING ESTATE,MILE 2 PHC,,,,,,,
5600,SWZ,LAGOS,AMUWO ODOFIN,IBESHE,IBESHE,IBESHE PHC,,,,,,,
5601,SWZ,LAGOS,AMUWO ODOFIN,IGBOLOGUN,IGBOLOGUN,IGBOLOGUN PHC,,,,,,,
5602,SWZ,LAGOS,AMUWO ODOFIN,IJEGUN,IJEGUN,SATELLITE PHC,,,,,,,
5603,SWZ,LAGOS,AMUWO ODOFIN,KIRIKIRI,KIRIKIRI,KIRIKIRI HP,,,,,,,
5604,SWZ,LAGOS,APAPA,APAPA I ( MARINE ROAD & ENVIRONS),APAPA I,OLUWOLE PHC,,,,,,,
5605,SWZ,LAGOS,APAPA,APAPA III (CREEK RD/TINCAN/ SNAKE ISLAND,APAPA III,NANTI PHC,,,,,,,
5606,SWZ,LAGOS,APAPA,GASKIYA ROAD & ENVIRONS,GASKIYA,OLOJOWON PHC,,,,,,,
5607,SWZ,LAGOS,APAPA,IJORA OLOYE & ENVIRONS,IJORA OLOYE,IJORA OLOYE PHC,,,,,,,
5608,SWZ,LAGOS,APAPA,MALU ROAD & ENVIRONS,MALU ROAD,MARINE BEACH HEALTH POST,,,,,,,
5609,SWZ,LAGOS,APAPA,SARI & ENVIRONS,SARI,ZION PHC,,,,,,,
5610,SWZ,LAGOS,APAPA,SARI & ENVIRONS,SARI,SARI PHC,,,,,,,
5611,SWZ,LAGOS,BADAGRY CENTRAL,AJARA,AJARA,AJARA PHC,,,,,,,
5612,SWZ,LAGOS,BADAGRY CENTRAL,AJARA,AJARA TOPA,AJARA TOPA PHC,,,,,,,
5613,SWZ,LAGOS,BADAGRY CENTRAL,AJIDO,AJIDO,AJIDO PHC,,,,,,,
5614,SWZ,LAGOS,BADAGRY CENTRAL,APA,APA,APA PHC,,,,,,,
5615,SWZ,LAGOS,BADAGRY CENTRAL,AWHANJIGOH,AWHANJIGO,MARINA PHC,,,,,,,
5616,SWZ,LAGOS,BADAGRY CENTRAL,IBEREKO,ARADAGUN MOWO,MOWO PHC,,,,,,,
5617,SWZ,LAGOS,BADAGRY CENTRAL,IKOGA,IKOGA,POTA PHC,,,,,,,
5618,SWZ,LAGOS,BADAGRY CENTRAL,ILOGBO/ARAROMI,ARAROMI ALE,ILOGBO PHC,,,,,,,
5619,SWZ,LAGOS,BADAGRY CENTRAL,ILOGBO/ARAROMI,ARAROMI ALE,MOROGBO PHC,,,,,,,
5620,SWZ,LAGOS,BADAGRY CENTRAL,IWORO/GBANKO,IWORO/ GBANKO,ILADO PHC,,,,,,,
5621,SWZ,LAGOS,BADAGRY CENTRAL,KETA-EAST,GBETROME,SEME PHC,,,,,,,
5622,SWZ,LAGOS,BADAGRY CENTRAL,KETA-EAST,KWEME,FARASIME PHC,,,,,,,
5623,SWZ,LAGOS,BADAGRY CENTRAL,KETA-EAST,WESERE,IGBOGBELE PHC,,,,,,,
5624,SWZ,LAGOS,EPE,AGBOWA \IKOSI,AGBOWA IKOSI,AGBOWA PHC,,,,,,,
5625,SWZ,LAGOS,EPE,AGBOWA \IKOSI,IKOSI EJIRIN,OTTA IKOSI PHC,,,,,,,
5626,SWZ,LAGOS,EPE,EJINRIN,EJINRIN,EJINRIN PHC,,,,,,,
5627,SWZ,LAGOS,EPE,ETITA/EBODE,ETITA/ BADO,EPE PHC,,,,,,,
5628,SWZ,LAGOS,EPE,IBONWON,IBOWON,IBOWON PHC,,,,,,,
5629,SWZ,LAGOS,EPE,ILARA,ILARA,ILARA PRIMARY HEALTH CENTRE,,,,,,,
5630,SWZ,LAGOS,EPE,ITOIKIN,ITOIKIN,ITOIKIN PHC,,,,,,,
5631,SWZ,LAGOS,EPE,LAGBADE,ISALE AGORO,AFUYE PHC,,,,,,,
5632,SWZ,LAGOS,EPE,ODOMOLA,ODOMOLA,ODOMOLA PHC,,,,,,,
5633,SWZ,LAGOS,EPE,ODORAGUNSIN,ODORAGUNSHIN,MOJODA PHC,,,,,,,
5634,SWZ,LAGOS,EPE,ODORAGUNSIN,ODORAGUNSHIN,EREDO PHC,,,,,,,
5635,SWZ,LAGOS,EPE,ORUGBO,ORUGBO,ORUGBO PHC,,,,,,,
5636,SWZ,LAGOS,ETI OSA,ADDO/LANGBASA/BADORE,BADORE,BADORE PHC,,,,,,,
5637,SWZ,LAGOS,ETI OSA,AJAH/SANGOTEDO,AJAH/ SANGOTEDO VILLAGE,SANGOTEDO PHC,,,,,,,
5638,SWZ,LAGOS,ETI OSA,ILADO/ETI-OSA,OKUMOPOPO/OGOMBO,OKUNMOPO PHC,,,,,,,
5639,SWZ,LAGOS,ETI OSA,LEKKI IKATE AND ENVIRONS,IKATE,IKATE PHC,,,,,,,
5640,SWZ,LAGOS,ETI OSA,VICTORIA ISLAND II,ABOYADE 1004,ORIYANRIN PHC,,,,,,,
5641,SWZ,LAGOS,IBEJU/LEKKI,IBEJI I,IBEJU I,IBEJU PHC,,,,,,,
5642,SWZ,LAGOS,IBEJU/LEKKI,IWEREKUN I,IWEREKUN I,AWOYAYA PHC 1,,,,,,,
5643,SWZ,LAGOS,IBEJU/LEKKI,IWEREKUN II,IWEREKUN II,BOGIJE PHC,,,,,,,
5644,SWZ,LAGOS,IBEJU/LEKKI,LEKKI I,LEKKI I,LEKKI PHC,,,,,,,
5645,SWZ,LAGOS,IBEJU/LEKKI,LEKKI II,LEKKI II,OKUNRAYE PHC,,,,,,,
5646,SWZ,LAGOS,IBEJU/LEKKI,LEKKI II,LEKKI II,OKUNRAYE PHC,,,,,,,
5647,SWZ,LAGOS,IBEJU/LEKKI,ORIMEDU I,ORIMEDU I,ORIMEDU PHC,,,,,,,
5648,SWZ,LAGOS,IBEJU/LEKKI,ORIMEDU II,ORIMEDU II,IBEREKODO PHC,,,,,,,
5649,SWZ,LAGOS,IBEJU/LEKKI,SIRIWON/IGBEKODO II,SIRIWON/IGBEKODO II,APAKIN PHC,,,,,,,
5650,SWZ,LAGOS,IBEJU/LEKKI,SIRIWON/IGBEKODO II,SIRIWON/IGBEKODO II,IGBO-OLOMI PHC,,,,,,,
5651,SWZ,LAGOS,IFAKO-IJAIYE,AJEGUNLE/AKINDE/ ANIMASHAUN,ALAKUKO AJEGUNLE,ILO/AJEGUNLE PHC,,,,,,,
5652,SWZ,LAGOS,IFAKO-IJAIYE,FAGBA/AKUTE,FAGBA AKUTE ROAD,OBAWOLE PHC,,,,,,,
5653,SWZ,LAGOS,IFAKO-IJAIYE,IJAIYE/AGBADO/KOLLINTON,AGBADO/ KOLLINGTON/ AJAIYE,AGBADO/KOLA PHC,,,,,,,
5654,SWZ,LAGOS,IFAKO-IJAIYE,IJAIYE/OGBA,OGBA IJAIYE,AINA AJOBO PHC,,,,,,,
5655,SWZ,LAGOS,IFAKO-IJAIYE,IJAIYE/OJOKORO,OJOKORO/ IJAIYE,OJOKORO PHC,,,,,,,
5656,SWZ,LAGOS,IFAKO-IJAIYE,IJU ISHAGA,ISHAGA,OGUNDIMU PHC,,,,,,,
5657,SWZ,LAGOS,IFAKO-IJAIYE,IJU OBAWOLE,IJU,IJU PHC,,,,,,,
5658,SWZ,LAGOS,IFAKO-IJAIYE,OLD IFAKO/KARAOLE,OLD IFAKO KARAOLE,IFAKO PHC,,,,,,,
5659,SWZ,LAGOS,IFAKO-IJAIYE,PANADA/ABULE EGBA,GBIRINMI WARD,ISOKAN PHC,,,,,,,
5660,SWZ,LAGOS,IKEJA,ADEKUNLE VILL./ADENIYI JONES/OGBA,ADEKUNLE VILLAGE/ ADENIYI JONES/ OGBA,OGBA PHC,,,,,,,
5661,SWZ,LAGOS,IKEJA,AIRPORT/ONIPETESI/ONILEKERE,AIPORT/ ONIPETESI/ONILEKE,ONILEKERE PHC,,,,,,,
5662,SWZ,LAGOS,IKEJA,ALAUSA/OREGUN/OLUSOSUN,OREGUN,OREGUN PHC,,,,,,,
5663,SWZ,LAGOS,IKEJA,ALAUSA/OREGUN/OLUSOSUN,OLUSOSUN,OLUSOSUN PHC.,,,,,,,
5664,SWZ,LAGOS,IKEJA,ALAUSA/OREGUN/OLUSOSUN,ALAUSA/ OREGUN/ OLUSOGUN,ALAUSA PHC,,,,,,,
5665,SWZ,LAGOS,IKEJA,ANIFOWOSHE/IKEJA,ANIFOWOSHE/ IKEJA,IKEJA PHC,,,,,,,
5666,SWZ,LAGOS,IKEJA,GRA/POLICE BARRACKS,GRA/ POLICE BARACK,BEKO RANSOME-KUTI PHC,,,,,,,
5667,SWZ,LAGOS,IKEJA,IPODO/SERIKI ARO,IPODO/ SERIKI ARO,ADENIYI JONES PHC,,,,,,,
5668,SWZ,LAGOS,IKEJA,OJODU/AGIDINGBI/OMOLE,AKIODE,AKIODE PHC,,,,,,,
5669,SWZ,LAGOS,IKEJA,OJODU/AGIDINGBI/OMOLE,OJODU/ AGIDIN,OJODU PHC,,,,,,,
5670,SWZ,LAGOS,IKEJA,OKE-IRA/AGUDA,OKE IRA/ AGUDA,OKE IRA CENTRAL PHC,,,,,,,
5671,SWZ,LAGOS,IKEJA,ONIGBONGBO/MILITARY CANTONEMENT,ONIGBONGBO/ MILITARY CANTONMENT,ONIGBONGBO PHC,,,,,,,
5672,SWZ,LAGOS,IKEJA,WASIMI/OPEBI/ALLEN,WASIMI/ OPEBI/ ALLEN,WASIMI PHC,,,,,,,
5673,SWZ,LAGOS,IKEJA,WASIMI/OPEBI/ALLEN,WASIMI/ OPEBI/ ALLEN,ABULE ONIGBAGBO PHC,,,,,,,
5674,SWZ,LAGOS,IKEJA,WASIMI/OPEBI/ALLEN,WASIMI/ OPEBI/ ALLEN,OPEBI PHC,,,,,,,
5675,SWZ,LAGOS,IKORODU CENTRAL,AGA/IJOMU,SHOLAFUN,AGBELE PHC,,,,,,,
5676,SWZ,LAGOS,IKORODU CENTRAL,AGBALA,AGBALA,LASUNWON PHC,,,,,,,
5677,SWZ,LAGOS,IKORODU CENTRAL,AGURA IPONMI,AGURA/ IPONMI,AGURA PHC,,,,,,,
5678,SWZ,LAGOS,IKORODU CENTRAL,BAIYEKU/ORETA,BAYEKU ORETA,BAYEKU PHC,,,,,,,
5679,SWZ,LAGOS,IKORODU CENTRAL,ERIKORODO,ERIKORODO,PARAFA PHC,,,,,,,
5680,SWZ,LAGOS,IKORODU CENTRAL,IBESHE,IBESHE WARD,IBESHE PHC,,,,,,,
5681,SWZ,LAGOS,IKORODU CENTRAL,IJEDE I,IJEDE I,IJEDE PHC,,,,,,,
5682,SWZ,LAGOS,IKORODU CENTRAL,IJEDE II,IJEDE II,OKE ELETU PHC,,,,,,,
5683,SWZ,LAGOS,IKORODU CENTRAL,IMOTA I,IMOTA I,IMOTA PHC,,,,,,,
5684,SWZ,LAGOS,IKORODU CENTRAL,IMOTA I,IGBOKUTA/IGBALU,IGBALU/IGBOKUTA PHC,,,,,,,
5685,SWZ,LAGOS,IKORODU CENTRAL,IMOTA II,IMOTA II,ORI OKUTA PHC,,,,,,,
5686,SWZ,LAGOS,IKORODU CENTRAL,IPAKODO,IPAKODO,IPAKODO PHC,,,,,,,
5687,SWZ,LAGOS,IKORODU CENTRAL,IPAKODO,ISAWO,IGBO OLOMU PHC,,,,,,,
5688,SWZ,LAGOS,IKORODU CENTRAL,IPAKODO,MAJIDUN,MAJIDUN PHC,,,,,,,
5689,SWZ,LAGOS,IKORODU CENTRAL,ISELE I,ISELE I,EMMANUEL OSHINOWO CHILDREN CENTRE,,,,,,,
5690,SWZ,LAGOS,IKORODU CENTRAL,ISELE III,ISELE III,IKORODU/ITA ELEWA PHC,,,,,,,
5691,SWZ,LAGOS,IKORODU CENTRAL,ISIU,ISIU WARD,ISIU PRIMARY HEALTH CARE CENTRE,,,,,,,
5692,SWZ,LAGOS,IKORODU CENTRAL,ODOGUNYAN,ODOGUNYAN,OMOLAIYE HP,,,,,,,
5693,SWZ,LAGOS,IKORODU CENTRAL,ODOGUNYAN,ODOGUNYAN,AGBEDE PHC,,,,,,,
5694,SWZ,LAGOS,IKORODU CENTRAL,ODOGUNYAN,ODOGUNYAN,ODO NLA PHC,,,,,,,
5695,SWZ,LAGOS,IKORODU CENTRAL,ODOGUNYAN,ODOGUNYAN,LOSI OBA PHC,,,,,,,
5696,SWZ,LAGOS,IKORODU CENTRAL,OLORUNDA IGBAGA,OLORUNDA,OLORUNDA PHC,,,,,,,
5697,SWZ,LAGOS,KOSOFE,AGBOYI I,AGBOYI I,AGBOYI PRIMARY HEALTH CENTRE,,,,,,,
5698,SWZ,LAGOS,KOSOFE,AGBOYI I,AGIDI-OSHOGUN,ALAPERE PHC,,,,,,,
5699,SWZ,LAGOS,KOSOFE,ANTHONY/MARYLAND,MENDE/ANTHONY/MARYLAND,MENDE PHC,,,,,,,
5700,SWZ,LAGOS,KOSOFE,ISHERI/OLOWORA,AGILITI MAIDAN,MAIDAN PHC,,,,,,,
5701,SWZ,LAGOS,KOSOFE,KETU/IKOSI,IKOSI/KETU/MILE 12 AGILI,IKOSI PHC,,,,,,,
5702,SWZ,LAGOS,KOSOFE,OJOTA/OGUDU,OGUDU/OJOTA,OGUDU PHC,,,,,,,
5703,SWZ,LAGOS,KOSOFE,OWODE/AJEGUNLE,OWODE EPE ONIRI/ AJEGUNLE/ ODO OGUN,AJEGUNLE PHC,,,,,,,
5704,SWZ,LAGOS,KOSOFE,OWORONSHOKI,OWORO/OWOSHOKI,OWORO PHC,,,,,,,
5705,SWZ,LAGOS,LAGOS ISLAND,AGARAWU/OBADINA,AGARAWU PHC,AGARAWU PHC,,,,,,,
5706,SWZ,LAGOS,LAGOS ISLAND,ANIKANTAMO,ANIKATAMO,OLUSHI HP/ANIKANTAMO PHC,,,,,,,
5707,SWZ,LAGOS,LAGOS ISLAND,EPETEDO,EPETEDO,PHASE 3 PHC,,,,,,,
5708,SWZ,LAGOS,LAGOS ISLAND,IDUMOTA/OKE,IDUMOTA/ OKE ARIN,OKE ARIN PHC,,,,,,,
5709,SWZ,LAGOS,LAGOS ISLAND,ILUPESI,ILUPESI,OBA ADEYINKA OYEKAN PHC,,,,,,,
5710,SWZ,LAGOS,LAGOS ISLAND,OKO-FAJI,OKO FAJI,ONOLA PHC,,,,,,,
5711,SWZ,LAGOS,LAGOS ISLAND,OLOSUN,OLUOSUN,CITY HALL/MASSEY HP,,,,,,,
5712,SWZ,LAGOS,LAGOS ISLAND,OLOWOGBOWO/ ELEGBATA,OLOWOGBOWO/ ELEGBATA,OLOWOGBOWO PHC,,,,,,,
5713,SWZ,LAGOS,LAGOS ISLAND,ONIKAN,ONIKAN,ARAROMI PHC,,,,,,,
5714,SWZ,LAGOS,LAGOS ISLAND,SANDGROUSE,SANGROUSE,SURA PHC,,,,,,,
5715,SWZ,LAGOS,LAGOS MAINLAND,ALAGOMEJI,SALAMI BAIYEWUNMI WARD,IWAYA PHC,,,,,,,
5716,SWZ,LAGOS,LAGOS MAINLAND,APAPA ROAD AND ENVIRONS,BOTANICAL WARD,OTUMARA PHC,,,,,,,
5717,SWZ,LAGOS,LAGOS MAINLAND,GLOVER/EBUTE METTA,GLOVER/ EBUTE META,SIMPSON PHC,,,,,,,
5718,SWZ,LAGOS,LAGOS MAINLAND,MAROKO/EBUTE METTA,MAKOKO/ EBUTE META,AIYETORO PHC,,,,,,,
5719,SWZ,LAGOS,LAGOS MAINLAND,OLALEYE VILLAGE,OLALEYE VILLAGE,ABULE NLA PHC,,,,,,,
5720,SWZ,LAGOS,LAGOS MAINLAND,OTTO/IDDO,OTTO/ IDO,OTTO PHC,,,,,,,
5721,SWZ,LAGOS,LAGOS MAINLAND,OYADIRAN ESTATE/ABULE‐OJA,OYADIRAN EST/ ABULE OJA,ALHAJI KOLA OSHO PHC,,,,,,,
5722,SWZ,LAGOS,LAGOS MAINLAND,OYINGBO MARKET/EBUTE METTA,OYINGBO MARKET,ONDO ST WEST PHC,,,,,,,
5723,SWZ,LAGOS,LAGOS MAINLAND,YABA/IGBOBI,YABA/ IGBOBI SABE,OBA SALAMI PHC,,,,,,,
5724,SWZ,LAGOS,LAGOS MAINLAND,YABA/IGBOBI,ABULE IJESHA,ALLI DAODU PHC,,,,,,,
5725,SWZ,LAGOS,MUSHIN,ALAKARA,ALAKARA,KAJOLA PHC,,,,,,,
5726,SWZ,LAGOS,MUSHIN,IDI ORO/ODI OLOWO,IGBEHINADUN,AJEABO PHC,,,,,,,
5727,SWZ,LAGOS,MUSHIN,IDI ORO/ODI OLOWO,MOSALASI/AGORO,ANIKULAPO PHC,,,,,,,
5728,SWZ,LAGOS,MUSHIN,ILASAMAJA,ALAFIA/ADEOYO,ISOLO RAOD PHC,,,,,,,
5729,SWZ,LAGOS,MUSHIN,ILUPEJU,OWODUNNI,AJISEGIRI PRIMARY HEALTH CENTRE,,,,,,,
5730,SWZ,LAGOS,MUSHIN,ILUPEJU INDUSTRIAL,ILUPEJU IND ESTATE,COKER PHC,,,,,,,
5731,SWZ,LAGOS,MUSHIN,ITIRE,ODUSELU OLA,ALVES PHC,,,,,,,
5732,SWZ,LAGOS,MUSHIN,ITIRE,ODO-ERAN/OGUNLANA,ITIRE/IJESHA PHC,,,,,,,
5733,SWZ,LAGOS,MUSHIN,OJUWOYE,OJUWOYE,AYANTUGA PHC,,,,,,,
5734,SWZ,LAGOS,MUSHIN,PAPA AJAO,PAPA AJAO,PALM AVENUE PHC,,,,,,,
5735,SWZ,LAGOS,OJO,AJANGBADI,AJANGBADI,AFROMEDIA PHC,,,,,,,
5736,SWZ,LAGOS,OJO,ETEGBIN,EGAN,ISHAGIRA PHC,,,,,,,
5737,SWZ,LAGOS,OJO,ETEGBIN,ETEGBIN,IMUDE PHC,,,,,,,
5738,SWZ,LAGOS,OJO,IBA,KEMBERI,KEMBERI PHC,,,,,,,
5739,SWZ,LAGOS,OJO,IBA,IBA,IJEDODO PHC,,,,,,,
5740,SWZ,LAGOS,OJO,IBA,IBA TOWN,IBA PHC,,,,,,,
5741,SWZ,LAGOS,OJO,IBA,IGBO- ELERIN/ISHASI,ISHASI PHC,,,,,,,
5742,SWZ,LAGOS,OJO,IJANIKIN,IJANIKIN,IJANIKIN PHC,,,,,,,
5743,SWZ,LAGOS,OJO,ILOGBO,ILOGBO,OKE IJEUN PHC,,,,,,,
5744,SWZ,LAGOS,OJO,ILOGBO,OTO AWORI,ERA PHC,,,,,,,
5745,SWZ,LAGOS,OJO,IREWE,IREWE,IREWE PHC,,,,,,,
5746,SWZ,LAGOS,OJO,OJO- TOWN,IRA,IRA HEALTH POST,,,,,,,
5747,SWZ,LAGOS,OJO,OKOKOMAIKO,OKOKOMAIKO,OKOKOMAIKO PHC,,,,,,,
5748,SWZ,LAGOS,OJO,SABO- ONIBA,SABO-ONIBA,IGBEDE PHC,,,,,,,
5749,SWZ,LAGOS,OSHODI,AJAO,AJAO ESTATE,AJAO PHC,,,,,,,
5750,SWZ,LAGOS,OSHODI,EJIGBO,OKE AFA/ EJIGBO,JAKANDE PHC,,,,,,,
5751,SWZ,LAGOS,OSHODI,EJIGBO,AILEGUN,IYANA EJIGBO PHC,,,,,,,
5752,SWZ,LAGOS,OSHODI,EJIGBO,AIGBAKA,EJIGBO PHC,,,,,,,
5753,SWZ,LAGOS,OSHODI,EJIGBO,ILAMOSE,PHC_DAUDA-ILO,,,,,,,
5754,SWZ,LAGOS,OSHODI,ISOLO,ISHAGATEDO,ISHAGA PHC,,,,,,,
5755,SWZ,LAGOS,OSHODI,ISOLO,ALAGBEJI,LSDPC HEALTH PHC,,,,,,,
5756,SWZ,LAGOS,OSHODI,ISOLO,AKINBAYE,ISOLO PHC_,,,,,,,
5757,SWZ,LAGOS,OSHODI,MAFOLUKU,MAFOLUKU,AYO NI PHC,,,,,,,
5758,SWZ,LAGOS,OSHODI,MAFOLUKU,OLUYEYE,MAFOLUKU PHC,,,,,,,
5759,SWZ,LAGOS,OSHODI,OKOTA,OKOTA,OKOTA PHC,,,,,,,
5760,SWZ,LAGOS,OSHODI,SHOGUNLE,SHOGUNLE,SHOGUNLE PHC,,,,,,,
5761,SWZ,LAGOS,OSHODI,SHOGUNLE/ ALASIA,EWUTUNTUN,EWUTUNTUN PHC,,,,,,,
5762,SWZ,LAGOS,SHOMOLU,ABULE OKUTA,OWODE ORILE,LATE HON. ADEWALE AWOKOYA PHC (FORMERLY OLOJA PHC),,,,,,,
5763,SWZ,LAGOS,SHOMOLU,ABULE OKUTA,OWODE ORILE,C.M.S PHC,,,,,,,
5764,SWZ,LAGOS,SHOMOLU,ALASE,ALASE,BAJULAIYE PHC,,,,,,,
5765,SWZ,LAGOS,SHOMOLU,BAJULAIYE,BAJULAIYE,AKINWUNMI AMBODE PHC,,,,,,,
5766,SWZ,LAGOS,SHOMOLU,FOLA AGORO,FOLA AGORO,AKOKA PHC,,,,,,,
5767,SWZ,LAGOS,SHOMOLU,GBAGADA PHASE II,APELEHIN,EVA ADELAJA PHC,,,,,,,
5768,SWZ,LAGOS,SHOMOLU,ILAJE,ILAJE,ASHOGBON PHC,,,,,,,
5769,SWZ,LAGOS,SHOMOLU,MAFOWOKU,MAFOLUKU PEDRO,MAFOWOKU PHC,,,,,,,
5770,SWZ,LAGOS,SHOMOLU,PALMGROVE,PALMGROVE,WRIGHT PHC,,,,,,,
5771,SWZ,LAGOS,SURULERE,AGUDA,AGUDA,COKER/AGUDA PHC,,,,,,,
5772,SWZ,LAGOS,SURULERE,IGBAJA/STADIUM,IGBAJA/ STADIUM,FEMI GBAJABIAMILA PHC,,,,,,,
5773,SWZ,LAGOS,SURULERE,IKATE,MUNIRU BARUWA,ANJORIN PHC,,,,,,,
5774,SWZ,LAGOS,SURULERE,IKATE,IKATE,AIRWAYS PHC,,,,,,,
5775,SWZ,LAGOS,SURULERE,IPONRI HOUSING/ ERIC MOORE,IPONRI HOUSING ESTATE/ ERIC MOORE,IPONRI PHC,,,,,,,
5776,SWZ,LAGOS,SURULERE,ITIRE,ITIRE,EJIRE PHC,,,,,,,
5777,SWZ,LAGOS,SURULERE,ITIRE,SANUSI,BARUWA PHC,,,,,,,
5778,SWZ,LAGOS,SURULERE,SHITTA/OGUNLANA,SHITTA/ OGUNLANA DRIVE,AKERELE PHC,,,,,,,
5779,SWZ,LAGOS,BADAGRY CENTRAL,-,AKORO,SAKPO PHC,,,,,,,
5780,SWZ,LAGOS,EPE,#N/A,PAPA,PAPA PRIMARY HEALTH CENTRE_,,,,,,,
5781,SWZ,LAGOS,IBEJU/LEKKI,#N/A,ISE IGBOGUN ,ABOREJI PHC,,,,,,,
5782,SWZ,LAGOS,IBEJU/LEKKI,#N/A,ISE IGBOGUN,ISE PHC,,,,,,,
5783,SWZ,LAGOS,IKORODU CENTRAL,-,ITUNMOKUN,IGBOGBO PHC,,,,,,,
5784,SWZ,LAGOS,IKORODU CENTRAL,IMOTA I,MAJA,ORIOKUTA PHC,,,,,,,
5785,NCZ,NASARAWA,AKWANGA,AGYAGA,,PHC RINZE,,,,,,,
5786,NCZ,NASARAWA,AKWANGA,AKW EAST,,PHC WAMBA ROAD,,,,,,,
5787,NCZ,NASARAWA,AKWANGA,AKW EAST,,TOWNSHIP PHC AKWANGA,,,,,,,
5788,NCZ,NASARAWA,AKWANGA,AKW WEST,,PHC TOWN CLINIC,,,,,,,
5789,NCZ,NASARAWA,AKWANGA,ANCHO BABA,,PHC ANCHO,,,,,,,
5790,NCZ,NASARAWA,AKWANGA,ANCHO NINGHAAN,,PHC BAYAN DUTSE,,,,,,,
5791,NCZ,NASARAWA,AKWANGA,ANDAHA,,PHC ANDAHA,,,,,,,
5792,NCZ,NASARAWA,AKWANGA,GUDI,,PHC GUDI,,,,,,,
5793,NCZ,NASARAWA,AKWANGA,GWANJE,,PHC GWANJE,,,,,,,
5794,NCZ,NASARAWA,AKWANGA,MOROA,,PHC MOROA,,,,,,,
5795,NCZ,NASARAWA,AKWANGA,NINGO/BOHAR,,PHC TABU,,,,,,,
5796,NCZ,NASARAWA,AKWANGA,NUNKU,,PHC NUNKU,,,,,,,
5797,NCZ,NASARAWA,AWE,AKIRI,,PHC AKIRI,,,,,,,
5798,NCZ,NASARAWA,AWE,AZARA,,PHC AZARA,,,,,,,
5799,NCZ,NASARAWA,AWE,GALADIMA,,PHC OLD AWE TOWN,,,,,,,
5800,NCZ,NASARAWA,AWE,JANGARU,,PHC JANGARU,,,,,,,
5801,NCZ,NASARAWA,AWE,KANJE,,PHC ABUNI,,,,,,,
5802,NCZ,NASARAWA,AWE,MADAKI,,PHC JANGARGARI,,,,,,,
5803,NCZ,NASARAWA,AWE,MAKWANGIJI,,MPHC BAURE,,,,,,,
5804,NCZ,NASARAWA,AWE,RIBI,,PHC RIBI,,,,,,,
5805,NCZ,NASARAWA,AWE,TUNGA,,PHC TUNGA,,,,,,,
5806,NCZ,NASARAWA,AWE,WUSE,,PHC WUSE,,,,,,,
5807,NCZ,NASARAWA,DOMA,AGBASHI,,PHC OKPATTA,,,,,,,
5808,NCZ,NASARAWA,DOMA,AKPANAJA,,PHC AKPANAJA,,,,,,,
5809,NCZ,NASARAWA,DOMA,ALAGYE,,PHC ALAGYE,,,,,,,
5810,NCZ,NASARAWA,DOMA,DOKA,,PHC DOKA,,,,,,,
5811,NCZ,NASARAWA,DOMA,MADAKI,,PHC ALARAMA,,,,,,,
5812,NCZ,NASARAWA,DOMA,RUKUBI,,PHC RUKUBI,,,,,,,
5813,NCZ,NASARAWA,DOMA,SABON GARI,,PHC ARUMAGYE,,,,,,,
5814,NCZ,NASARAWA,DOMA,UNG MADAUCHI,,PHC ANG. NUPAWA,,,,,,,
5815,NCZ,NASARAWA,DOMA,UNG.GALADIMA,,GALADIMA MODEL PHC,,,,,,,
5816,NCZ,NASARAWA,DOMA,UNG.SAR. DAWAKI,,PHC DOMA TOWN,,,,,,,
5817,NCZ,NASARAWA,KARU,AGADA/BAGAJI,,PHC BAGAJI,,,,,,,
5818,NCZ,NASARAWA,KARU,ASO/KODAPE,,PHC KODOPE,,,,,,,
5819,NCZ,NASARAWA,KARU,GITATA,,PHC GITATA,,,,,,,
5820,NCZ,NASARAWA,KARU,GURKU/KABUSU,,PHC GURKU,,,,,,,
5821,NCZ,NASARAWA,KARU,KARSHI 1,,PHC KARSHI,,,,,,,
5822,NCZ,NASARAWA,KARU,KARSHI 2,,PHC ARA SABO,,,,,,,
5823,NCZ,NASARAWA,KARU,KARU,,PHC KARU,,,,,,,
5824,NCZ,NASARAWA,KARU,KEFFIN SHANU/BETTI,,PHC ANG. GWANDARA,,,,,,,
5825,NCZ,NASARAWA,KARU,PANDA/KARE,,PHC PANDA,,,,,,,
5826,NCZ,NASARAWA,KARU,TATTARA KONDORO,,PHC TATARA,,,,,,,
5827,NCZ,NASARAWA,KARU,UKE,,PHC GORA,,,,,,,
5828,NCZ,NASARAWA,KEANA,AGAZA,,PHC AGAZA,,,,,,,
5829,NCZ,NASARAWA,KEANA,ALOSHI,,PHC ALOSHI,,,,,,,
5830,NCZ,NASARAWA,KEANA,AMIRI,,MPHC AMIRI,,,,,,,
5831,NCZ,NASARAWA,KEANA,GALADIMA,,PHC KPALEV,,,,,,,
5832,NCZ,NASARAWA,KEANA,IWAGU,,PHC IWAGU,,,,,,,
5833,NCZ,NASARAWA,KEANA,KADARKO,,MPHC KADARKO,,,,,,,
5834,NCZ,NASARAWA,KEANA,KWARA,,PHC KWARA,,,,,,,
5835,NCZ,NASARAWA,KEANA,MADAKI,,PHC GIZA,,,,,,,
5836,NCZ,NASARAWA,KEANA,OBENE,,PHC DEMKA,,,,,,,
5837,NCZ,NASARAWA,KEANA,OKI,,PHC AGBARAGBA,,,,,,,
5838,NCZ,NASARAWA,KEFFI,ANGWAN IYA II,,PHC ANG. WAJE,,,,,,,
5839,NCZ,NASARAWA,KEFFI,ANGWAN RIMI,,PHC ANG. JABA,,,,,,,
5840,NCZ,NASARAWA,KEFFI,AWGWAN IYA I,,PHC A/NINZO,,,,,,,
5841,NCZ,NASARAWA,KEFFI,GANGAREN TUDU,,PHC K/MADA,,,,,,,
5842,NCZ,NASARAWA,KEFFI,JIGWADA,,JIGWADA PHCC,,,,,,,
5843,NCZ,NASARAWA,KEFFI,KOFAR GORIYA,,PHC GAUTA,,,,,,,
5844,NCZ,NASARAWA,KEFFI,LIMAN ABAJI,,PHC TSOHO KASUWA,,,,,,,
5845,NCZ,NASARAWA,KEFFI,SABON GARI,,PHC SABON GARI,,,,,,,
5846,NCZ,NASARAWA,KEFFI,TUDUN KOFAR T.V,,PHC KOFA PADA,,,,,,,
5847,NCZ,NASARAWA,KEFFI,YARA,,PHC MAIN MARKET,,,,,,,
5848,NCZ,NASARAWA,KOKONA,AGWADA,,NMPHC AGWADA,,,,,,,
5849,NCZ,NASARAWA,KOKONA,AMBA,,PHC AMBA,,,,,,,
5850,NCZ,NASARAWA,KOKONA,BASSA,,BAISSA PHC,,,,,,,
5851,NCZ,NASARAWA,KOKONA,DARI,,PHC DARI,,,,,,,
5852,NCZ,NASARAWA,KOKONA,GARAKU,,PHC 1 GARAKU,,,,,,,
5853,NCZ,NASARAWA,KOKONA,HADARI,,PHC SABON GIDA,,,,,,,
5854,NCZ,NASARAWA,KOKONA,KOFAR GWARI,,PHC KOFAR GWARI,,,,,,,
5855,NCZ,NASARAWA,KOKONA,KOKOMA,,PHC KOKONA,,,,,,,
5856,NCZ,NASARAWA,KOKONA,KOYA/KAWA,,PHC KANA APAWU,,,,,,,
5857,NCZ,NASARAWA,KOKONA,NINKORI,,PHC NINKORO,,,,,,,
5858,NCZ,NASARAWA,KOKONA,YELWA,,PHC YELWA BASSA,,,,,,,
5859,NCZ,NASARAWA,LAFIA,ADOGI,,PHC ADOGI,,,,,,,
5860,NCZ,NASARAWA,LAFIA,AGYARAGUN TOFA,,PHC AGYARAGU YAKUBU,,,,,,,
5861,NCZ,NASARAWA,LAFIA,AKURBA/BAKIN RIJIYA,,PHC BAKIN RIJIYA,,,,,,,
5862,NCZ,NASARAWA,LAFIA,ARIKYA,,PHC FADAMA NORTH,,,,,,,
5863,NCZ,NASARAWA,LAFIA,ASHIGE,,PHC FADAMA SOUTH,,,,,,,
5864,NCZ,NASARAWA,LAFIA,ASSAKIO,,PHC TUNGAN NUFAWA,,,,,,,
5865,NCZ,NASARAWA,LAFIA,CHIROMA,,PHC TUDUN KAURI,,,,,,,
5866,NCZ,NASARAWA,LAFIA,GAYAM,,PHC DOMA ROAD,,,,,,,
5867,NCZ,NASARAWA,LAFIA,KEFFIN WAMBAI,,PHC B.A.D,,,,,,,
5868,NCZ,NASARAWA,LAFIA,MAKAMA,,PHC IGIBI,,,,,,,
5869,NCZ,NASARAWA,LAFIA,SHABU KWANDERE,,MCHC SHABU,,,,,,,
5870,NCZ,NASARAWA,LAFIA,WAKWA,,PHC MARARABA AKUNZA,,,,,,,
5871,NCZ,NASARAWA,LAFIA,ZANWA,,PHC ANG. TONI,,,,,,,
5872,NCZ,NASARAWA,NASARAWA,AKUM,,PHC AKUM,,,,,,,
5873,NCZ,NASARAWA,NASARAWA,ARA I,,PHC ARA 1,,,,,,,
5874,NCZ,NASARAWA,NASARAWA,ARA II,,PHC KURUDU,,,,,,,
5875,NCZ,NASARAWA,NASARAWA,GUTO/AISA,,PHC OGUMA,,,,,,,
5876,NCZ,NASARAWA,NASARAWA,KANAH/ONDA/ADAWU,,PHC ONDA,,,,,,,
5877,NCZ,NASARAWA,NASARAWA,LAMINGA,,PHC MARMARA,,,,,,,
5878,NCZ,NASARAWA,NASARAWA,LAMINGA,,PHC MARMARA,,,,,,,
5879,NCZ,NASARAWA,NASARAWA,LOKO,,PHC LOKO 1,,,,,,,
5880,NCZ,NASARAWA,NASARAWA,NASARAWA CENTRAL,,PHC PADA,,,,,,,
5881,NCZ,NASARAWA,NASARAWA,NASARAWA EAST,,PHC ANGWAN MALLAM,,,,,,,
5882,NCZ,NASARAWA,NASARAWA,NASARAWA M/TOWN,,PHC OVERSEA,,,,,,,
5883,NCZ,NASARAWA,NASARAWA,NASARAWA NORTH,,PHC GUNKI,,,,,,,
5884,NCZ,NASARAWA,NASARAWA,ODU,,PHC MARARABA ODEGE,,,,,,,
5885,NCZ,NASARAWA,NASARAWA,TUNGA/BAKONO,,PHC BAKONO,,,,,,,
5886,NCZ,NASARAWA,NASARAWA,UDENIN GID,,PHC ODENIN GIDA,,,,,,,
5887,NCZ,NASARAWA,NASARAWA,UDENIN MAGAJI,,PHC ODENIN MAGAJI,,,,,,,
5888,NCZ,NASARAWA,NASARAWA EGGON,AGUNJI,,PHC OGBAGI,,,,,,,
5889,NCZ,NASARAWA,NASARAWA EGGON,ALOCE/GINDA,,PHC GINDA B,,,,,,,
5890,NCZ,NASARAWA,NASARAWA EGGON,ALOGANI,,PHC ALOGANI SORTH,,,,,,,
5891,NCZ,NASARAWA,NASARAWA EGGON,ENDE,,PHC WOYWEN,,,,,,,
5892,NCZ,NASARAWA,NASARAWA EGGON,IGGA BURUM 2,,PHC IGGAH,,,,,,,
5893,NCZ,NASARAWA,NASARAWA EGGON,IKKA WANGIBI,,PHC LANGALANGA,,,,,,,
5894,NCZ,NASARAWA,NASARAWA EGGON,KAGBU WANA,,PHC KAGBU A,,,,,,,
5895,NCZ,NASARAWA,NASARAWA EGGON,LAMBAGA/ARIKO,,PHC LAMBAGA NORTH,,,,,,,
5896,NCZ,NASARAWA,NASARAWA EGGON,LIZZINKEFFI,,PHC KWARI-EHA,,,,,,,
5897,NCZ,NASARAWA,NASARAWA EGGON,MADA STATION,,PHC MADA STATION,,,,,,,
5898,NCZ,NASARAWA,NASARAWA EGGON,NASARAWA EGGON,,PHC NASSARAWA-EGGON,,,,,,,
5899,NCZ,NASARAWA,NASARAWA EGGON,UBBE,,PHC UBBE,,,,,,,
5900,NCZ,NASARAWA,NASARAWA EGGON,UMME,,MPHC BAKYANO,,,,,,,
5901,NCZ,NASARAWA,NASARAWA EGGON,WAKAMA,,PHC AKPATA,,,,,,,
5902,NCZ,NASARAWA,OBI,ADUDU,,PHC ADUDU,,,,,,,
5903,NCZ,NASARAWA,OBI,AGWATASHI,,PHC AGWATASHI,,,,,,,
5904,NCZ,NASARAWA,OBI,DADDERE/RIRI,,PHC DEDDERE,,,,,,,
5905,NCZ,NASARAWA,OBI,DUDUGURU,,PHC DUDUGURU,,,,,,,
5906,NCZ,NASARAWA,OBI,GIDAN AUSA 1,,PHC AGYARAGU,,,,,,,
5907,NCZ,NASARAWA,OBI,GIDAN AUSA 2,,PHC ABIOGA,,,,,,,
5908,NCZ,NASARAWA,OBI,GWADANYE,,PHC GWANDEYA,,,,,,,
5909,NCZ,NASARAWA,OBI,KYAKALE,,PHC KYAKALE,,,,,,,
5910,NCZ,NASARAWA,OBI,OBI,,PHC OBI 1,,,,,,,
5911,NCZ,NASARAWA,OBI,TUDUN ADABU,,PHC TUDUN ADABU,,,,,,,
5912,NCZ,NASARAWA,TOTO,BUGA KARMO,,PHC NAKUSE,,,,,,,
5913,NCZ,NASARAWA,TOTO,DAUSU,,PHC DAUSU,,,,,,,
5914,NCZ,NASARAWA,TOTO,GADAGWA,,PHC ARABA,,,,,,,
5915,NCZ,NASARAWA,TOTO,GWARGWADA,,PHC GWAR GWADA,,,,,,,
5916,NCZ,NASARAWA,TOTO,KANYEHU,,PHC KANYEHU,,,,,,,
5917,NCZ,NASARAWA,TOTO,KATAKPA,,PHC KATAKPA,,,,,,,
5918,NCZ,NASARAWA,TOTO,SHAFAN ABAKWA,,PHC SHAFAN ABAKPA,,,,,,,
5919,NCZ,NASARAWA,TOTO,SHAFAN KWATTO,,PHC SHAFAN KWOTTO,,,,,,,
5920,NCZ,NASARAWA,TOTO,SHEGE,,PHC SHEGE,,,,,,,
5921,NCZ,NASARAWA,TOTO,TOTO,,MPHC TOTO,,,,,,,
5922,NCZ,NASARAWA,TOTO,UGYA,,PHC UGYA,,,,,,,
5923,NCZ,NASARAWA,TOTO,UMAISHA,,NMPHC UMAISHA,,,,,,,
5924,NCZ,NASARAWA,WAMBA,ARUM,,PHC CHUGBU,,,,,,,
5925,NCZ,NASARAWA,WAMBA,GITTA,,PHC MARARABA GONGON,,,,,,,
5926,NCZ,NASARAWA,WAMBA,JIMMIYA,,PHC AMBAKA,,,,,,,
5927,NCZ,NASARAWA,WAMBA,KONVAH,,PHC KWABE,,,,,,,
5928,NCZ,NASARAWA,WAMBA,KWARRA,,PHC KWARRA,,,,,,,
5929,NCZ,NASARAWA,WAMBA,MANGAR,,PHC YASHI MADAKI,,,,,,,
5930,NCZ,NASARAWA,WAMBA,NAKERE,,PHC NAKERE,,,,,,,
5931,NCZ,NASARAWA,WAMBA,WAMBA EAST,,MPHC WAMBA,,,,,,,
5932,NCZ,NASARAWA,WAMBA,WAMBA WEST,,PHC GWAGI,,,,,,,
5933,NCZ,NASARAWA,WAMBA,WAYO,,PHC WAYO MATTI,,,,,,,
5934,NCZ,NIGER,AGAIE,BARO,,BARO PHCC,,,,,,,
5935,NCZ,NIGER,AGAIE,BOKU,,NAMI PHCC,,,,,,,
5936,NCZ,NIGER,AGAIE,EKO BADEGGI,,EKOBADDEGI PHCC,,,,,,,
5937,NCZ,NIGER,AGAIE,EKOSSA,,EKOSSA PHCC,,,,,,,
5938,NCZ,NIGER,AGAIE,EKOWUGI,,EKOWUGI PHCC,,,,,,,
5939,NCZ,NIGER,AGAIE,EKOWUNA,,EKOWUNA PHCC,,,,,,,
5940,NCZ,NIGER,AGAIE,ETSU AGAIE,,ETSUGAIE PHCC,,,,,,,
5941,NCZ,NIGER,AGAIE,EWUGI,,BOROROKO PHC,,,,,,,
5942,NCZ,NIGER,AGAIE,KUTIRIKO,,KUTIRIKO PHCC,,,,,,,
5943,NCZ,NIGER,AGAIE,MAGAJI,,MAGAJI PHCC,,,,,,,
5944,NCZ,NIGER,AGAIE,TAGAGI,,TAGAGI PHCC,,,,,,,
5945,NCZ,NIGER,AGWARA,ADEHE,,PHC ADAHE,,,,,,,
5946,NCZ,NIGER,AGWARA,AGWATA,,PHC KASABU,,,,,,,
5947,NCZ,NIGER,AGWARA,BUSUEU,,PHC BUSURU,,,,,,,
5948,NCZ,NIGER,AGWARA,GALLAH,,BHC GALLAH,,,,,,,
5949,NCZ,NIGER,AGWARA,KASHINI,,CHC AGWARA,,,,,,,
5950,NCZ,NIGER,AGWARA,KOKOLI,,PHC KOKOLI,,,,,,,
5951,NCZ,NIGER,AGWARA,MAGO,,PHC MAGO,,,,,,,
5952,NCZ,NIGER,AGWARA,PAPIRI,,PHC PAPIRI,,,,,,,
5953,NCZ,NIGER,AGWARA,ROFIA,,BHC ROFIA,,,,,,,
5954,NCZ,NIGER,AGWARA,SUTEKU,,PHC MAHUTA,,,,,,,
5955,NCZ,NIGER,BIDA,BARIKI,,PHCC KANGI,,,,,,,
5956,NCZ,NIGER,BIDA,CHENIYA,,PHCC EFFENGI,,,,,,,
5957,NCZ,NIGER,BIDA,DOKODZA,,PHCC DOKODZA,,,,,,,
5958,NCZ,NIGER,BIDA,KYARI,,PHCC GBOGBONTIGI,,,,,,,
5959,NCZ,NIGER,BIDA,LANDZUN,,PHCC ETSU YAHAYA,,,,,,,
5960,NCZ,NIGER,BIDA,MASABA I,,PHCC KPOTU MANKO,,,,,,,
5961,NCZ,NIGER,BIDA,MASABA II,,PHCC MAKWALLA,,,,,,,
5962,NCZ,NIGER,BIDA,MASAGA I,,PHCC N/ ABUBAKAR,,,,,,,
5963,NCZ,NIGER,BIDA,MASAGA II,,PHCC EFULUBASA,,,,,,,
5964,NCZ,NIGER,BIDA,MAYAKI NDAJIYA,,PHCC WAMBAI,,,,,,,
5965,NCZ,NIGER,BIDA,NASARAFU,,PHCC NASARAFU,,,,,,,
5966,NCZ,NIGER,BIDA,UMARU MAJIGI I,,PHCC LARUTA,,,,,,,
5967,NCZ,NIGER,BIDA,UMARU MAJIGI II,,PHCC BANGBARA,,,,,,,
5968,NCZ,NIGER,BIDA,WADATA,,PHCC A.A KURE,,,,,,,
5969,NCZ,NIGER,BORGU,BABANNA,,BHC BABANNA,,,,,,,
5970,NCZ,NIGER,BORGU,DUGGA,,PHC GUFFANTI,,,,,,,
5971,NCZ,NIGER,BORGU,KABSSA,,PHC KABE,,,,,,,
5972,NCZ,NIGER,BORGU,KARABONDE,,PHCC KARABONDE,,,,,,,
5973,NCZ,NIGER,BORGU,KONKOSO,,BHC KONKOSO,,,,,,,
5974,NCZ,NIGER,BORGU,MALALE,,PHC MALALE,,,,,,,
5975,NCZ,NIGER,BORGU,NEW BUSSA,,FHC NEW BUSSA,,,,,,,
5976,NCZ,NIGER,BORGU,RIVERRINE,,PHC NEW AWURU,,,,,,,
5977,NCZ,NIGER,BORGU,SHAGUNU,,BHC SAHGUNU,,,,,,,
5978,NCZ,NIGER,BORGU,WAWA,,BHC WAWA,,,,,,,
5979,NCZ,NIGER,BOSSO,BEJI,,BEJI PRIMARY HEALTH CENTRE,,,,,,,
5980,NCZ,NIGER,BOSSO,BOSSO CENTRAL I,,NATIONAL HOUSE PRIMARY HEALTH CENTRE BOSO LOW COST,,,,,,,
5981,NCZ,NIGER,BOSSO,BOSSO CENTRAL II,,BOSSO PRIMARY HEALTH CARE CENTRE,,,,,,,
5982,NCZ,NIGER,BOSSO,CHANCHAGA,,CHANCHAGA PLANNED PARENTHOOD OF NIGERIA CLINIC,,,,,,,
5983,NCZ,NIGER,BOSSO,GARATU,,GARATU PRIMARY HEALTH CENTRE,,,,,,,
5984,NCZ,NIGER,BOSSO,KAMPALA,,KAMPALA PRIMARY HEALTH CENTRE,,,,,,,
5985,NCZ,NIGER,BOSSO,KODO,,KODO MODEL PRIMARY HEALTH CENTRE,,,,,,,
5986,NCZ,NIGER,BOSSO,MAIKUNELE,,MAIKUNKELE MATERNAL AND CHILD HEALTH CENTRE,,,,,,,
5987,NCZ,NIGER,BOSSO,MAITUMBI,,MAITUMBI MATERNITY CHILD HEALTH PHCC,,,,,,,
5988,NCZ,NIGER,BOSSO,SHATA,,SHATTA PRIMARY HEALTH CENTRE,,,,,,,
5989,NCZ,NIGER,CHANCHAGA,LIMAWA 'A',,PHCC OLD AIRPORT ROAD,,,,,,,
5990,NCZ,NIGER,CHANCHAGA,LIMAWA 'B',,PHCC DUTSEN K GWARI,,,,,,,
5991,NCZ,NIGER,CHANCHAGA,MAKERA,,PHCC MAKERA,,,,,,,
5992,NCZ,NIGER,CHANCHAGA,MINNA CENTRAL,,PHCC 123 QUTRS,,,,,,,
5993,NCZ,NIGER,CHANCHAGA,MINNA SOUTH,,PHCC KPAKUNGU,,,,,,,
5994,NCZ,NIGER,CHANCHAGA,NASSARAWA 'A',,PHC C GWARI ROAD,,,,,,,
5995,NCZ,NIGER,CHANCHAGA,NASSARAWA 'B',,PHCC AUTA BARDE,,,,,,,
5996,NCZ,NIGER,CHANCHAGA,NASSARAWA 'C',,PHCC TAYI,,,,,,,
5997,NCZ,NIGER,CHANCHAGA,SABON GARI,,PHCC UBE ANG. KAJE,,,,,,,
5998,NCZ,NIGER,CHANCHAGA,TUDUN WADA NORTH,,PHCC KAFINTELA,,,,,,,
5999,NCZ,NIGER,CHANCHAGA,TUDUN WADA SURTH,,PHCC TUNGA,,,,,,,
6000,NCZ,NIGER,EDATI,ENAGI,,ENAGI M C H,,,,,,,
6001,NCZ,NIGER,EDATI,ETSU-TASHA,,ETSU TASHA NATIONAL PRIMARY HEALTH CARE,,,,,,,
6002,NCZ,NIGER,EDATI,FAZHI,,FAZHI HEALTH CLINIC,,,,,,,
6003,NCZ,NIGER,EDATI,GAZHE I,,GAZHE LATI HEALTH CLINIC,,,,,,,
6004,NCZ,NIGER,EDATI,GAZHE II,,BONGI HEALTH CLINIC,,,,,,,
6005,NCZ,NIGER,EDATI,GBANGBAN,,GBANGBAN PRIMARY HEALTH CARE CENTRE,,,,,,,
6006,NCZ,NIGER,EDATI,GONAGI,,GONAGI PRIMARY HEALTH CARE CENTRE,,,,,,,
6007,NCZ,NIGER,EDATI,GUZZANI,,GBODOTI PRIMARY HEALTH CARE CENTRE,,,,,,,
6008,NCZ,NIGER,EDATI,ROKOTA,,ROKOTA HEALTH CLINIC,,,,,,,
6009,NCZ,NIGER,EDATI,SAKPE,,SAKPE PRIMARY HEALTH CARE CENTRE,,,,,,,
6010,NCZ,NIGER,GBAKO,BATAGI,,PHCC BATAGI,,,,,,,
6011,NCZ,NIGER,GBAKO,BATAKO,,PHCC MANTAFIEN,,,,,,,
6012,NCZ,NIGER,GBAKO,EDOKOTA,,BHC EDOKOTA D,,,,,,,
6013,NCZ,NIGER,GBAKO,EDOZHIGI,,PHCC EDOZHIGI,,,,,,,
6014,NCZ,NIGER,GBAKO,ETSU AUDU,,PHCC ESTU AUDU,,,,,,,
6015,NCZ,NIGER,GBAKO,GBADAFU,,BIRAMAFU PHCC,,,,,,,
6016,NCZ,NIGER,GBAKO,GOGATA,,BHC GOGATA,,,,,,,
6017,NCZ,NIGER,GBAKO,LEMU,,RURAL HEALTH CENTRE LEMU,,,,,,,
6018,NCZ,NIGER,GBAKO,NUWANKOTA,,PHCC LEGBO DZUKUN,,,,,,,
6019,NCZ,NIGER,GBAKO,SOMMAZHIKO,,SOMMAZHIKO PHCC,,,,,,,
6020,NCZ,NIGER,GURARA,BONO,,BONO PRIMARY HEALTH CENTER,,,,,,,
6021,NCZ,NIGER,GURARA,DIKO,,DIKO COMPREHENSIVE PRIMARY HEALTH CARE CENTRE,,,,,,,
6022,NCZ,NIGER,GURARA,GAWO,,GAWU BABAGIDA MATER & MCH PHCC,,,,,,,
6023,NCZ,NIGER,GURARA,IZOM,,IZOM PRIMARY HEALTH CARE CENTRE,,,,,,,
6024,NCZ,NIGER,GURARA,KABO,,KABO PRIMARY HEALTH CARE CENTRE,,,,,,,
6025,NCZ,NIGER,GURARA,KWAKA,,KWAKA MODEL PRIMARY HEALTH CARE CENTRE,,,,,,,
6026,NCZ,NIGER,GURARA,LAMBATA,,LAMBATA PRIMARY HEALTH CARE CENTRE,,,,,,,
6027,NCZ,NIGER,GURARA,LETO,,LEFU PRIMARY HEALTH CARE CENTRE,,,,,,,
6028,NCZ,NIGER,GURARA,SHAKO,,SHAKO PRIMARY HEALTH CARE CENTRE,,,,,,,
6029,NCZ,NIGER,GURARA,TUFA,,TAFA MODEL PRIMARY HEALTH CARE CENTRE,,,,,,,
6030,NCZ,NIGER,KATCHA,BADEGGI,,PHCC BADEGGI,,,,,,,
6031,NCZ,NIGER,KATCHA,BAKEKO,,CHCC BAKEKO,,,,,,,
6032,NCZ,NIGER,KATCHA,BISANTI,,PHC BISANTI,,,,,,,
6033,NCZ,NIGER,KATCHA,DZWAFU,,PHC DZWAFU,,,,,,,
6034,NCZ,NIGER,KATCHA,EDOTSU,,PHCC EDOTSU,,,,,,,
6035,NCZ,NIGER,KATCHA,ESSA,,PHC ESSA,,,,,,,
6036,NCZ,NIGER,KATCHA,GBAKOGI,,PHC GBAKOGI,,,,,,,
6037,NCZ,NIGER,KATCHA,KATAEREGI,,PHCC KATAEREGI,,,,,,,
6038,NCZ,NIGER,KATCHA,KATCHA,,PHCC KATCHA,,,,,,,
6039,NCZ,NIGER,KATCHA,SIDI SABA,,PHC SIDI SABA,,,,,,,
6040,NCZ,NIGER,KONTAGORA,AREWA,,PHC TUKURA,,,,,,,
6041,NCZ,NIGER,KONTAGORA,CENTRAL,,PHC CENTRAL,,,,,,,
6042,NCZ,NIGER,KONTAGORA,GABAS,,M.C.H CLINIC,,,,,,,
6043,NCZ,NIGER,KONTAGORA,KUDU,,PHC NASARAWA,,,,,,,
6044,NCZ,NIGER,KONTAGORA,MADARA,,PHC MASAHA,,,,,,,
6045,NCZ,NIGER,KONTAGORA,MAGAJIYA,,PHC UBANDOMA,,,,,,,
6046,NCZ,NIGER,KONTAGORA,MAGWAMATSE,,PHC NAGWAMATSE,,,,,,,
6047,NCZ,NIGER,KONTAGORA,MASULIA,,PHC LIOJI,,,,,,,
6048,NCZ,NIGER,KONTAGORA,RAFIN GORA,,PHC RAFIN-GORA,,,,,,,
6049,NCZ,NIGER,KONTAGORA,TUNGAN KAWO,,KAWO MODEL CLINIC,,,,,,,
6050,NCZ,NIGER,KONTAGORA,TUNGAN WAWA,,PHC TUNGAN WAWA,,,,,,,
6051,NCZ,NIGER,KONTAGORA,USALLE,,PHC KANFANIN WAYA,,,,,,,
6052,NCZ,NIGER,KONTAGORA,YAMMA,,PHC MAI DUBU,,,,,,,
6053,NCZ,NIGER,LAPAI,AREWA/YAMMA,,LAPAI CHC,,,,,,,
6054,NCZ,NIGER,LAPAI,B MAZA/TASHIBO,,SAMINAKA PHCC,,,,,,,
6055,NCZ,NIGER,LAPAI,EBBON/GBACENKA,,EBBO CPHCC,,,,,,,
6056,NCZ,NIGER,LAPAI,EVOTI/KPADA,,EVUTI PHCC,,,,,,,
6057,NCZ,NIGER,LAPAI,GULU/VATSA,,GULU PHCC/MCH,,,,,,,
6058,NCZ,NIGER,LAPAI,GUPA/ABUGI,,GUPA PHCC,,,,,,,
6059,NCZ,NIGER,LAPAI,GURDI/ZAGO,,DUMA PHCC,,,,,,,
6060,NCZ,NIGER,LAPAI,KUDU/GABAS,,LAPAI MCH/PHCC,,,,,,,
6061,NCZ,NIGER,LAPAI,MUYE/EGBA,,MUYE PHCC,,,,,,,
6062,NCZ,NIGER,LAPAI,TAKUTI/SHAKU,,TAKUTI/SHABA PHCC,,,,,,,
6063,NCZ,NIGER,LAVUN,BATATI,,PHCC MA’ALI,,,,,,,
6064,NCZ,NIGER,LAVUN,BUSSU/KUCHI,,PHCC BUSU,,,,,,,
6065,NCZ,NIGER,LAVUN,DABBANI,,PHCC DABBAN,,,,,,,
6066,NCZ,NIGER,LAVUN,DASSUN,,PHC DASSUN,,,,,,,
6067,NCZ,NIGER,LAVUN,DOKO,,PHCC DOKO,,,,,,,
6068,NCZ,NIGER,LAVUN,EGBAKO,,PHCC NDARUKA,,,,,,,
6069,NCZ,NIGER,LAVUN,GABA,,PHCC GABA,,,,,,,
6070,NCZ,NIGER,LAVUN,JIMA,,PHCC JIMA,,,,,,,
6071,NCZ,NIGER,LAVUN,KUSOTACHIN,,PHCC KOTUGI DADI,,,,,,,
6072,NCZ,NIGER,LAVUN,KUTIGI,,PHCC KUTIGI,,,,,,,
6073,NCZ,NIGER,LAVUN,LAGUN,,PHCC SABON MADINA,,,,,,,
6074,NCZ,NIGER,LAVUN,MAMBE,,PHCC MANBE,,,,,,,
6075,NCZ,NIGER,MAGAM,ANABA,,RIGULO PHCC,,,,,,,
6076,NCZ,NIGER,MAGAM,AUNA CENTRAL,,AUNA PHC CLINIC,,,,,,,
6077,NCZ,NIGER,MAGAM,AUNA EAST,,KAWO PHCC,,,,,,,
6078,NCZ,NIGER,MAGAM,AUNA SOUTH,,T/JIKA PHCC,,,,,,,
6079,NCZ,NIGER,MAGAM,IBELU WARD,,BHC IBETO,,,,,,,
6080,NCZ,NIGER,MAGAM,KURA,,BHC KURA,,,,,,,
6081,NCZ,NIGER,MAGAM,MAGAMAN DAJI,,MAGAMAN DAJI PHCC,,,,,,,
6082,NCZ,NIGER,MAGAM,NASARAWA,,NASSARAWA PHCC,,,,,,,
6083,NCZ,NIGER,MAGAM,SALKA WARD,,BHC SALKA,,,,,,,
6084,NCZ,NIGER,MAGAM,WASKO,,BHC NASKO,,,,,,,
6085,NCZ,NIGER,MAGAM,YANGALU,,YANGALU PHCC,,,,,,,
6086,NCZ,NIGER,MARIGA,BANGI,,MCH BANGI,,,,,,,
6087,NCZ,NIGER,MARIGA,BERI,,CHC BERI,,,,,,,
6088,NCZ,NIGER,MARIGA,BOBI,,MCH BOBI,,,,,,,
6089,NCZ,NIGER,MARIGA,GULBI BOKA,,PHC G/BOKA,,,,,,,
6090,NCZ,NIGER,MARIGA,IGWAMA,,PHC K/GARBA,,,,,,,
6091,NCZ,NIGER,MARIGA,INKWA,,CHC MARIGA,,,,,,,
6092,NCZ,NIGER,MARIGA,KAKIHUN,,PHC KAKIHUM,,,,,,,
6093,NCZ,NIGER,MARIGA,KOTONKORO,,PHC SABON GARI K/KORO,,,,,,,
6094,NCZ,NIGER,MARIGA,KUMBASHI,,PHC KUMBASHI,,,,,,,
6095,NCZ,NIGER,MARIGA,MUBURYA,,PHC MABURYA,,,,,,,
6096,NCZ,NIGER,MARIGA,WAMBA,,WAMBA PHCC,,,,,,,
6097,NCZ,NIGER,MASHEGU,BABBAN,,PHCC BABANRAMI,,,,,,,
6098,NCZ,NIGER,MASHEGU,DAPANGI MAKERA,,MPHC MAKERA,,,,,,,
6099,NCZ,NIGER,MASHEGU,IBBA,,PHCC IBBI,,,,,,,
6100,NCZ,NIGER,MASHEGU,KABOJI,,CPHC KABOJI,,,,,,,
6101,NCZ,NIGER,MASHEGU,KASANGA,,PHC KASAGA,,,,,,,
6102,NCZ,NIGER,MASHEGU,KULHO,,PHCC KULHO,,,,,,,
6103,NCZ,NIGER,MASHEGU,KWATACHI,,PHCC KWATACHI,,,,,,,
6104,NCZ,NIGER,MASHEGU,MASHAGU,,PHCC MASHEGU,,,,,,,
6105,NCZ,NIGER,MASHEGU,MAZAKUKA,,PHC MAZAKUKA,,,,,,,
6106,NCZ,NIGER,MASHEGU,SAHO-RAMI,,RH SAHONRAMI,,,,,,,
6107,NCZ,NIGER,MOKWA,BOKANI,,BHC BOKANI,,,,,,,
6108,NCZ,NIGER,MOKWA,GBAJIBO/MUWO,,PHC MUWO,,,,,,,
6109,NCZ,NIGER,MOKWA,GBARA,,BHC GBARA,,,,,,,
6110,NCZ,NIGER,MOKWA,JAAGI,,BHC JAAGI,,,,,,,
6111,NCZ,NIGER,MOKWA,JEBBA,,FSP JEBBA,,,,,,,
6112,NCZ,NIGER,MOKWA,KPAKI/TAUMA,,BHC KPAKI,,,,,,,
6113,NCZ,NIGER,MOKWA,KUDU,,BHC KUDU,,,,,,,
6114,NCZ,NIGER,MOKWA,LABOZHI,,MPHCC IBBA,,,,,,,
6115,NCZ,NIGER,MOKWA,MOKWA,,MCH MOKWA,,,,,,,
6116,NCZ,NIGER,MOKWA,MUREGI,,BHC MUREGI,,,,,,,
6117,NCZ,NIGER,MOKWA,RABBA/INDAYAKO,,PHC RABBA,,,,,,,
6118,NCZ,NIGER,MUNYA,BENI,,BENI PHC,,,,,,,
6119,NCZ,NIGER,MUNYA,DAN GUNU,,RURAL HEALTH CENTRE S/PAWA,,,,,,,
6120,NCZ,NIGER,MUNYA,DANDAUDA,,DANDAUDU PHC,,,,,,,
6121,NCZ,NIGER,MUNYA,DAZA,,DAZA PHC,,,,,,,
6122,NCZ,NIGER,MUNYA,FUKA,,FUKA PHC,,,,,,,
6123,NCZ,NIGER,MUNYA,GINI,,GINI PHC,,,,,,,
6124,NCZ,NIGER,MUNYA,GUNI,,BHC GUNI PHC,,,,,,,
6125,NCZ,NIGER,MUNYA,KABULA,,ZAZZAGA PHC,,,,,,,
6126,NCZ,NIGER,MUNYA,KAZAI,,KAMACHE PHC,,,,,,,
6127,NCZ,NIGER,MUNYA,KUCHI,,KUCHI PHC,,,,,,,
6128,NCZ,NIGER,MUNYA,SAKIN PAWA,,MCH PHC,,,,,,,
6129,NCZ,NIGER,PAIKORO,ADUNU,,PHCC ADUNU,,,,,,,
6130,NCZ,NIGER,PAIKORO,CHIMBI,,PHCC CHIMBI,,,,,,,
6131,NCZ,NIGER,PAIKORO,GWAM,,PHCC GWAM,,,,,,,
6132,NCZ,NIGER,PAIKORO,ISHAU,,PHCC ISHAU,,,,,,,
6133,NCZ,NIGER,PAIKORO,JERE,,PHCC ALMAJIRI(KWANAYI),,,,,,,
6134,NCZ,NIGER,PAIKORO,KAFIN KORO,,PHCC K/KORO,,,,,,,
6135,NCZ,NIGER,PAIKORO,KWAGANA,,PHCC ZUBAKPERE,,,,,,,
6136,NCZ,NIGER,PAIKORO,KWAKUTI,,PHCC KWAKUTI,,,,,,,
6137,NCZ,NIGER,PAIKORO,NIKUCHI/TUNGAN MALLAM,,PHCC T/MALLAM,,,,,,,
6138,NCZ,NIGER,PAIKORO,PAIKO CENTRAL,,PHCC PAIKO (MODEL),,,,,,,
6139,NCZ,NIGER,PAIKORO,TUTUNGO/JEDNA,,PHCC TUTUNGO,,,,,,,
6140,NCZ,NIGER,RAFI,KAGARA,,MCH TUDUN WADA,,,,,,,
6141,NCZ,NIGER,RAFI,KAKURI,,MADAKA PHC,,,,,,,
6142,NCZ,NIGER,RAFI,KONGOMA CENTRAL,,PANDOGARI PHC CENTRE,,,,,,,
6143,NCZ,NIGER,RAFI,KONGOMA NORTH,,KUSHERKI BASIC HEALTH CENTRE,,,,,,,
6144,NCZ,NIGER,RAFI,KONGOMA SOUTH,,KAWO USHAMA PHC,,,,,,,
6145,NCZ,NIGER,RAFI,KONGOMA WEST,,MAIKUJERI BHC,,,,,,,
6146,NCZ,NIGER,RAFI,KUNDU,,KUNDU PHC,,,,,,,
6147,NCZ,NIGER,RAFI,SABON GARI,,SABON GARI PHC CENTRE,,,,,,,
6148,NCZ,NIGER,RAFI,TEGINA GARI,,TEGINA BASIC HEALTH CENTRE,,,,,,,
6149,NCZ,NIGER,RAFI,TEGINA WEST,,KWANA BHC,,,,,,,
6150,NCZ,NIGER,RAFI,YAKILA,,YAKILA PHC CENTRE,,,,,,,
6151,NCZ,NIGER,RIJAU,DARANGI,,LARAI SULEMAN,,,,,,,
6152,NCZ,NIGER,RIJAU,DUGGE,,PHCC DUGGE,,,,,,,
6153,NCZ,NIGER,RIJAU,DUKKU,,BHC DUKKU,,,,,,,
6154,NCZ,NIGER,RIJAU,GENU,,BHC GENU,,,,,,,
6155,NCZ,NIGER,RIJAU,JAMA'ARE,,HADARI MAMMAN,,,,,,,
6156,NCZ,NIGER,RIJAU,RIJAU,,RUTH J. AYUBA,,,,,,,
6157,NCZ,NIGER,RIJAU,SHAMBO,,CPHC SHAMBO,,,,,,,
6158,NCZ,NIGER,RIJAU,TUNGAN BUNU,,BHC  TUNGAN BUNU,,,,,,,
6159,NCZ,NIGER,RIJAU,TUNGAN MAGAJIYA,,PHCC  EMGOG,,,,,,,
6160,NCZ,NIGER,RIJAU,USHE,,PHCC SG USHE,,,,,,,
6161,NCZ,NIGER,RIJAU,WARARI,,BHC  WARARI,,,,,,,
6162,NCZ,NIGER,SHIRORO,ALLAWA,,BHC ALLAWA,,,,,,,
6163,NCZ,NIGER,SHIRORO,BANGAJIYA,,MCH KUTA,,,,,,,
6164,NCZ,NIGER,SHIRORO,BASSA/KUKOKI,,BASSA PHCC,,,,,,,
6165,NCZ,NIGER,SHIRORO,EGWA/GWADA,,MCH GWADA,,,,,,,
6166,NCZ,NIGER,SHIRORO,ERANA,,CHC ERENA PHCC,,,,,,,
6167,NCZ,NIGER,SHIRORO,GALKOGO,,BHC GALKOGO,,,,,,,
6168,NCZ,NIGER,SHIRORO,GURMANA,,GURMANA PHCC,,,,,,,
6169,NCZ,NIGER,SHIRORO,GUSSORO,,GUSSORO PHCC,,,,,,,
6170,NCZ,NIGER,SHIRORO,KATO,,KUNU PHCC,,,,,,,
6171,NCZ,NIGER,SHIRORO,KUSHAKA/KUREBE,,KUREBE PHCC,,,,,,,
6172,NCZ,NIGER,SHIRORO,KWAKI/CHUKUBA,,KWAKI PHCC,,,,,,,
6173,NCZ,NIGER,SHIRORO,MANTA,,PHCC MAIKAKAKI,,,,,,,
6174,NCZ,NIGER,SHIRORO,PINA,,PINA PHCC,,,,,,,
6175,NCZ,NIGER,SHIRORO,SHE,,BHC GUNU,,,,,,,
6176,NCZ,NIGER,SHIRORO,UGANDOMA,,TAWO PHCC,,,,,,,
6177,NCZ,NIGER,SULEJA,BAGAMA 'A',,LATE GAMBO BHC,,,,,,,
6178,NCZ,NIGER,SULEJA,BAGAMA 'B',,TALBA CLINIC,,,,,,,
6179,NCZ,NIGER,SULEJA,HASHIMI 'A',,DIJE BALA PHCC,,,,,,,
6180,NCZ,NIGER,SULEJA,HASHIMI 'B',,MAAMA GAMBO BHC,,,,,,,
6181,NCZ,NIGER,SULEJA,IKU SOUTH I,,MADALLA PHCC,,,,,,,
6182,NCZ,NIGER,SULEJA,IKU SOUTH II,,CHAZA PHCC,,,,,,,
6183,NCZ,NIGER,SULEJA,KURMIN SARKI,,MDG PHCC PANGAMU,,,,,,,
6184,NCZ,NIGER,SULEJA,MAGAJIYA,,SDG ANG MALLAM ASHEHU,,,,,,,
6185,NCZ,NIGER,SULEJA,MAJE,,CHC MAJE,,,,,,,
6186,NCZ,NIGER,SULEJA,WAMBAI,,PHCC MDG ANG TUDU,,,,,,,
6187,NCZ,NIGER,TAFA,DOGON KURMI,,CHAWA PRIMARY HEALTH CARE,,,,,,,
6188,NCZ,NIGER,TAFA,GARAM,,GARAM MODEL PRIMARY HEALTH CARE,,,,,,,
6189,NCZ,NIGER,TAFA,IJA GWARI,,IJAH GBAGYI BASIC HEALTH CENTRE,,,,,,,
6190,NCZ,NIGER,TAFA,IJA KORO,,KATA SARKI PHC,,,,,,,
6191,NCZ,NIGER,TAFA,IKU SOUTH II,,KARFE PHC,,,,,,,
6192,NCZ,NIGER,TAFA,NEW BWARI,,NEW BWARI CPHC,,,,,,,
6193,NCZ,NIGER,TAFA,WUSE EAST,,ASO PRIMARY HEALTH CARE,,,,,,,
6194,NCZ,NIGER,TAFA,WUSE WEST,,ANGWAN HAUSAWA PRIMARY HEALTH CARE,,,,,,,
6195,NCZ,NIGER,TAFA,ZUMA EAST,,GAURAKA MODEL PRIMARY HEALTH CENTRE,,,,,,,
6196,NCZ,NIGER,TAFA,ZUMA WEST,,DAKWA PHCC,,,,,,,
6197,NCZ,NIGER,WUSHISHI,AKARE,,AKARE PRIMARY HEALTH CARE CENTRE,,,,,,,
6198,NCZ,NIGER,WUSHISHI,BARWA,,BARWA PRIMARY HEALTH CARE CENTRE,,,,,,,
6199,NCZ,NIGER,WUSHISHI,GWARJIKO,,GWARJIKO PRIMARY HEALTH CLINIC,,,,,,,
6200,NCZ,NIGER,WUSHISHI,KANWURI,,PRIMARY HEALTH CARE CENTRE(MCH),,,,,,,
6201,NCZ,NIGER,WUSHISHI,KODO,,MAKUSIDI PRIMARY HEALTH CENTRE,,,,,,,
6202,NCZ,NIGER,WUSHISHI,KWATA,,TASHANJIRGI PRIMARY HEALTH CLINIC,,,,,,,
6203,NCZ,NIGER,WUSHISHI,LOKOGOMA,,LOKOGOMA PRIMARY HEALTH CLINIC,,,,,,,
6204,NCZ,NIGER,WUSHISHI,MAITO,,MAITO PRIMARY HEALTH CLINIC,,,,,,,
6205,NCZ,NIGER,WUSHISHI,SABON GARI,,BANKOGI PRIMARY HEALTH CLINIC,,,,,,,
6206,NCZ,NIGER,WUSHISHI,TUKUNJI/YEMIGI,,TUNGAN SAYYADI PRIMARY HEALTH CARE CENTRE,,,,,,,
6207,NCZ,NIGER,WUSHISHI,ZUNGERU,,KALIKO MODEL PRIMARY HEALTH CENTRE,,,,,,,
6208,SWZ,OGUN,ABEOKUTA NORTH,AGO OKO,IBEREKODO III,ROYAL HEALTH CLINIC,,,,,,,
6209,SWZ,OGUN,ABEOKUTA NORTH,GBAGURA,TOTORO I,IKEYE HEALTH CLINIC,,,,,,,
6210,SWZ,OGUN,ABEOKUTA NORTH,IKA,TOTORO II,ENUGADA HEALTH CLINIC,,,,,,,
6211,SWZ,OGUN,ABEOKUTA NORTH,IKEREKU,IKEREKU I,ILEWO ORILE HEALTH CLINIC,,,,,,,
6212,SWZ,OGUN,ABEOKUTA NORTH,IMALA/IDIEMI,IMALA IDI EMI,IMALA MODEL H CENTRE,,,,,,,
6213,SWZ,OGUN,ABEOKUTA NORTH,OLORUNDA/IJALE,OLORUNDA,OLORUNDA PHC,,,,,,,
6214,SWZ,OGUN,ABEOKUTA NORTH,SABO,SABO 1,LAFENWA ODO ERAN H/POST,,,,,,,
6215,SWZ,OGUN,ABEOKUTA NORTH,TOTORO/SOKORI,TOTORO IV,TOTORO HEALTH CLINIC,,,,,,,
6216,SWZ,OGUN,ABEOKUTA SOUTH,AGO-EGUN/IJESA,IJEUN TITUN,LADERIN HEALTH CENTRE,,,,,,,
6217,SWZ,OGUN,ABEOKUTA SOUTH,AKE I,AKE I,ROYAL HEALTH POST,,,,,,,
6218,SWZ,OGUN,ABEOKUTA SOUTH,AKE II,AKE II KUGBA,KUGBA PRIMARY HEALTH CENTRE,,,,,,,
6219,SWZ,OGUN,ABEOKUTA SOUTH,AKE III,ABULE OLONI HEALTH CENTER,ABULE OLONI HEALTH CENTER,,,,,,,
6220,SWZ,OGUN,ABEOKUTA SOUTH,ERUNBE/OKE- IJEUN,OKE IJEUN,ERUNBE PRIMARY HEALTH CENTRE,,,,,,,
6221,SWZ,OGUN,ABEOKUTA SOUTH,IBARA I,SARAKI ADIGBE,SARAKI ADIGBE HEALTH CENTRE,,,,,,,
6222,SWZ,OGUN,ABEOKUTA SOUTH,IBARA II,OKE ILEWO,FHC OKE ILEWO,,,,,,,
6223,SWZ,OGUN,ABEOKUTA SOUTH,IGBORE/AGO-OBA,IGBORE AGO OBA,IGBORE AGO OBA HEALTH CENTRE,,,,,,,
6224,SWZ,OGUN,ABEOKUTA SOUTH,IJAIYE / IDIABA,IJAYE,IJAYE HEALTH CENTRE,,,,,,,
6225,SWZ,OGUN,ABEOKUTA SOUTH,IJEMO,OKE IJEMO,OKE IJEMO HEALTH CENTRE,,,,,,,
6226,SWZ,OGUN,ABEOKUTA SOUTH,IMO/ISABO,IMO KUTO,KUTO HEALTH POST,,,,,,,
6227,SWZ,OGUN,ABEOKUTA SOUTH,ITOKO,ITOKO,ITOKO HEALTH POST,,,,,,,
6228,SWZ,OGUN,ABEOKUTA SOUTH,KEESI/EMERE,KEESI EMERE,KEESI PRIMARY HEALTH CENTRE,,,,,,,
6229,SWZ,OGUN,ABEOKUTA SOUTH,SODEKE/ISALE IJEUN I,ISALE IJEUN,OBAGBADEBO HEALTH CENTRE,,,,,,,
6230,SWZ,OGUN,ABEOKUTA SOUTH,SODEKE/ISALE IJEUN II,KEMTA AGELENDE,KEMTA AGELENDE,,,,,,,
6231,SWZ,OGUN,ADO ODO OTA,ADO-ODO I,ADO I,ADO I PRIMARY HEALTH CENTRE,,,,,,,
6232,SWZ,OGUN,ADO ODO OTA,ADO-ODO II,ADO II,ADO ODO II HEALTH CENTRE,,,,,,,
6233,SWZ,OGUN,ADO ODO OTA,AGBARA I,AGBARA,AGBARA PRIMARY HEALTH CENTRE,,,,,,,
6234,SWZ,OGUN,ADO ODO OTA,AGBARA II,EJILA AWORI,ODAN HEALTH CENTRE,,,,,,,
6235,SWZ,OGUN,ADO ODO OTA,ALAPOTI,ALAPOTI,ALAPOTI HEALTH CENTRE,,,,,,,
6236,SWZ,OGUN,ADO ODO OTA,ATAN,ATAN,ATAN MODEL PHC,,,,,,,
6237,SWZ,OGUN,ADO ODO OTA,ERE,ERE,ERE HEALTH CENTRE,,,,,,,
6238,SWZ,OGUN,ADO ODO OTA,IGBESA,IGBESA,IGBESA PRIMARY HEALTH CENTRE,,,,,,,
6239,SWZ,OGUN,ADO ODO OTA,IJOKO,IJOKO,IJOKO PRIMARY HEALTH CENTRE,,,,,,,
6240,SWZ,OGUN,ADO ODO OTA,IJU,IJU,IJU PHC,,,,,,,
6241,SWZ,OGUN,ADO ODO OTA,ILOGBO,ILOGBO,ILOGBO PRIMARY HEALTH CENTRE,,,,,,,
6242,SWZ,OGUN,ADO ODO OTA,KETU ADIE OWE,KETU ADIEU OWE,KETU ADIE OWE PHC,,,,,,,
6243,SWZ,OGUN,ADO ODO OTA,OTA I,OTA I,OTUN PRIMARY HEALTH CENTRE,,,,,,,
6244,SWZ,OGUN,ADO ODO OTA,OTA II,OTA II,POWERLINE EALTH CENTRE,,,,,,,
6245,SWZ,OGUN,ADO ODO OTA,OTA III,OTA III,OTA PRIMARY HEALTH CENTRE,,,,,,,
6246,SWZ,OGUN,ADO ODO OTA,SANGO,SANGO,SANGO PRIMARY HEALTH CENTRE,,,,,,,
6247,SWZ,OGUN,EWEKORO,ABALABI,ABALABI,AJEGUNLE HEALTH CLINIC,,,,,,,
6248,SWZ,OGUN,EWEKORO,ARIGBAJO,ARIGBAJO,ARIGBAJO PRIMARY HEALTH CENTRE,,,,,,,
6249,SWZ,OGUN,EWEKORO,ASA/YOBO,ASA-YOBO,ASA-YOBO,,,,,,,
6250,SWZ,OGUN,EWEKORO,ELERE ONIGBEDU,ELERE ONIGBEDU,ELERE PRIMARY HEALTH CENTRE,,,,,,,
6251,SWZ,OGUN,EWEKORO,ITORI,ITORI,ITORI PRIMARY HEALTH CENTRE,,,,,,,
6252,SWZ,OGUN,EWEKORO,MOSAN,MOSAN,MOSAN HEALTH CENTRE,,,,,,,
6253,SWZ,OGUN,EWEKORO,OBADA – OKO,OBADA,OBADA PRIMARY HEALTH CENTRE,,,,,,,
6254,SWZ,OGUN,EWEKORO,OWOWO,OWOWO,OWOWO PRIMARY HEALTH CENTRE,,,,,,,
6255,SWZ,OGUN,EWEKORO,PAPALANTO,PAPA,PAPALANTO PRIMARY HEALTH CENTRE,,,,,,,
6256,SWZ,OGUN,EWEKORO,WASIMI,WASIMI,WASIMI PRIMARY HEALTH CENTRE,,,,,,,
6257,SWZ,OGUN,IFO,AGBADO,AGBADO,AGBADO PRIMARY HEALTH CENTRE,,,,,,,
6258,SWZ,OGUN,IFO,AJUWON/AKUTE,AJUWON AKUTE,AJUWON PRIMARY HEALTH CENTRE,,,,,,,
6259,SWZ,OGUN,IFO,COKER,COKER/ILEPA,OGUNGBADE MPHC,,,,,,,
6260,SWZ,OGUN,IFO,IBOGUN,IBOGUN,IBOGUN MPHC,,,,,,,
6261,SWZ,OGUN,IFO,IFO I,IFO I OLOSE,OLOSE PRIMARY HEALTH CENTRE,,,,,,,
6262,SWZ,OGUN,IFO,IFO II,IFO II OKENLA,OKENLA HEALTH CENTRE,,,,,,,
6263,SWZ,OGUN,IFO,IFO III,IFO III AGOSI,AGOSI HEALTH CENTRE,,,,,,,
6264,SWZ,OGUN,IFO,ISERI/OJODU,OJODU ISHERI,OJODU ABIODUN PHC,,,,,,,
6265,SWZ,OGUN,IFO,OKE-ARO / IBARAGUN / ROBIYAN ANRRRRAGUN / ROBIYAN ARO / IBARAGUN / ROBIYAN,OKE ARO IBARAGUN,OKUNGBOLU MODEL PHC,,,,,,,
6266,SWZ,OGUN,IFO,OSOSUN,OYERO OSOSUN,OYERO HEALTH CLINIC,,,,,,,
6267,SWZ,OGUN,IFO,SUNREN,SUNREN,OLORUNSOGO HEALTH CENTRE,,,,,,,
6268,SWZ,OGUN,IJEBU EAST,AJEBANDELE,AJEBANDELE,ABERU HEALTH CENTRE,,,,,,,
6269,SWZ,OGUN,IJEBU EAST,IJEBU - IFE I,IFE I,ODOLADALEPO HEALTH CLINIC,,,,,,,
6270,SWZ,OGUN,IJEBU EAST,IJEBU - IFE II,IFE II,TAJALA PHC,,,,,,,
6271,SWZ,OGUN,IJEBU EAST,IJEBU IMUSHIN I,IMUSHIN I,IGBAGA HEALTH CLINIC,,,,,,,
6272,SWZ,OGUN,IJEBU EAST,IJEBU IMUSHIN II,IMUSHIN II,ILODO PHC,,,,,,,
6273,SWZ,OGUN,IJEBU EAST,IKIJA,IKIJA,IGAN HEALTH CENTRE,,,,,,,
6274,SWZ,OGUN,IJEBU EAST,IMOBI I,IMOBI I,FOTEDO HEALTH CLINIC,,,,,,,
6275,SWZ,OGUN,IJEBU EAST,ITELE,ITELE,ATOYO HEALTH CLINIC,,,,,,,
6276,SWZ,OGUN,IJEBU EAST,OGBERE,OGBERE,OGBERE HEALTH CENTRE,,,,,,,
6277,SWZ,OGUN,IJEBU EAST,OWU,OWU,OJELANA HEALTH CLINIC,,,,,,,
6278,SWZ,OGUN,IJEBU NORTH,AGO - IWOYE I,AGO IWOYE I,OKE ODO PHC,,,,,,,
6279,SWZ,OGUN,IJEBU NORTH,AGO - IWOYE II,AGO IWOYE II,IBIPE PHC,,,,,,,
6280,SWZ,OGUN,IJEBU NORTH,AKO ONIGBAGBO GELETE,AKOGELETE,AGRIC HEALTH CENTRE,,,,,,,
6281,SWZ,OGUN,IJEBU NORTH,ATIKORI,ATIKORI,ATIKORI HEALTH CENTRE,,,,,,,
6282,SWZ,OGUN,IJEBU NORTH,MAMU/ETIRI,MAMU,MAMU HEALTH CENTRE,,,,,,,
6283,SWZ,OGUN,IJEBU NORTH,OJOWO/JAPAPA,OJOWO,OJOWO HEALTH CLINIC,,,,,,,
6284,SWZ,OGUN,IJEBU NORTH,OKE - SOPIN,OKE AGBO,OKE AGBO HEALTH CENTRE,,,,,,,
6285,SWZ,OGUN,IJEBU NORTH,OKE - SOPIN,OKE SOPEN,EGBE HEALTH CENTRE,,,,,,,
6286,SWZ,OGUN,IJEBU NORTH,OMEN,OMEN,OSUNBUDEPO HEALTH CLINIC,,,,,,,
6287,SWZ,OGUN,IJEBU NORTH,ORU/AWA/ILAPORU,ORU AWA ILAPORU,ORU AWA ILAPORU HEALTH CENTRE,,,,,,,
6288,SWZ,OGUN,IJEBU NORTH,OSUN,OSUN,IMOPE HEALTH CLINIC,,,,,,,
6289,SWZ,OGUN,IJEBU NORTHEAST,ATAN/IMUKU,ATAN,ATAN HEALTH CENTRE,,,,,,,
6290,SWZ,OGUN,IJEBU NORTHEAST,ERUNWON,IGBEBA,ERUNWON HEALTH CENTRE,,,,,,,
6291,SWZ,OGUN,IJEBU NORTHEAST,IGEDE/ITAMARUN,IGEDE,ITAMARUN HEALTH CENTRE,,,,,,,
6292,SWZ,OGUN,IJEBU NORTHEAST,ILESE,ILESE,ILESE HEALTH CENTRE,,,,,,,
6293,SWZ,OGUN,IJEBU NORTHEAST,IMEWURO/ODEYO/IMOMO,IMEWURO,IMEUWURO HEALTH CENTRE,,,,,,,
6294,SWZ,OGUN,IJEBU NORTHEAST,ISOYIN,ISOYIN,ISONYIN HEALTH CLINIC,,,,,,,
6295,SWZ,OGUN,IJEBU NORTHEAST,ODESENLU,ODO REGBE,ODOREGBE HEALTH POST,,,,,,,
6296,SWZ,OGUN,IJEBU NORTHEAST,ODOSIMADEGUN/ODOSINBO,ODOSENBORA,ODOSENBORA HEALTH POST,,,,,,,
6297,SWZ,OGUN,IJEBU NORTHEAST,OJU ONA,IWORO,IWORO HEALTH CENTRE,,,,,,,
6298,SWZ,OGUN,IJEBU NORTHEAST,OKE-ERI/OGBOGBO,OGBOGBO IJARI,IJARI MODEL HEALTH CENTRE,,,,,,,
6299,SWZ,OGUN,IJEBU ODE,IJADA/IMEPE I,IJADA IMEPE,IWADE ISALE HEALTH CENTRE,,,,,,,
6300,SWZ,OGUN,IJEBU ODE,IJADA/IMEPE II,IMUPA IYANRO,OKE AJE HEALTH CLINIC,,,,,,,
6301,SWZ,OGUN,IJEBU ODE,IJASI/IDEPO,IJASI IDEPO,JOGBO HEALTH CENTRE,,,,,,,
6302,SWZ,OGUN,IJEBU ODE,ISIWO,ISIWO,AYETEJU HEALTH CENTRE,,,,,,,
6303,SWZ,OGUN,IJEBU ODE,ISOKU/OSOSA,ISOKU IKANIGBO,ISOKU HEALTH CENTRE,,,,,,,
6304,SWZ,OGUN,IJEBU ODE,ITAMAPO,ITAMAPAKO,ITAMAPAKO HEALTH CENTRE,,,,,,,
6305,SWZ,OGUN,IJEBU ODE,ITANTEBO/ITA OGBIN,ITANTEBO ITA OGBIN,ITANTEBO HEALTH POST,,,,,,,
6306,SWZ,OGUN,IJEBU ODE,ODO/ESA,ODO ESA,ODO ESA HEALTH CENTRE,,,,,,,
6307,SWZ,OGUN,IJEBU ODE,ODO-EGBO/OLIWORO,ODO EGBO,OKE OYINBO HEALTH CENTRE,,,,,,,
6308,SWZ,OGUN,IJEBU ODE,POROGUN I,POROGUN 1,ITA OSU HEALTH CENTRE,,,,,,,
6309,SWZ,OGUN,IJEBU ODE,POROGUN II,POROGUN 2,ITA ALAPO HEALTH CENTRE,,,,,,,
6310,SWZ,OGUN,IKENNE,IKENNE I,IKENNE I,ITUMORO HEALTH CLINIC,,,,,,,
6311,SWZ,OGUN,IKENNE,IKENNE II,IKENNE II,IKENNE PRIMARY HEALTH CENTRE,,,,,,,
6312,SWZ,OGUN,IKENNE,ILISAN I,ILISAN I,ILISAN PRIMARY HEALTH CENTRE,,,,,,,
6313,SWZ,OGUN,IKENNE,ILISAN II,ILISAN II,AGO ILARA HEALTH CENTRE,,,,,,,
6314,SWZ,OGUN,IKENNE,ILISAN/IROLU,IROLU,IROLU PRIMARY HEALTH CENTRE,,,,,,,
6315,SWZ,OGUN,IKENNE,IPERU I,IPERU I,IREGUN HEALTH CENTRE,,,,,,,
6316,SWZ,OGUN,IKENNE,IPERU II,IPERU II,IMOBIDO HEALTH CENTRE,,,,,,,
6317,SWZ,OGUN,IKENNE,OGERE I,OGERE I,OGERE HEALTH CENTRE,,,,,,,
6318,SWZ,OGUN,IKENNE,OGERE II,OGERE II,OGERE PRIMARY HEALTH CENTRE,,,,,,,
6319,SWZ,OGUN,IKENNE,PERU III,IPERU III,IPERU PRIMARY HEALTH CENTRE,,,,,,,
6320,SWZ,OGUN,IMEKO AFON,AFON,AFON,AFON HEALTH CLINIC,,,,,,,
6321,SWZ,OGUN,IMEKO AFON,IDI - AYIN,OWODE,OWODE PHC,,,,,,,
6322,SWZ,OGUN,IMEKO AFON,IDOFA,IDOFA,IDOFA HEALTH CLINIC,,,,,,,
6323,SWZ,OGUN,IMEKO AFON,ILARA/AAGBE,ILARA,ILARA PRIMARY HEALTH CENTRE,,,,,,,
6324,SWZ,OGUN,IMEKO AFON,IMEKO,IMEKO,IMEKO DENDE HEALTH CENTRE,,,,,,,
6325,SWZ,OGUN,IMEKO AFON,IWOYE/JABATA,IWOYE,IWOYE HEALTH CENTRE,,,,,,,
6326,SWZ,OGUN,IMEKO AFON,KAJOLA AGBERIODO,AGBERIODO,AGBERIODO HEALTH CLINIC,,,,,,,
6327,SWZ,OGUN,IMEKO AFON,OKE-AGBEDE / MORIWI / MATALE,OKE AGBEDE,OKE AGBEDE HEALTH CLINIC,,,,,,,
6328,SWZ,OGUN,IMEKO AFON,OLORUNDA AGBORO,AGBOROGBOMO,AGBOROGBOMO,,,,,,,
6329,SWZ,OGUN,IMEKO AFON,OTAPELE,ATAPELE,ATAPELE,,,,,,,
6330,SWZ,OGUN,IPOKIA,AGADA,AGADA,AGADA,,,,,,,
6331,SWZ,OGUN,IPOKIA,AGO SASA,AGOSASA,IDOMAFE MODEL PHC,,,,,,,
6332,SWZ,OGUN,IPOKIA,AGO SASA,IPOKIA II,ODAN IJAIYE PHC,,,,,,,
6333,SWZ,OGUN,IPOKIA,AJEGUNLE,AJEGUNLE,AJEGUNLE HEALTH CLINIC,,,,,,,
6334,SWZ,OGUN,IPOKIA,IDIROKO,IDIROKO,IDIROKO HEALTH CENTRE,,,,,,,
6335,SWZ,OGUN,IPOKIA,IFONYINTEDO,IFONYINTEDO,IFONYINTEDO HEALTH CENTRE,,,,,,,
6336,SWZ,OGUN,IPOKIA,IHUNBO/ILASE,IHUNBO ILASHE,IHUNBO PRIMARY HEALTH CENTRE,,,,,,,
6337,SWZ,OGUN,IPOKIA,IJIFIN/IDOSA,IJOFIN,IJOFIN HEALTH CENTRE,,,,,,,
6338,SWZ,OGUN,IPOKIA,IPOKIA I,IPOKIA I,ALAGA HEALTH CLINIC,,,,,,,
6339,SWZ,OGUN,IPOKIA,MAUN I,MAUN I,MAUN HEALTH CLINIC,,,,,,,
6340,SWZ,OGUN,IPOKIA,MAUN I,MAUN II,VAWHE HUNDO_,,,,,,,
6341,SWZ,OGUN,IPOKIA,TUBE,TUBE,TUBE HEALTH CENTRE,,,,,,,
6342,SWZ,OGUN,OBAFEMI OWODE,AJEBO,AJEBO,AJEBO HEALTH POST,,,,,,,
6343,SWZ,OGUN,OBAFEMI OWODE,AJURA,AJURA,SIUN HEALTH CENTRE,,,,,,,
6344,SWZ,OGUN,OBAFEMI OWODE,ALAPAKO - ONI,ALAPAKO,ALAPAKO HEALTH CENTRE,,,,,,,
6345,SWZ,OGUN,OBAFEMI OWODE,EGBEDA,EGBEDA,ADEDERO HEALTH CENTRE,,,,,,,
6346,SWZ,OGUN,OBAFEMI OWODE,KAJOLA,KAJOLA,KAJOLA HEALTH CENTRE,,,,,,,
6347,SWZ,OGUN,OBAFEMI OWODE,MOKOLOKI,MOKOLOKI,MOKOLOKI HEALTH CLINIC,,,,,,,
6348,SWZ,OGUN,OBAFEMI OWODE,MOLOLO/ASIPA,MOLOKO ASIPA,OBASERIKI PHC,,,,,,,
6349,SWZ,OGUN,OBAFEMI OWODE,OBA,OBA,ADIGBE HEALTH CLINIC,,,,,,,
6350,SWZ,OGUN,OBAFEMI OWODE,OBAFEMI,OBAFEMI,OBAFEMI HEALTH CLINIC,,,,,,,
6351,SWZ,OGUN,OBAFEMI OWODE,OFADA,OFADA,OFADA HEALTH CLINIC,,,,,,,
6352,SWZ,OGUN,OBAFEMI OWODE,ONIDUNDU,ONIDUNDUN,ONIDUNDU HEALTH CLINIC,,,,,,,
6353,SWZ,OGUN,OBAFEMI OWODE,OWODE,OWODE,OWODE PHC,,,,,,,
6354,SWZ,OGUN,ODEDA,ALABATA,ALABATA,ALABATA HEALTH CLINIC,,,,,,,
6355,SWZ,OGUN,ODEDA,ALAGBAGBA,ALAGBAGBA HEALTH CENTER,ALAGBAGBA HEALTH CENTER,,,,,,,
6356,SWZ,OGUN,ODEDA,BALOGUN ITESI,ITESI,EMULU HEALTH CLINIC,,,,,,,
6357,SWZ,OGUN,ODEDA,ILUGUN,ORILE ILUGUN,ORILE ILUGUN HEALTH CENTRE,,,,,,,
6358,SWZ,OGUN,ODEDA,OBANTOKO,OBANTOKO,OBANTOKO HEALTH CENTRE,,,,,,,
6359,SWZ,OGUN,ODEDA,OBETE,OBETE,OBETE HEALTH CLINIC,,,,,,,
6360,SWZ,OGUN,ODEDA,ODEDA,ODEDA,ODEDA HEALTH CLINIC,,,,,,,
6361,SWZ,OGUN,ODEDA,OLODO,OLODO,OLODO HEALTH CLINIC,,,,,,,
6362,SWZ,OGUN,ODEDA,OPEJI,OPEJI,OPEJI HEALTH CLINIC,,,,,,,
6363,SWZ,OGUN,ODEDA,OSILE,OSIELE,OSIELE HEALTH CENTRE,,,,,,,
6364,SWZ,OGUN,ODOGBOLU,ALA/IGBILE,IGBILE ALA,ALA HEALTH CLINIC,,,,,,,
6365,SWZ,OGUN,ODOGBOLU,AYEPE,AIYEPE,AIYEPE HEALTH CENTRE,,,,,,,
6366,SWZ,OGUN,ODOGBOLU,IBEFUN,IBEFUN,IBEFUN HEALTH CENTRE,,,,,,,
6367,SWZ,OGUN,ODOGBOLU,IDOWA,IDOWA,IDOWA HEALTH CLINIC,,,,,,,
6368,SWZ,OGUN,ODOGBOLU,ILADO,ILADO,AKIO ILADO HEALTH CENTRE,,,,,,,
6369,SWZ,OGUN,ODOGBOLU,IMODI,IMODI,IMODI HEALTH CENTRE,,,,,,,
6370,SWZ,OGUN,ODOGBOLU,IMOSAN,IMOSAN,IMOSAN MODEL HEALTH CENTRE,,,,,,,
6371,SWZ,OGUN,ODOGBOLU,JOBORE/IBIDO/IKISE,IBIDO,IBIDO HEALTH CLINIC,,,,,,,
6372,SWZ,OGUN,ODOGBOLU,ODOGBOLU I,ODOGBOLU 1,COMMUNITY HEALTH CENTRE IKOSA,,,,,,,
6373,SWZ,OGUN,ODOGBOLU,ODOGBOLU II,ODOGBOLU 2,ODOGBOLU ULTRA MODERN PHC,,,,,,,
6374,SWZ,OGUN,ODOGBOLU,OGBO/MORAIKA/ITA- EPO I,OGBO,OGBO HEALTH CLINIC,,,,,,,
6375,SWZ,OGUN,ODOGBOLU,OGBO/MORAIKA/ITA- EPO I,MOBALUFON,MOBALUFON ULTRA MODERN PHC,,,,,,,
6376,SWZ,OGUN,ODOGBOLU,OKUN OWA,OKUN OWA,OKUN OWA HEALTH CENTRE,,,,,,,
6377,SWZ,OGUN,ODOGBOLU,OMU,OMU,OMU HEALTH POST,,,,,,,
6378,SWZ,OGUN,ODOGBOLU,OSOSA,OSOSA,OSOSA ULTRA MODERN HEALTH CENTR,,,,,,,
6379,SWZ,OGUN,OGUN WATERSIDE,ABIGI,ABIGI,ABIGI PRIMARY HEALTH CENTRE,,,,,,,
6380,SWZ,OGUN,OGUN WATERSIDE,AYEDE/LOMIRO,AYEDE,AYEDE HEALTH CENTRE,,,,,,,
6381,SWZ,OGUN,OGUN WATERSIDE,AYILA/ITEBU,AYILA,AYILA HEALTH CENTRE,,,,,,,
6382,SWZ,OGUN,OGUN WATERSIDE,EFIRE,EFIRE,EFIRE HEALTH CENTRE,,,,,,,
6383,SWZ,OGUN,OGUN WATERSIDE,IBI ADE,IBIADE,IBIADE HEALTH CENTRE,,,,,,,
6384,SWZ,OGUN,OGUN WATERSIDE,IWOPIN,IWOPIN I,IWOPIN COMMUNITY HEALTH CENTRE,,,,,,,
6385,SWZ,OGUN,OGUN WATERSIDE,LUKOGBE/ILUSIN,ILUSIN,ILUSIN HEALTH CLINIC,,,,,,,
6386,SWZ,OGUN,OGUN WATERSIDE,MAKUN/IBOKUN,MAKUN OMI,MAKUN HEALTH CENTRE,,,,,,,
6387,SWZ,OGUN,OGUN WATERSIDE,ODE - OMI,ODE OMI,ODE OMI HEALTH CENTRE,,,,,,,
6388,SWZ,OGUN,OGUN WATERSIDE,ONI,IWOPIN II,ONI HEALTHCENTRE,,,,,,,
6389,SWZ,OGUN,REMO NORTH,AKAKA,AKAKA,AKAKA PRIMARY HEALTH CENTRE,,,,,,,
6390,SWZ,OGUN,REMO NORTH,AYEGBAMI,ISARA 1,IDI ABA PRIMARY HEALTH CENTRE,,,,,,,
6391,SWZ,OGUN,REMO NORTH,IGAN AJINLA,ISARA 3,AFOTAMODI HEALTH CLINIC,,,,,,,
6392,SWZ,OGUN,REMO NORTH,ILARA,ILARA,ILARA PRIMARY HEALTH CENTRE,,,,,,,
6393,SWZ,OGUN,REMO NORTH,IPARA,IPARA,IPARA PRIMARY HEALTH CENTRE,,,,,,,
6394,SWZ,OGUN,REMO NORTH,MOBORODE/OKE OLA,ISARA 2,SAAPADE HEALTH CLINIC,,,,,,,
6395,SWZ,OGUN,REMO NORTH,ODE I,ODE 1,ODE PRIMARY HEALTH CENTRE,,,,,,,
6396,SWZ,OGUN,REMO NORTH,ODE II,ODE 2 AGBERO,AGBERO HEALTH CENTRE,,,,,,,
6397,SWZ,OGUN,REMO NORTH,ODOFIN/IMAGBON/PETEKU/DAWA,IYANKAN/ IMAGBON,IYANKAN PHC,,,,,,,
6398,SWZ,OGUN,REMO NORTH,ORILE - OKO,ORILE OKO,AJANA PRIMARY HEALTH CENTRE,,,,,,,
6399,SWZ,OGUN,SAGAMU,AGBOWA,AGBOWA,AGBOWA PHC,,,,,,,
6400,SWZ,OGUN,SAGAMU,AYEGBAMI/IJOKUN,AYEGBAMI IDADO,AYEGBAMI HEALTH CENTRE,,,,,,,
6401,SWZ,OGUN,SAGAMU,"IBIDO, ITUNLA/ALARA",AJAKA,AJAKA PRIMARY HEALTH CENTRE,,,,,,,
6402,SWZ,OGUN,SAGAMU,IJA - AGBA,IJAGBA,IJAGBA HEALTH POST,,,,,,,
6403,SWZ,OGUN,SAGAMU,ISOKUN/OYEBAJO,ITUNSOKUN,ITUNSOKUN HEALTH CENTRE,,,,,,,
6404,SWZ,OGUN,SAGAMU,ISOTE,ISOTE,ISOTE HEALTH CENTRE,,,,,,,
6405,SWZ,OGUN,SAGAMU,LATAWA,LATAWA,LATAWA HEALTH CENTRE,,,,,,,
6406,SWZ,OGUN,SAGAMU,ODE - LEMO,ODE LEMO,EMUREN HEALTH CENTRE,,,,,,,
6407,SWZ,OGUN,SAGAMU,OGIJO/LIKOSI,OGIJO,OGIJO PRIMARY HEALTH CENTRE,,,,,,,
6408,SWZ,OGUN,SAGAMU,OKO/EPE/ITUNLA I,SOYINDO,LEGACY HEALTH CLINIC,,,,,,,
6409,SWZ,OGUN,SAGAMU,OKO/EPE/ITUNLA II,IPOJI BATORO,IPOJI HEALTH CENTRE,,,,,,,
6410,SWZ,OGUN,SAGAMU,SABO I,SABO GRA,SABO GRA HEALTH CLINIC,,,,,,,
6411,SWZ,OGUN,SAGAMU,SABO II,SABO AGURA,SABO AGURA PHC,,,,,,,
6412,SWZ,OGUN,SAGAMU,SIMAWA/IWELEPE,SIMAWA,SIMAWA PRIMARY HEALTH CENTRE,,,,,,,
6413,SWZ,OGUN,SAGAMU,SURULERE,MAKUN OJUMELE,MAKUN OJUMELE HEALTH CENTRE,,,,,,,
6414,SWZ,OGUN,YEWA NORTH,AYETORO I,AYETORO 2,ISA OPE HEALTH CENTRE,,,,,,,
6415,SWZ,OGUN,YEWA NORTH,AYETORO II,AYETORO 3,FAMILY HEALTH CENTRE IBILE,,,,,,,
6416,SWZ,OGUN,YEWA NORTH,EBUTE/IGBOORO,EBUTE,OJA ODAN RURAL HEALTH CENTRE,,,,,,,
6417,SWZ,OGUN,YEWA NORTH,IBESE,IGBOGILA IBESE,IGBOGILA PRIMARY HEALTH CENTRE,,,,,,,
6418,SWZ,OGUN,YEWA NORTH,IDOFI,AYETORO I,IDOFOI HEALTH CENTRE,,,,,,,
6419,SWZ,OGUN,YEWA NORTH,IGUA,EGGUA,EGGUA HEALTH CENTRE,,,,,,,
6420,SWZ,OGUN,YEWA NORTH,IJOUN,IJOUN,IJOUN PRIMARY HEALTH CENTRE,,,,,,,
6421,SWZ,OGUN,YEWA NORTH,IMASAI,IMASAYI,IMASAYI PRIMARY HEALTH CENTRE,,,,,,,
6422,SWZ,OGUN,YEWA NORTH,JOGA/IBORO,JOGA IBORO,JOGA ORILE HEALTH CENTRE,,,,,,,
6423,SWZ,OGUN,YEWA NORTH,OHUNBE,OHUNBE,OHUNBE HEALTH CENTRE,,,,,,,
6424,SWZ,OGUN,YEWA NORTH,SUNWA,SUNWA,IGAN OKOTO HEALTH CENTRE,,,,,,,
6425,SWZ,OGUN,YEWA SOUTH,AJILETE,AJILETE WARD,AJILETE HEALTH CENTER,,,,,,,
6426,SWZ,OGUN,YEWA SOUTH,ILARO I,ILARO I,LESLIE PRIMARY HEALTH CENTRE,,,,,,,
6427,SWZ,OGUN,YEWA SOUTH,ILARO II,OKEELA PHC ILARO 2,OKEELA PHC,,,,,,,
6428,SWZ,OGUN,YEWA SOUTH,ILARO III,ILARO III,GBOGIDI HEALTH CLINIC,,,,,,,
6429,SWZ,OGUN,YEWA SOUTH,ILOBI/ERINJA,IDOGO,IDOGO HEALTH CENTRE,,,,,,,
6430,SWZ,OGUN,YEWA SOUTH,ILOBI/ERINJA,ILOBI ERINJA,ALAGBON HEALTH CENTRE,,,,,,,
6431,SWZ,OGUN,YEWA SOUTH,IWOYE,IWOYE HEALTH CENTRE,IWOYE HEALTH CENTRE,,,,,,,
6432,SWZ,OGUN,YEWA SOUTH,OKE - ODAN,OKE ODAN WARD,OKE ODAN HEALTH CENTRE,,,,,,,
6433,SWZ,OGUN,YEWA SOUTH,OWODE I,OWODE I,OJU ELEGBA HEALTH CLINIC,,,,,,,
6434,SWZ,OGUN,YEWA SOUTH,OWODE II,OWODE II,OWODE HEALTH CLINIC,,,,,,,
6435,SWZ,OGUN ,IJEBU EAST,IMOBI II,IMOBI 2,TONIGBO HEALTH CENTRE,,,,,,,
6436,SWZ,ONDO,AKOKO NORTH EAST,EDO 1,EDO,COMPREHENSIVE HEALTH CENTRE ISHAKUMI,,,,,,,
6437,SWZ,ONDO,AKOKO NORTH EAST,EKAN 11,EKAN,PRIMARY HEALTH CENTRE EKAN,,,,,,,
6438,SWZ,ONDO,AKOKO NORTH EAST,IKANDO 1,IKADO 1,BASIC HEALTH CENTRE OKELA,,,,,,,
6439,SWZ,ONDO,AKOKO NORTH EAST,IKANDO 11,IKADO 2,BASIC HEALTH CENTRE JUBILEE,,,,,,,
6440,SWZ,ONDO,AKOKO NORTH EAST,ISOWOPO 1,ISOWOPO1,BASIC HEALTH CENTRE IBOROPA,,,,,,,
6441,SWZ,ONDO,AKOKO NORTH EAST,ISOWOPO 11,ISOWOPO 2,COMPREHENSIVE HEALTH CENTRE AKUNNU,,,,,,,
6442,SWZ,ONDO,AKOKO NORTH EAST,IYOMEFA 1,IYOMETA 1,BASIC HEALTH CENTRE IKU,,,,,,,
6443,SWZ,ONDO,AKOKO NORTH EAST,IYOMEFA 11,IYOMETA 2,BASIC HEALTH CENTRE OKEGBE,,,,,,,
6444,SWZ,ONDO,AKOKO NORTH EAST,OORUN 1,ORUN 1,BASIC HEALTH CENTRE OKOJA,,,,,,,
6445,SWZ,ONDO,AKOKO NORTH EAST,OORUN 11,OORUN 2,BASIC HEALTH CENTRE OKERUWA,,,,,,,
6446,SWZ,ONDO,AKOKO NORTH EAST,OYINMO,OYINMO WARD,BASIC HEALTH CENTRE OYINMO,,,,,,,
6447,SWZ,ONDO,AKOKO NORTH WEST,AJOWA/ILASI/ERITI/GEDE,AJOWA/IGASI/ERITI/GEDEGEDE,GEDEGEDE_BHC AJOWA,,,,,,,
6448,SWZ,ONDO,AKOKO NORTH WEST,ARIGIDI 11,ARIGIDI 2,BHC AGBALUKU,,,,,,,
6449,SWZ,ONDO,AKOKO NORTH WEST,ARIGIDI IYE 1,ARIGIDI 1,BHC ARIGIDI,,,,,,,
6450,SWZ,ONDO,AKOKO NORTH WEST,EBUSU/IKARAM/IBARAM,IKARAM/ERUSU,IKARAM PHC,,,,,,,
6451,SWZ,ONDO,AKOKO NORTH WEST,ESE/AFIN,ESE / AFIN,ESE BHC,,,,,,,
6452,SWZ,ONDO,AKOKO NORTH WEST,ODOIRUN/OYINMO,IRUN/ ODO IRUN,PHC ODO IRUN,,,,,,,
6453,SWZ,ONDO,AKOKO NORTH WEST,OGBAGI,OGBAGI,COMPREHENSIVE HEALTH CENTER OGBAGI,,,,,,,
6454,SWZ,ONDO,AKOKO NORTH WEST,OKE AGBE,AFA / AJE / IDO,BHC OKEAGBE,,,,,,,
6455,SWZ,ONDO,AKOKO NORTH WEST,OKEIRUN/SURULERE,OKE IRUN / SURULERE,BHC OKE ORO,,,,,,,
6456,SWZ,ONDO,AKOKO NORTH WEST,OYIN/OGE,OYIN OGE,OYIN BHC,,,,,,,
6457,SWZ,ONDO,AKOKO SOUTH EAST,EPINMI 1,EPINMI 1,BHC ISALU 2,,,,,,,
6458,SWZ,ONDO,AKOKO SOUTH EAST,EPINMI 11,EPINMI 2,BHC EMURIN,,,,,,,
6459,SWZ,ONDO,AKOKO SOUTH EAST,IFIRA,IFIRA,BHC IPINRAN,,,,,,,
6460,SWZ,ONDO,AKOKO SOUTH EAST,IPE 1,ISINODO IPE 1,BHC ISINODO,,,,,,,
6461,SWZ,ONDO,AKOKO SOUTH EAST,IPE 11,IPE 2,BHC ITOTO,,,,,,,
6462,SWZ,ONDO,AKOKO SOUTH EAST,IPESI,IPESI,BHC IPESI,,,,,,,
6463,SWZ,ONDO,AKOKO SOUTH EAST,ISUA 11,ISUA 2,BHC ESE-ISUA,,,,,,,
6464,SWZ,ONDO,AKOKOK SOUTH EAST,ISUA 1,Isua 1,Okua PHC,,,,,,,
6465,SWZ,ONDO,AKOKO SOUTH EAST,ISUA 111,ISUA 3,COMPREHENSIVE HEALTH CENTRE IROBO ISUA,,,,,,,
6466,SWZ,ONDO,AKOKO SOUTH EAST,ISUA IV,ISUA OKE,PHC ISUA OKE,,,,,,,
6467,SWZ,ONDO,AKOKO SOUTH EAST,SOSAN,SOSAN,BHC SOSAN ISALE,,,,,,,
6468,SWZ,ONDO,AKOKO SOUTH WEST,AKUNGBA 1,AKUNGBA 1,PRIMARY HEALTH CENTRE AKUGBA 1,,,,,,,
6469,SWZ,ONDO,AKOKO SOUTH WEST,AKUNGBA 11,AKUNGBA 2,PHCC AKUGBA 2,,,,,,,
6470,SWZ,ONDO,AKOKO SOUTH WEST,IKUN,IKUN,IKUN AKOKO PHC,,,,,,,
6471,SWZ,ONDO,AKOKO SOUTH WEST,OBA 1,OBA I,PRIMARY HEALTH CARE CENTRE OBA,,,,,,,
6472,SWZ,ONDO,AKOKO SOUTH WEST,OBA 11,OBA 2,PRIMARY HEALTH CENTRE OBA 2,,,,,,,
6473,SWZ,ONDO,AKOKO SOUTH WEST,OKA 1,IBAKA,SABO OKA PHC,,,,,,,
6474,SWZ,ONDO,AKOKO SOUTH WEST,OKA 111A,AGBA,AGBA OKA PHC,,,,,,,
6475,SWZ,ONDO,AKOKO SOUTH WEST,OKA 111B,IKESE,COMPREHENSIVE HEALTH CENTRE,,,,,,,
6476,SWZ,ONDO,AKOKO SOUTH WEST,OKA 11A,IKANMU,PRIMARY HEALTH CARE CENTRE IKANMU,,,,,,,
6477,SWZ,ONDO,AKOKO SOUTH WEST,OKA 11B,OKIA WARD,PRIMARY HEALTH CENTRE,,,,,,,
6478,SWZ,ONDO,AKOKO SOUTH WEST,OKA IV1,AYEGUNLE,PRIMARY HEALTH CARE CLINIC OKIA AYEGUNLE,,,,,,,
6479,SWZ,ONDO,AKOKO SOUTH WEST,OKA VA,OWALUSI,OWALUSI HEALTH CENTER,,,,,,,
6480,SWZ,ONDO,AKOKO SOUTH WEST,OKA VB,OKA - ODO,PHC CLINIC OKA ODO,,,,,,,
6481,SWZ,ONDO,AKOKO SOUTH WEST,SUPARE 1,SUPARE 1,"PRIMARY HEALTH CARE CENTRE OKE LISA SUP
ARE MODEL",,,,,,,
6482,SWZ,ONDO,AKOKO SOUTH WEST,SUPARE 11,SUPARE II,PRIMARY HEALTH CARE CLINIC AKOWONJO,,,,,,,
6483,SWZ,ONDO,AKURE NORTH,AGAMO /OKOEORE,OKE-ORE WARD,BASIC HEALTH CENTRE AGAMO,,,,,,,
6484,SWZ,ONDO,AKURE NORTH,AYEDE/OGBESE,OGBESE WARD 2,OGBESE PHC,,,,,,,
6485,SWZ,ONDO,AKURE NORTH,AYETORO,AYETORO,PHC AYETORO,,,,,,,
6486,SWZ,ONDO,AKURE NORTH,IGBATORO,IGBATORO WARD,ALA-AJAGBUSI PHC,,,,,,,
6487,SWZ,ONDO,AKURE NORTH,IGOBA/ISINIGBO,OSI/IGOBA,BASIC HEALTH CENTRE IGOBA,,,,,,,
6488,SWZ,ONDO,AKURE NORTH,ILUABO/ELEYOWO,ILU-ABO WARD,BASIC HEALTH CENTER ILU ABO,,,,,,,
6489,SWZ,ONDO,AKURE NORTH,ISIMI/IRADO,ISIMIJA WARD,BASIC HEALTH CENTRE ISIMIJA,,,,,,,
6490,SWZ,ONDO,AKURE NORTH,MOFERERE,MOFERERE,BHC MOFERERE,,,,,,,
6491,SWZ,ONDO,AKURE NORTH,OBA ILE,OBA-ILE WARD 9,OBA- ILE PRIMARY HEALTH CARE CENTERS,,,,,,,
6492,SWZ,ONDO,AKURE NORTH,ODO-ARA /OWODE,OKE-AFA,BASIC HEALTH CENTER OKE-AFA,,,,,,,
6493,SWZ,ONDO,AKURE NORTH,ODO-OJO/IJIGBO,ODO OJA,BHC OBA'S PALACE,,,,,,,
6494,SWZ,ONDO,AKURE NORTH,OKE IJU,OKE IJU,BASIC HEALTH CENTRE OKE IJU,,,,,,,
6495,SWZ,ONDO,AKURE SOUTH,APONMU,APONNMU WARD 1,BASIC HEALTH CENTRE APONMU,,,,,,,
6496,SWZ,ONDO,AKURE SOUTH,GBOGI/ISIKAN 1,GBOGI/ISIMKAN 1,BASIC HEALTH CENTRE DANJUMA,,,,,,,
6497,SWZ,ONDO,AKURE SOUTH,GBOGI/ISIKAN 11,GBOGI/ISIMKAN 2,BASIC HEALTH CENTRE AWULE,,,,,,,
6498,SWZ,ONDO,AKURE SOUTH,IJOMU/OBANLA,IJOMU/OBANLA 4,COMPREHENSIVE HEALTH CENTRE OKE IJEBU,,,,,,,
6499,SWZ,ONDO,AKURE SOUTH,LISA,ILISA (WARD 5),BASIC HEALTH CENTRE ESURE,,,,,,,
6500,SWZ,ONDO,AKURE SOUTH,ODA,ODA,BASIC HEALTH CENTRE ODA,,,,,,,
6501,SWZ,ONDO,AKURE SOUTH,ODOPETU,PHC ODOPETU,PHC ODOPETU,,,,,,,
6502,SWZ,ONDO,AKURE SOUTH,OKE -ARO/URO 11,IROWO WARD,BASIC HEALTH CENTRE IGISOGBA,,,,,,,
6503,SWZ,ONDO,AKURE SOUTH,OKE-ARO/URO 1,OKE-ARO (WARD 8),BASIC HEALTH CENTRE OKE ARO,,,,,,,
6504,SWZ,ONDO,AKURE SOUTH,OSHODI /ISOLO,OSHODI ISOLO,COMPREHENSIVE HEALTH CENTRE ISOLO,,,,,,,
6505,SWZ,ONDO,AKURE SOUTH,OWODE/IMUAGUN,OWODE/IMUAGUN,BASIC HEALTH CENTRE ADEGBOLA,,,,,,,
6506,SWZ,ONDO,ESE ODO,APO 1,APOI 1,BASIC HEALTH CENTRE IGBEKEBO,,,,,,,
6507,SWZ,ONDO,ESE ODO,APO 2,APOI 2,PHC Kiribo,,,,,,,
6508,SWZ,ONDO,ESE ODO,APO 111,APOI 3,BASIC HEALTH CENTRE IGBOTU,,,,,,,
6509,SWZ,ONDO,ESE ODO,APO IV,APOI 4,PHC CENTRE IGBOBINI,,,,,,,
6510,SWZ,ONDO,ESE ODO,APO V,APOI 5,BASIC HEALTH CENTRE IGBOBINI,,,,,,,
6511,SWZ,ONDO,ESE ODO,AROGBO 1,AROGBO 1,COMPREHENSIVE HEALTH CENTRE AROGBO,,,,,,,
6512,SWZ,ONDO,ESE ODO,AROGBO 11,AROGBO II,PHC EBIAYE,,,,,,,
6513,SWZ,ONDO,ESE ODO,AROGBO 111,AROGBO III,PHC BIAGBINI,,,,,,,
6514,SWZ,ONDO,ESE ODO,UKPARAMA 1,UKPARAMA I,PHC BOLOWO,,,,,,,
6515,SWZ,ONDO,ESE ODO,UKPARAMA 11,UKPARAMA II,PHC CLINIC AJAPA,,,,,,,
6516,SWZ,ONDO,IDANRE,ALADE-ATOSIN,ALADE ATOSIN,BASIC HEALTH CENTRE ALADE ATOSIN,,,,,,,
6517,SWZ,ONDO,IDANRE,BOKIN,ALA - ELEFOSAN,P.H.CLINIC,,,,,,,
6518,SWZ,ONDO,IDANRE,IDALE LEMIKAN,IDALE LEMIKAN,PRIMARY HEALTH CLINIC BAJARE,,,,,,,
6519,SWZ,ONDO,IDANRE,IDALE LOGBOSERE,IDANRE LOGBOSERE,BHC ODODE,,,,,,,
6520,SWZ,ONDO,IDANRE,IJOMU ITSURIN,IJOMU ISURIN,BHC EGBEDA,,,,,,,
6521,SWZ,ONDO,IDANRE,IROWO,IROWO,PRIMARY HEALTH CLINIC,,,,,,,
6522,SWZ,ONDO,IDANRE,ISALU EHINPETI,ISALU-EYINPETI,BASIC HEALTH CENTRE OMIFUNFUN,,,,,,,
6523,SWZ,ONDO,IDANRE,ISALU JIGBOKIN,ISALU-JIGBOKIN,PRIMARY HEALTH CLINIC OWOMOFEWA,,,,,,,
6524,SWZ,ONDO,IDANRE,OFOSU/ONISERE,OFOSU ONISERE,NPHC OFOSU,,,,,,,
6525,SWZ,ONDO,IDANRE,OWENA/APONMULONA,OWENA APONMULONA,COMPREHENSIVE HEALTH CENTRE OWENA,,,,,,,
6526,SWZ,ONDO,IFEDORE,ERO/IBUJI/MARIWO,ERO/IBUJI,BHC ERO,,,,,,,
6527,SWZ,ONDO,IFEDORE,IGBARA-OKE  1,IGBARA-OKE 1,BHC MOLETE,,,,,,,
6528,SWZ,ONDO,IFEDORE,IGBARA-OKE 11,IGBARAOKE 2,BASIC HEALTH CENTRE ILORO,,,,,,,
6529,SWZ,ONDO,IFEDORE,IJARE 1,IJARE WARD 1,BHC AYETORO,,,,,,,
6530,SWZ,ONDO,IFEDORE,IJARE 11,IJARE WARD 2,CHC IJARE,,,,,,,
6531,SWZ,ONDO,IFEDORE,ILARE 1,ILARA 1,"PHC,OKEODE",,,,,,,
6532,SWZ,ONDO,IFEDORE,ILARE 11,ILARA2,COMPREHENSIVE HEALTH CENTER ILARA,,,,,,,
6533,SWZ,ONDO,IFEDORE,IPOGUN/IBULE,IPOGUN/IBULE,BHC IBULE,,,,,,,
6534,SWZ,ONDO,IFEDORE,ISHARUN/EGIRI,ISARUN/OWENA,OWENA COMPREHENSIVE HEALTH CENTER,,,,,,,
6535,SWZ,ONDO,IFEDORE,OBO/IKOTA/OLOGBOSORE,IKOTA/IRESE,BHC IRESE,,,,,,,
6536,SWZ,ONDO,ILAJE,ALHERI,AHERI,BASIC HEALTH CENTRE ZION PEPE,,,,,,,
6537,SWZ,ONDO,ILAJE,ETIKAN,ETIKAN,PHC ODE ETIKAN,,,,,,,
6538,SWZ,ONDO,ILAJE,MAHIN 1,MAHIN WARD 1,PHC ODE MAHIN,,,,,,,
6539,SWZ,ONDO,ILAJE,MAHIN 11,MAHIN 2,PHC EBUTE IPARE,,,,,,,
6540,SWZ,ONDO,ILAJE,MAHIN 111,MAHIN 3,IGBOKODA PRIMARY HEALTH CARE,,,,,,,
6541,SWZ,ONDO,ILAJE,MAHIN IV,MAHIN 4,PHC IGBO EGURIN,,,,,,,
6542,SWZ,ONDO,ILAJE,UGBO 1,UGBO 1,BASIC HEALTH CENTRE LEPE,,,,,,,
6543,SWZ,ONDO,ILAJE,UGBO 11,UGBO II,BHC AYETORO,,,,,,,
6544,SWZ,ONDO,ILAJE,UGBO 111,UGBO WARD 3,ILEPETE PHC,,,,,,,
6545,SWZ,ONDO,ILAJE,UGBO IV,UGBO IV,PHC OBENLA,,,,,,,
6546,SWZ,ONDO,ILAJE,UGBO V,UGBO WARD 5,BASIC HEALTH CENTRE ODONLA,,,,,,,
6547,SWZ,ONDO,ILAJE,UGBO V1,UGBO VI,BASIC HEALTH CENTRE MOLUTEHIN,,,,,,,
6548,SWZ,ONDO,ILE OLUJI OKEIGBO,ILE-OLUJI 1,ILEOLUJI 1,COMPREHENSIVE HEALTH CENTRE ILE OLUJI,,,,,,,
6549,SWZ,ONDO,ILE OLUJI OKEIGBO,ILE-OLUJI 11,ILEOLUJI 2,BASIC HEALTH CENTRE FARM SETTLEMENT,,,,,,,
6550,SWZ,ONDO,ILE OLUJI OKEIGBO,ILE-OLUJI 111,ILEOLUJI 3,OJA IDIOMO PHC,,,,,,,
6551,SWZ,ONDO,ILE OLUJI OKEIGBO,ILE-OLUJI IV,ILEOLUJI 4,TEMIDIRE PHC,,,,,,,
6552,SWZ,ONDO,ILE OLUJI OKEIGBO,ILE-OLUJI V,ILEOLUJI 5/WARD 5,BASIC HEALTH CENTRE AWAYE,,,,,,,
6553,SWZ,ONDO,ILE OLUJI OKEIGBO,ILE-OLUJI VI,ILEOLUJI 5/6,BASIC HEALTH CENTRE BAMIKEMO OJA,,,,,,,
6554,SWZ,ONDO,ILE OLUJI OKEIGBO,OKE-IGBO 1,OKEIGBO 1,COMPREHENSIVE HEALTH CENTRE OKE IGBO,,,,,,,
6555,SWZ,ONDO,ILE OLUJI OKEIGBO,OKE-IGBO 11,OKEIGBO 2,BASIC HEALTH CENTRE OLORUNTELE,,,,,,,
6556,SWZ,ONDO,ILE OLUJI OKEIGBO,OKE-IGBO 111,OKEIGBO 3,BASIC HEALTH CENTRE IDIROKO,,,,,,,
6557,SWZ,ONDO,ILE OLUJI OKEIGBO,OKE-IGBO IV,OKEIGBO 4,"RAMONU BASIC HEALTH CENTRE, OKEIGBO",,,,,,,
6558,SWZ,ONDO,IRELE,AJAGBA 1,AJAGBA 1,COMPREHENSIVE HEALTH CENTRE AJAGBA,,,,,,,
6559,SWZ,ONDO,IRELE,AJAGBA 11,AJAGBA 2,MODEL AJAGBA,,,,,,,
6560,SWZ,ONDO,IRELE,AKOTOGBO 1,AKOTOGBO 1,BHC AKOTOGBO,,,,,,,
6561,SWZ,ONDO,IRELE,AKOTOGBO 11,AKOTOGBO 2,IJUOSUN BHC,,,,,,,
6562,SWZ,ONDO,IRELE,IRELI 1,IRELE 1,BASIC HEALTH CLINIC LAMUDIFA,,,,,,,
6563,SWZ,ONDO,IRELE,IRELI 111,IRELE 3,AYADI COMPREHENSIVE HEALTH CENTER,,,,,,,
6564,SWZ,ONDO,IRELE,IRELI II,IRELE 2,COMPREHENSIVE HEALTH CENTRE IRELE,,,,,,,
6565,SWZ,ONDO,IRELE,IRELI IV,IRENE 4,BHC ATORANSE,,,,,,,
6566,SWZ,ONDO,IRELE,IRELI V,IRELE 5,BASIC HEALTH CLINIC IDOGUN,,,,,,,
6567,SWZ,ONDO,IRELE,IYAMASAN/OMI,OMI /IYANSAN WARD,BHC IYANSAN,,,,,,,
6568,SWZ,ONDO,ODIGBO,AGBABU,AGBABU,ARAROMI OLADAPO BASIC HEALTH CENTRE,,,,,,,
6569,SWZ,ONDO,ODIGBO,AGO-ALAYE,AGO-ALAYE,OLOKUTA BASIC HEALTH CENTRE,,,,,,,
6570,SWZ,ONDO,ODIGBO,AJUE,AJUE,BHC AJUE,,,,,,,
6571,SWZ,ONDO,ODIGBO,ARAROMI OBU,ARAROMI OBU,ARAROMI OBU COMPREHENSIVE HEALTH CENTRE,,,,,,,
6572,SWZ,ONDO,ODIGBO,AYESAN,AYESAN,BHC AYESAN,,,,,,,
6573,SWZ,ONDO,ODIGBO,EBIJAN,EBIJAW,OBAJARE BASIC HEALTH CENTRE,,,,,,,
6574,SWZ,ONDO,ODIGBO,KOSERU,KOSERU,KOSERU BASIC HEALTH CENTRE,,,,,,,
6575,SWZ,ONDO,ODIGBO,ODIGBO,ODIGBO,PHC ODIGBO,,,,,,,
6576,SWZ,ONDO,ODIGBO,ONIPARAGU,ONIPARAGA,"PRIMARY HEALTH CARE, ONIPARAGA",,,,,,,
6577,SWZ,ONDO,ODIGBO,ORE 1,1 ORE 1,"PHC ORE, PANAPANA",,,,,,,
6578,SWZ,ONDO,ODIGBO,ORE 11,ORE 2,MILE 13 BASIC HEALTH CENTRE,,,,,,,
6579,SWZ,ONDO,OKITIPUPA,AYEKA/IGBODIGO,AYEKA,BASIC HEALTH CENTRE IGODAN,,,,,,,
6580,SWZ,ONDO,OKITIPUPA,ERINJE,ERINJE,BASIC HEALTH CENTRE ERINJE,,,,,,,
6581,SWZ,ONDO,OKITIPUPA,IGBOTAKO 1,IGBOTAKO1,"BASIC HEALTH CENTRE, WAKAJAYE",,,,,,,
6582,SWZ,ONDO,OKITIPUPA,IGBOTAKO 11,IGBOTAKO 2,BASIC HEALTH CENTRE IGBOTAKO,,,,,,,
6583,SWZ,ONDO,OKITIPUPA,IKOYA/OLOTO,IKOYA/OLOTO,IKOYA PRIMARY HEALTH CENTRE,,,,,,,
6584,SWZ,ONDO,OKITIPUPA,ILUNLA/BADBGE/ODOWO 2,"ILUTITUN 2
EREKITI/IJU ODO/ IJU",CHC IJU ODO,,,,,,,
6585,SWZ,ONDO,OKITIPUPA,ILUTITUN 1,ILUTITUN 1,CHC ILUTITUN,,,,,,,
6586,SWZ,ONDO,OKITIPUPA,ILUTITUN 11,ILUTITUN 2,"BASIC HEALTH CENTRE, ILUTITUN2",,,,,,,
6587,SWZ,ONDO,OKITIPUPA,ILUTITUN 111,ILUTITUN3,BASIC HEALTH CENTRE OMOTOSO,,,,,,,
6588,SWZ,ONDO,OKITIPUPA,ODE-AYE 1,ODE AYE 1,"COMPREHENSIVE HEALTH CENTRE, ODE AYE",,,,,,,
6589,SWZ,ONDO,OKITIPUPA,ODE-AYE 11,ODE AYE 1/2,"BASIC HEALTH CENTRE, ODE AYE",,,,,,,
6590,SWZ,ONDO,OKITIPUPA,OKITUPUPA 1,OKITIPUPA 1,CHC EBUTE,,,,,,,
6591,SWZ,ONDO,OKITIPUPA,OKITUPUPA 11,OKITIPUPA LL,"PRIMARY HEALTH CENTRE, IDEPE",,,,,,,
6592,SWZ,ONDO,ONDO EAST,ATERU/OTASAN/IGBA,IGBA,BHC IGBA,,,,,,,
6593,SWZ,ONDO,ONDO EAST,EPE,EPE,PHC AWO,,,,,,,
6594,SWZ,ONDO,ONDO EAST,FAGBO,FAGBO,PRIMARY HEALTH CENTER FAGBO,,,,,,,
6595,SWZ,ONDO,ONDO EAST,OBADA,KOLAWOLE,CHC KOLAWOLE,,,,,,,
6596,SWZ,ONDO,ONDO EAST,ORISUNMIBARE,OLORUNSOGO,BHC OLORUNSOGO,,,,,,,
6597,SWZ,ONDO,ONDO EAST,OWENA BRIDGE,OWENA,BHC OWENA,,,,,,,
6598,SWZ,ONDO,ONDO EAST,ASANTAN OJA,ASANTAN,PHC ASANTAN,,,,,,,
6599,SWZ,ONDO,ONDO EAST,TEPO,TEKUILE,CHC TEKUILE,,,,,,,
6600,SWZ,ONDO,ONDO WEST,ENUOWA/OBALU,JILALU,BHC JILALU,,,,,,,
6601,SWZ,ONDO,ONDO WEST,GBAGHENGHA/GBONGBO,LAJE,LAJE COMPREHENSIVE HEALTH CENTRE,,,,,,,
6602,SWZ,ONDO,ONDO WEST,IFORE/ODOSIDA/LORO,MAROKO,MPHC MAROKO,,,,,,,
6603,SWZ,ONDO,ONDO WEST,ILUNLA/BADBGE/ODOWO 1,IGUNSHIN,IGUNSHIN PRIMARY HEALTH CARE CENTRE,,,,,,,
6604,SWZ,ONDO,ONDO WEST,ILUNLA/BADBGE/ODOWO 2,ILUNLA WARD,BHC ILUNLA,,,,,,,
6605,SWZ,ONDO,ONDO WEST,LITAYE/OBUNKEKORE,IGBINDO,LAOSO PRIMARY HEALTH CARE CENTER,,,,,,,
6606,SWZ,ONDO,ONDO WEST,LODOSA/IPRUKU/LINJOKA,YABA,AKINJAGULA PRIMARY HEALTH CENTRE,,,,,,,
6607,SWZ,ONDO,ONDO WEST,ODOJOMU/ERINKITA/LEGERI,OKA,BHC AYEYEMI,,,,,,,
6608,SWZ,ONDO,ONDO WEST,OKEAGUNLA/OKEROWO/OKEAGA,MOFERERE,PRIMARY HEALTH CARE CENTER MOFERERE.,,,,,,,
6609,SWZ,ONDO,ONDO WEST,OKELISA/OKEDOKO/OGBODU,OKELISA OKEDOKO,BHC BETTER LIFE,,,,,,,
6610,SWZ,ONDO,ONDO WEST,OKETUNBA/OKEDIBO/SOKOTI,SURULERE,BHC SURULERE,,,,,,,
6611,SWZ,ONDO,ONDO WEST,ORISUMBARE/ARAROMI,LEKERE,BHC ABUSORO,,,,,,,
6612,SWZ,ONDO,OSE,AFO,AFO,BASIC HEALTH CENTRE OWALAFO,,,,,,,
6613,SWZ,ONDO,OSE,IDOANI 1,IDOANI1,COMPREHENSIVE HEALTH CENTRE IDOANI,,,,,,,
6614,SWZ,ONDO,OSE,IDOANI 11,IDOANI2,BASIC HEALTH CENTRE OKELUJU,,,,,,,
6615,SWZ,ONDO,OSE,IDOGUN,IDOGUN,BASIC HEALTH CENTRE IDOGUN,,,,,,,
6616,SWZ,ONDO,OSE,IFON 1,IFON 1,IFON PRIMARY HEALTH CLINIC,,,,,,,
6617,SWZ,ONDO,OSE,IFON 11,"IFON 2
IFON",MODEL COMPREHENSIVE HEALTH CENTER IFON,,,,,,,
6618,SWZ,ONDO,OSE,IKARO/ELEGBEKA,IKARO ELEGBEKA,BASIC HEALTH CENTRE ELEGBEKA,,,,,,,
6619,SWZ,ONDO,OSE,IMERI,IMERI,BASIC HEALTH CENTRE IMERI,,,,,,,
6620,SWZ,ONDO,OSE,IMORU/ARIMOGIJA,1/IMORU/ARIMOGIJA,BASIC_HEALTH_CENTRE_IKARO/PHC_IMORU,,,,,,,
6621,SWZ,ONDO,OSE,IYAGBA,IJAGBA,PHC IJAGBA,,,,,,,
6622,SWZ,ONDO,OSE,OKELUSE,OKELUSE,COTTAGE HOSPITAL OKELUSE,,,,,,,
6623,SWZ,ONDO,OSE,UTE,UTE,PRIMARY HEALTH CENTER UTE,,,,,,,
6624,SWZ,ONDO,OWO,EHINOGBE,EHINOGBE,BHC EHINOGBE,,,,,,,
6625,SWZ,ONDO,OWO,IDASEN/OBASOOTO,IDASEN,IDASEN PHC,,,,,,,
6626,SWZ,ONDO,OWO,IGBOROKO 1,IGBOROKO 1,BHC OKE MAPO,,,,,,,
6627,SWZ,ONDO,OWO,IGBOROKO 11,IGBOROKO 2,BHC OKEDOGBON,,,,,,,
6628,SWZ,ONDO,OWO,IJEBU 1,IJEBU 1,IJEBU 1 PHC,,,,,,,
6629,SWZ,ONDO,OWO,IJEBU 11,IJEBU 2,BHC IJEBU II,,,,,,,
6630,SWZ,ONDO,OWO,ILORO,ILORO,BHC ILORO,,,,,,,
6631,SWZ,ONDO,OWO,IPELE,IPELE,IPELE PHC,,,,,,,
6632,SWZ,ONDO,OWO,ISAIPEN,ISAIPEN,BHC ISAIPEN,,,,,,,
6633,SWZ,ONDO,OWO,IYERE,IYERE,BHC ALAGUNTAN,,,,,,,
6634,SWZ,ONDO,OWO,USO/EMURE ILE,USO/EMURE-ILE,BHC (MAT) USO,,,,,,,
6635,SWZ,ONDO,AKOKO NORTH EAST,ILEPA 1,ILEPA 1,BASIC HEALTH CENTRE ILEPA,,,,,,,
6636,SWZ,ONDO,AKOKO NORTH EAST,ILEPA 2,ILEPA 4,BASIC HEALTH CENTRE ALAPATA__ILEPA,,,,,,,
6637,SWZ,ONDO,ONDO EAST,BOLORUNDURO,BOLORUNDURO,PRIMARY HEALTH CENTER OBUN ONDO,,,,,,,
6638,SWZ,ONDO,ONDO EAST,OBOTO,OBOTO,BHC OBOTO,,,,,,,
6639,SWZ,OSUN,AIYEDAADE,ANLUGBUA,ANLUGBUA,AGO OWU MODEL PHC,,,,,,,
6640,SWZ,OSUN,AIYEDAADE,ARAROMI OWU,ARAROMI OWU,ARAROMI PHC,,,,,,,
6641,SWZ,OSUN,AIYEDAADE,BALOGUN,BALOGUN,WAKAJAIYE JUNCTION PHC,,,,,,,
6642,SWZ,OSUN,AIYEDAADE,GBONGAN RURAL,GBONGAN RURAL,WAKAJAIYE TOWN PHC,,,,,,,
6643,SWZ,OSUN,AIYEDAADE,IJUGBE/OKE ESO/OKE OWU,IJUGBE,IJUGBE PHC,,,,,,,
6644,SWZ,OSUN,AIYEDAADE,LAGERE AMOLA,LAGERE,ILE IDI ASA PHC,,,,,,,
6645,SWZ,OSUN,AIYEDAADE,OBALUFON,OBALUFON,ORILE OWU MODEL PHC,,,,,,,
6646,SWZ,OSUN,AIYEDAADE,ODEOMU RURAL,ODE OMU RURAL,TONKERE PHC,,,,,,,
6647,SWZ,OSUN,AIYEDAADE,OLUFI,OLUFI,AKIRIBOTO 2 PHC,,,,,,,
6648,SWZ,OSUN,AIYEDAADE,OTUN BALOGUN,OTUN BALOGUN,WAKAJAIYE ROAD PHC,,,,,,,
6649,SWZ,OSUN,AIYEDAADE,OTUN OLUFI,OTUN OLUFI,OKE ELU PHC,,,,,,,
6650,SWZ,OSUN,AIYEDIRE,ILEOGBO 1,POPO(ILEOGBO),PHC POPO,,,,,,,
6651,SWZ,OSUN,AIYEDIRE,ILEOGBO II,OOSA ILEOGBO,PHC OKE ODO,,,,,,,
6652,SWZ,OSUN,AIYEDIRE,KUTA I,AMOBI(KUTA I),PHC AMOBI,,,,,,,
6653,SWZ,OSUN,AIYEDIRE,OKE OSUN,OKE-OSUN,PHC ONIGANGAN,,,,,,,
6654,SWZ,OSUN,AIYEDIRE,OKE OSUN,GBOGBO(OKE OSUN),AYITEDO,,,,,,,
6655,SWZ,OSUN,AIYEDIRE,OLUPONNA II,OMISORE(OLUPONNA II),ARAROMI HEALTH CENTRE,,,,,,,
6656,SWZ,OSUN,AIYEDIRE,OLUPONNA II,ILEOGBO IDI APE,OKOMI PRIMARY HEALTH CENTRE,,,,,,,
6657,SWZ,OSUN,AIYEDIRE,OLUPONNA III,ILAJI(OLUPONNA III),PHC ILAJI,,,,,,,
6658,SWZ,OSUN,AIYEDIRE,OLUPONNA III,IDI-OGUN(OLUPONNA III),PHC IDI-OGUN,,,,,,,
6659,SWZ,OSUN,AIYEDIRE,OLUPONNA IV,ISALE OBA(OLUPONNA IV),PHC ISALE OBA,,,,,,,
6660,SWZ,OSUN,ATAKUNMOSA EAST,AJEBANDELE,AJEBANDELE,AYINRIN ADEDEJI PHC,,,,,,,
6661,SWZ,OSUN,ATAKUNMOSA EAST,AYEGUNLE,ODOGBO(AYEGUNLE),ODOGBO PHC,,,,,,,
6662,SWZ,OSUN,ATAKUNMOSA EAST,ETI ONI,ETI-ONI,ITAAPA PHC,,,,,,,
6663,SWZ,OSUN,ATAKUNMOSA EAST,FAFORIJI,FAFORIJI,FAFORIJI PHC,,,,,,,
6664,SWZ,OSUN,ATAKUNMOSA EAST,FOREST RESERVE I,SOKOTO(FOREST RESERVE 1),SOKOTO PHC,,,,,,,
6665,SWZ,OSUN,ATAKUNMOSA EAST,FOREST RESERVE II,AROWOJOBE(FOREST RESERVE II),AROWOJOBE PHC,,,,,,,
6666,SWZ,OSUN,ATAKUNMOSA EAST,IGANGAN,IGANGAN,IGANGAN PHC,,,,,,,
6667,SWZ,OSUN,ATAKUNMOSA EAST,IPERINDO,IPERINDO,IPERINDO PHC,,,,,,,
6668,SWZ,OSUN,ATAKUNMOSA EAST,IPOLE,IPOLE,IPOLE PHC,,,,,,,
6669,SWZ,OSUN,ATAKUNMOSA EAST,IWARA,IWARA,IWARA PHC,,,,,,,
6670,SWZ,OSUN,ATAKUNMOSA WEST,IBODI,IBODI,IYERE PHC,,,,,,,
6671,SWZ,OSUN,ATAKUNMOSA WEST,IFELODUN,IFELODUN,IJANA PHC,,,,,,,
6672,SWZ,OSUN,ATAKUNMOSA WEST,IFEWARA I,IFEWARA 1,OGOGODOJA PHC,,,,,,,
6673,SWZ,OSUN,ATAKUNMOSA WEST,IFEWARA II,IFEWARA 11,IFEWARA PHC,,,,,,,
6674,SWZ,OSUN,ATAKUNMOSA WEST,ISA-OBI,ISAOBI,INISA PHC,,,,,,,
6675,SWZ,OSUN,ATAKUNMOSA WEST,ITAGUNMODI,ITAGUNMODI,ITAGUNMODI PHC,,,,,,,
6676,SWZ,OSUN,ATAKUNMOSA WEST,MUROKO,MUROKO,IPOYE PHC,,,,,,,
6677,SWZ,OSUN,ATAKUNMOSA WEST,OKE-BODE,OKE BODE,KAJOLA PHC,,,,,,,
6678,SWZ,OSUN,ATAKUNMOSA WEST,OSU I,OSU 1,OKE OJA PHC,,,,,,,
6679,SWZ,OSUN,ATAKUNMOSA WEST,OSU II,OSU 111,OKE OMI PHC,,,,,,,
6680,SWZ,OSUN,ATAKUNMOSA WEST,OSU III,OSU11,ASAWO PHC,,,,,,,
6681,SWZ,OSUN,BOLUWADURO,ERIPA,ERIPA,ERIPA PHC,,,,,,,
6682,SWZ,OSUN,BOLUWADURO,GBELERU OBAALA I,IGBAJO 1,AYETORO PHC,,,,,,,
6683,SWZ,OSUN,BOLUWADURO,GBELERU OBAALA II,IGBAJO 2,IBUDOKIRIJI PHC,,,,,,,
6684,SWZ,OSUN,BOLUWADURO,IRESI I,IRESI1,IRESI PHC,,,,,,,
6685,SWZ,OSUN,BOLUWADURO,IRESI II,IRESI 2,MODEL PHC,,,,,,,
6686,SWZ,OSUN,BOLUWADURO,OBALA ILURO,IGBAJO 3,IGBAJO P.H.C,,,,,,,
6687,SWZ,OSUN,BOLUWADURO,OKE IRUN,OKE-IRUN,OKEIRUN PHC,,,,,,,
6688,SWZ,OSUN,BOLUWADURO,OKE ODE OTAN,OKE ODE,OMI ERAN PHC,,,,,,,
6689,SWZ,OSUN,BOLUWADURO,OKE OMI OTAN,OKE OMI,OKE OMI PHC,,,,,,,
6690,SWZ,OSUN,BOLUWADURO,OKE OTAN,OKE-OTAN,IMOJIGBON PHC,,,,,,,
6691,SWZ,OSUN,BORIPE,AAGBA,AAGBA,AAGBA PHC,,,,,,,
6692,SWZ,OSUN,BORIPE,ADA I,ISO EGE,ISO EGE PHC,,,,,,,
6693,SWZ,OSUN,BORIPE,ADA II,OKE BAALE(ADA 2),OKE BAALE PHC,,,,,,,
6694,SWZ,OSUN,BORIPE,COLLEGE/EGBEDA,ARAROMI(COLLEGE/EGEDA/IRAGBIJI),ARAROMI PHC,,,,,,,
6695,SWZ,OSUN,BORIPE,"ISALE ASA, IREE",ODOGBO(ISALE ASA IREE),ISALE ASA UNICEF PHC,,,,,,,
6696,SWZ,OSUN,BORIPE,ISALE OYO,ILARE4(ISALE OYO IRAGBIJI),ISALE OYO PHC,,,,,,,
6697,SWZ,OSUN,BORIPE,OJA OBA,ISALE OFFA(OJA OBA IRAGBIJI),MDGS ISALE OFFA,,,,,,,
6698,SWZ,OSUN,BORIPE,OKE AAREE,OKE AREE IREE,OKE AREE PHC,,,,,,,
6699,SWZ,OSUN,BORIPE,OKE ESA/OKE OGI,OKE ESA /OKE OGI IRE,OKE OGI PHC,,,,,,,
6700,SWZ,OSUN,BORIPE,OLOTI,OLOTI IRAGIBIJI,MDGS OLOTI,,,,,,,
6701,SWZ,OSUN,BORIPE,ORORUWO,ORORUWO,MDGS ORORUWO,,,,,,,
6702,SWZ,OSUN,EDE NORTH,ABOGUNDE/SAGBA,SAGBA ABOOGUNDE,SAGBA/AGBALE PHC,,,,,,,
6703,SWZ,OSUN,EDE NORTH,ALUSEKERE,ALUSEKERE,OWODE PHC,,,,,,,
6704,SWZ,OSUN,EDE NORTH,APASO,APASO,APASO PHC,,,,,,,
6705,SWZ,OSUN,EDE NORTH,ASUNMO,ASUNMON,ASUNMO PHC,,,,,,,
6706,SWZ,OSUN,EDE NORTH,BARA EJEMU,BARA EJEMU,AIPOLA PHC,,,,,,,
6707,SWZ,OSUN,EDE NORTH,ISIBO/BUHARI-ISHOLA,BUARIISIBO,OJA-TIMI PHC,,,,,,,
6708,SWZ,OSUN,EDE NORTH,OLOBA/ATAPARA,OLOBAATAPARA,ISALE OYEKU,,,,,,,
6709,SWZ,OSUN,EDE NORTH,OLOGUN/AGBAAKIN,OLOGUNAGBA AKIN,ADODO PHC,,,,,,,
6710,SWZ,OSUN,EDE NORTH,OLUSOKUN,OLUSOKUN,OLUSOKUN PHC,,,,,,,
6711,SWZ,OSUN,EDE NORTH,SABO/AGBONGBE I,SABO/AGBONGBE,OSUN AGENI PHC,,,,,,,
6712,SWZ,OSUN,EDE NORTH,SABO/AGBONGBE II,SABOII(SABO AGBONGBE),OKE GADA PHC,,,,,,,
6713,SWZ,OSUN,EDE SOUTH,ALAJUE I,ALAJUE I,EDEDIMEJI,,,,,,,
6714,SWZ,OSUN,EDE SOUTH,ALAJUE II,ALAJUE II,ALAJUE OJA,,,,,,,
6715,SWZ,OSUN,EDE SOUTH,BABANLA/AGATE,BABANLA AGATE,OBADA,,,,,,,
6716,SWZ,OSUN,EDE SOUTH,BABASANYA,BABASANYA,BABASANYA,,,,,,,
6717,SWZ,OSUN,EDE SOUTH,JAGUNJAGUN,JAGUNJAGUN,JAGUNJAGUN,,,,,,,
6718,SWZ,OSUN,EDE SOUTH,KUYE,KUYE(OKW OBA II),KUYE,,,,,,,
6719,SWZ,OSUN,EDE SOUTH,LOOGUN,LOOGUN,EGBEDA LOOGUN,,,,,,,
6720,SWZ,OSUN,EDE SOUTH,OLODAN,OLODAN,OLODAN,,,,,,,
6721,SWZ,OSUN,EDE SOUTH,OLOKI AKODA,OLOKI AKODA,AKODA,,,,,,,
6722,SWZ,OSUN,EDE SOUTH,SEKONA,SEKONA,SEKONA,,,,,,,
6723,SWZ,OSUN,EGBEDORE,ARA I,ARA 1,PHC ARA 1,,,,,,,
6724,SWZ,OSUN,EGBEDORE,ARA II,ARA II,ALASAN,,,,,,,
6725,SWZ,OSUN,EGBEDORE,AWO/ABUDO,AWO(AWO/ABUDO),AWO,,,,,,,
6726,SWZ,OSUN,EGBEDORE,IDO-OSUN,IDO OSUN,IDO OSUN,,,,,,,
6727,SWZ,OSUN,EGBEDORE,IKOTUN,IKOTUN,IKOTUN,,,,,,,
6728,SWZ,OSUN,EGBEDORE,IRAGBERI I,IRAGBERI I(IDO OSUN),IRAGBERI 1,,,,,,,
6729,SWZ,OSUN,EGBEDORE,IRAGBERI II,IRAGBERI II,IRAGBERI 2,,,,,,,
6730,SWZ,OSUN,EGBEDORE,IWOYE /IDOO/ ORIGBO,IWOYE/IDDO/ORIGBO,IWOYE PHC (MDGS),,,,,,,
6731,SWZ,OSUN,EGBEDORE,OJO /ARO,OJO ARO,OJO,,,,,,,
6732,SWZ,OSUN,EGBEDORE,OKINNI/OFATEDO/ OLORUNSOGO,OFATEDOOLORUNSOGO,OLORUNSOGO,,,,,,,
6733,SWZ,OSUN,EJIGBO,"ELEJIGBO ""A""",SAKASAKA(ELEJIGBO),MODEL PHC SAKASAKA,,,,,,,
6734,SWZ,OSUN,EJIGBO,"ELEJIGBO ""B""/OSOLO",OKE EJIGBO(ELEJIGBO B/OSOLO),ISALE OSOLO,,,,,,,
6735,SWZ,OSUN,EJIGBO,"ELEJIGBO ""C""/MAPO",OKE EJIGBO(ELEJIGBO C/MAPO),POPO,,,,,,,
6736,SWZ,OSUN,EJIGBO,"ELEJIGBO ""C""/MAPO",OKE EJIGBO(ELEJIGBO C/MAPO),OKE BALOGUN PHC,,,,,,,
6737,SWZ,OSUN,EJIGBO,ELEJIGBO/AYEGBOGBO,AYEGBOGBO(ELEJIGBO AYEGBOGBO),AYEGBOGBO,,,,,,,
6738,SWZ,OSUN,EJIGBO,"IFE ODAN ""A""/,OWU ILE",OKE EJIGBO(IFE ODAN A/OWU-ILE),IFE ODAN,,,,,,,
6739,SWZ,OSUN,EJIGBO,"IFE ODAN ""B""/MASIFA",MASIFA(IFE-ODAN B/MASIFA),MASIFA,,,,,,,
6740,SWZ,OSUN,EJIGBO,ILAWO/ISOKO/ISUNDUNRIN,ILAWO/ISOKO/ISUNDUNRIN,ILAWO,,,,,,,
6741,SWZ,OSUN,EJIGBO,INISA I/AATO/IGBON,INISA/AATO/IGBON,IKA PHC,,,,,,,
6742,SWZ,OSUN,EJIGBO,INISA II/AFAAKE/AYEGUNLE,SONGBE(INISA II/AFAKE/AYEGUNLE),SONGBE,,,,,,,
6743,SWZ,OSUN,EJIGBO,OLA/AAYE/AGURODO,OLA(OLA/AYE/AGURODO),OLA,,,,,,,
6744,SWZ,OSUN,IFE CENTRAL,AKARABATA,AKARABATA,AKARABATA,,,,,,,
6745,SWZ,OSUN,IFE CENTRAL,ILARE I,ILARE 1,IGBOYA,,,,,,,
6746,SWZ,OSUN,IFE CENTRAL,ILARE II,ILARE 2,FAJUYI,,,,,,,
6747,SWZ,OSUN,IFE CENTRAL,ILARE III,ILARE 3,ENUWA,,,,,,,
6748,SWZ,OSUN,IFE CENTRAL,ILARE IV,ILARE 4,SABO-OLAOLU,,,,,,,
6749,SWZ,OSUN,IFE CENTRAL,IREMO I,IREMO/AJEBANDELE,ABAGBOORO PHC,,,,,,,
6750,SWZ,OSUN,IFE CENTRAL,IREMO II,IREMO2(IREMO/AJEBANDELE),ELEYELE,,,,,,,
6751,SWZ,OSUN,IFE CENTRAL,IREMO III,IREMO 3,OJATUNTUN,,,,,,,
6752,SWZ,OSUN,IFE CENTRAL,IREMO IV,IREMO 4,AKUI,,,,,,,
6753,SWZ,OSUN,IFE CENTRAL,IREMO V,IREMO 5,ADEREMI,,,,,,,
6754,SWZ,OSUN,IFE CENTRAL,MOORE/OJAJA,MOOREOJAJA,GBALEFEFE,,,,,,,
6755,SWZ,OSUN,IFE EAST,ILODE I,ILODE 1,ODOWARA PHC,,,,,,,
6756,SWZ,OSUN,IFE EAST,ILODE II,ILODE 2,OMI,,,,,,,
6757,SWZ,OSUN,IFE EAST,MODAKEKE I,MODAKEKE 1,ADEOWO,,,,,,,
6758,SWZ,OSUN,IFE EAST,MODAKEKE II,MODAKEKE 2,ITASIN,,,,,,,
6759,SWZ,OSUN,IFE EAST,MODAKEKE III,MODAKEKE 3,OKE-OTUBU,,,,,,,
6760,SWZ,OSUN,IFE EAST,MOORE,MOORE,MOORE,,,,,,,
6761,SWZ,OSUN,IFE EAST,OKEREWE I,OKEREWE 1,ILORO,,,,,,,
6762,SWZ,OSUN,IFE EAST,OKEREWE II,OKEREWE 2,OLUGBODO,,,,,,,
6763,SWZ,OSUN,IFE EAST,OKEREWE III,OKEREWE III,IFELODUN PHC,,,,,,,
6764,SWZ,OSUN,IFE EAST,YEKEMI,YEKEMI,YEKEMI,,,,,,,
6765,SWZ,OSUN,IFE NORTH,ASIPA/AKINLALU,ASIPAAKINLALU,AKINLALU,,,,,,,
6766,SWZ,OSUN,IFE NORTH,EDUNABON I,EDUNABON I,MODEL PHC EDUNABON,,,,,,,
6767,SWZ,OSUN,IFE NORTH,EDUNABON II,EDUNABON 2,TONKERE ORILE,,,,,,,
6768,SWZ,OSUN,IFE NORTH,FAMIA,FAMIA,FAMIA,,,,,,,
6769,SWZ,OSUN,IFE NORTH,IPETUMODU I,IPETUMODU 1,SOOKO,,,,,,,
6770,SWZ,OSUN,IFE NORTH,IPETUMODU II,IPETUMODU 2,OKOOKO,,,,,,,
6771,SWZ,OSUN,IFE NORTH,MORO,MORO,MORO,,,,,,,
6772,SWZ,OSUN,IFE NORTH,OYERE I,OYERE 1,ONIBAMBU,,,,,,,
6773,SWZ,OSUN,IFE NORTH,OYERE II,OYERE 2,ABORISADE,,,,,,,
6774,SWZ,OSUN,IFE NORTH,YAKOOYO,YAKOOYO,YAKOOYO,,,,,,,
6775,SWZ,OSUN,IFE SOUTH,ABIRI OGUDU,ABIRI OGUDU,AGBOROGBORO,,,,,,,
6776,SWZ,OSUN,IFE SOUTH,AYE,AYE,AYE OBA,,,,,,,
6777,SWZ,OSUN,IFE SOUTH,AYESAN,AYESAN,EGBEJODA,,,,,,,
6778,SWZ,OSUN,IFE SOUTH,IKIJA II,IKIJA 2,SAFEJO,,,,,,,
6779,SWZ,OSUN,IFE SOUTH,KERE,KERE,ARAROMI,,,,,,,
6780,SWZ,OSUN,IFE SOUTH,MEFOWORADE,MEFOWORADE,ONIGBODOGI,,,,,,,
6781,SWZ,OSUN,IFE SOUTH,OKE OWENA,OKEOWENA,ODESAN,,,,,,,
6782,SWZ,OSUN,IFE SOUTH,OLODE,OLODE,OLODE,,,,,,,
6783,SWZ,OSUN,IFE SOUTH,AARE,Aare,Ifetedo,,,,,,,
6784,SWZ,OSUN,IFE SOUTH,OSI,OSI,OSI OKERO,,,,,,,
6785,SWZ,OSUN,IFEDAYO,AKESIN,AKESIN,ORA MDG,,,,,,,
6786,SWZ,OSUN,IFEDAYO,ASAONI,ASAONI,ORA,,,,,,,
6787,SWZ,OSUN,IFEDAYO,AWORO/ OKE ILA RURAL,AWORO(AWORO/OKE-ILA),ILUPEJU,,,,,,,
6788,SWZ,OSUN,IFEDAYO,AYETORO,AYETORO,ALAGBEDE,,,,,,,
6789,SWZ,OSUN,IFEDAYO,BALOGUN,BALOGUN,OKE ILA,,,,,,,
6790,SWZ,OSUN,IFEDAYO,COOPERATIVE,CO-OPERATIVE,ALAGBEDE COOP PHC,,,,,,,
6791,SWZ,OSUN,IFEDAYO,ISINMI OLOOTU,ISINMI,OTEU,,,,,,,
6792,SWZ,OSUN,IFEDAYO,OBAALE,OBAALE,OKE OSUN,,,,,,,
6793,SWZ,OSUN,IFEDAYO,OYI,OYI,AYEGUNLE PHC,,,,,,,
6794,SWZ,OSUN,IFEDAYO,TEMIDIRE,TEMIDIRE,TEMIDIRE PHC,,,,,,,
6795,SWZ,OSUN,IFELODUN,AMOLA IKIRUN,OKE AMOLA(AMOLA IKIRUN),OKE,,,,,,,
6796,SWZ,OSUN,IFELODUN,EESA IKIRUN,EESA IKIRUN,PHC PONJU,,,,,,,
6797,SWZ,OSUN,IFELODUN,EKO ENDE/EKO AJALA,EKO ENDE,EKO ENDE,,,,,,,
6798,SWZ,OSUN,IFELODUN,IBA I,IBA 1,IBA MATERNITY,,,,,,,
6799,SWZ,OSUN,IFELODUN,IBA II,IBA 2,IBA 2,,,,,,,
6800,SWZ,OSUN,IFELODUN,IKIRUN RURAL,IREMO 5(IKIRUN RURAL),DAGBOLU,,,,,,,
6801,SWZ,OSUN,IFELODUN,ISALE/OKE AFO,OKE AFO/ISALE,OKE AFO,,,,,,,
6802,SWZ,OSUN,IFELODUN,OBAGUN,OBAAGUN,OBAAGUN,,,,,,,
6803,SWZ,OSUN,IFELODUN,OKEBA IKIRUN,OKEBA(OKEBA IKIRUN),EMILOJU,,,,,,,
6804,SWZ,OSUN,IFELODUN,OLONDE IKIRUN,OLONDE IKIRUN,OLONDE PHC,,,,,,,
6805,SWZ,OSUN,IFELODUN,OWODE IKIRUN,IREMO 3(OWODE IKIRUN),OWODE IDI OSE,,,,,,,
6806,SWZ,OSUN,IFELODUN,"STATION RD, IKIRUN",ISALE IKIRUN(STATION RD IKIRUN),AKINORUN NMDG,,,,,,,
6807,SWZ,OSUN,ILA,AJABA/EDEMOSI/ABA ORANGUN,AJABA(EYINDI/IPERIN),AJABA MDG,,,,,,,
6808,SWZ,OSUN,ILA,EJIGBO I,OKE EJIGBO 1,ITA SAPON,,,,,,,
6809,SWZ,OSUN,ILA,EJIGBO II,OKE EJIGBO 2,ADEKUNLE,,,,,,,
6810,SWZ,OSUN,ILA,EJIGBO III,OKE EJIGBO 3,OGUNLADE MDG,,,,,,,
6811,SWZ,OSUN,ILA,EYINDI,EYINDI,IGBONNIBI,,,,,,,
6812,SWZ,OSUN,ILA,IPERIN,IPERIN,DAGBOLU,,,,,,,
6813,SWZ,OSUN,ILA,IPERIN/EYINDI,IPERIN EYINDI,ISAAC ADEBAYO MDG,,,,,,,
6814,SWZ,OSUN,ILA,ISEDO I,ISEDO 1,ISEDO,,,,,,,
6815,SWZ,OSUN,ILA,ISEDO II,ISEDO2,STADIUM,,,,,,,
6816,SWZ,OSUN,ILA,OKE OLA,OKE OLA,ADEBISI JAYEOLA,,,,,,,
6817,SWZ,OSUN,ILA,OKE-EDE,OKE EDE,OKE EDE PRIMARY HEALTH CENTRE,,,,,,,
6818,SWZ,OSUN,ILESA EAST,BILADU,OKEOP(BILADU),IDO IJESA,,,,,,,
6819,SWZ,OSUN,ILESA EAST,BOLORUNDURO,BOLORUNDURO,OKE IRO,,,,,,,
6820,SWZ,OSUN,ILESA EAST,IFOSAN,IGBAYE (IFOSAN/OKE ESO),IGBAYE,,,,,,,
6821,SWZ,OSUN,ILESA EAST,IJAMO,IJAMOH,IJAMO,,,,,,,
6822,SWZ,OSUN,ILESA EAST,ILERIN,IROJO(ILERIN),IROJO,,,,,,,
6823,SWZ,OSUN,ILESA EAST,ILORO/ IROYE,ANAYE(ILORO/ROYE),ANAYE,,,,,,,
6824,SWZ,OSUN,ILESA EAST,IMO,IMO,IMO,,,,,,,
6825,SWZ,OSUN,ILESA EAST,ISARE,OKE-OYE(ISARE),OKE OYE,,,,,,,
6826,SWZ,OSUN,ILESA EAST,ITISIN,ILEMO(ITISIN/OGUDU),ILEMO,,,,,,,
6827,SWZ,OSUN,ILESA EAST,OKESA,OKESA,OKESA PHC,,,,,,,
6828,SWZ,OSUN,ILESA EAST,UPPER &LOWER IJOKA,IJOKA(UPPER & LOWER IJOKA),ABIOLA,,,,,,,
6829,SWZ,OSUN,ILESA WEST,AYESO,OKE-IYIN(AYESO),OKE-IYIN,,,,,,,
6830,SWZ,OSUN,ILESA WEST,EREJA,EREJA,EREJA,,,,,,,
6831,SWZ,OSUN,ILESA WEST,IKOYI/IKOTI/ARAROMI,ARAGAN(IKOTI/ARAROMI),IKOTI,,,,,,,
6832,SWZ,OSUN,ILESA WEST,ILAJE,ILAJE,ILAJE,,,,,,,
6833,SWZ,OSUN,ILESA WEST,ISIDA/ADETI,ADETI/ISIDA,ADETI,,,,,,,
6834,SWZ,OSUN,ILESA WEST,ISOKUN,ISOKUN,ISOKUN,,,,,,,
6835,SWZ,OSUN,ILESA WEST,ITAKOGUN/UPPER EGBE-IDI,ITAKOGUN,ORINKIRAN,,,,,,,
6836,SWZ,OSUN,ILESA WEST,LOWER EGBE-IDI,EGBE IDI(LOWER EGBEDI),EGBE IDI,,,,,,,
6837,SWZ,OSUN,ILESA WEST,OMOFE/IDASA,IDASA(OMOFE/IDASA),IDASA,,,,,,,
6838,SWZ,OSUN,ILESA WEST,UPPER/LOWER IGBOGI,IGBOGI(UPPER & LOWER IGBOGI),IGBOGI,,,,,,,
6839,SWZ,OSUN,IREPODUN,BARA 'A',KON(BARA A),KONDA,,,,,,,
6840,SWZ,OSUN,IREPODUN,BARA 'B',OKE-IRUN(BARA B),OKE-ERAN ILOBU PHC,,,,,,,
6841,SWZ,OSUN,IREPODUN,ELERIN 'A',AFOLU(ELERIN A0,AFOLU,,,,,,,
6842,SWZ,OSUN,IREPODUN,ELERIN 'B',EYIGBO(ELERIN B),EYINGBO,,,,,,,
6843,SWZ,OSUN,IREPODUN,ELERIN 'C',ELERIN C,ISIAKA,,,,,,,
6844,SWZ,OSUN,IREPODUN,ELERIN 'D',BALOGUN(ELERIN D),OLOYAN,,,,,,,
6845,SWZ,OSUN,IREPODUN,ELERIN 'E',TOKEDE(ELERIN E),OKE ILA,,,,,,,
6846,SWZ,OSUN,IREPODUN,OLOBU 'A',OLOBU(OLUBU A),OLOBU,,,,,,,
6847,SWZ,OSUN,IREPODUN,OLOBU 'B',ANWO(OLUBU B),ANWO,,,,,,,
6848,SWZ,OSUN,IREPODUN,OLOBU 'C',ADIO(OLOBU C),KUELU,,,,,,,
6849,SWZ,OSUN,IREPODUN,OLOBU 'D',AROM(OLOBU D),AROMIWE,,,,,,,
6850,SWZ,OSUN,IREWOLE,IKIRE 'A',MORINGBERE(IKIRE A),MORINGBERE,,,,,,,
6851,SWZ,OSUN,IREWOLE,IKIRE 'B',ATOBA(IKIRE B),ISLAMIA,,,,,,,
6852,SWZ,OSUN,IREWOLE,IKIRE 'C',AGBORA(IKIRE C),FIDIWO,,,,,,,
6853,SWZ,OSUN,IREWOLE,IKIRE 'E',OLUOFINRIN(IKIRE E),OLUOFINRIN,,,,,,,
6854,SWZ,OSUN,IREWOLE,IKIRE 'F',SANGO (IKIRE F),AKO,,,,,,,
6855,SWZ,OSUN,IREWOLE,IKIRE 'G',FIDITI(IKIRE G),AYEDAADE,,,,,,,
6856,SWZ,OSUN,IREWOLE,IKIRE 'H',OKE ADA(IKIRE H),OMODA,,,,,,,
6857,SWZ,OSUN,IREWOLE,IKIRE 'I',MOLARERE (IKIRE I),IGIDU,,,,,,,
6858,SWZ,OSUN,IREWOLE,IKIRE 'J',ATIDE(IKIRE J),ATILE PRIMARY HEALTH CENTRE,,,,,,,
6859,SWZ,OSUN,IREWOLE,IKIRE 'K',ODEYINKA,ODEYINKA MODEL PHC,,,,,,,
6860,SWZ,OSUN,IREWOLE,IKIRE 'K',WAASINMI(IKIRE K),WAASINMI ALGON,,,,,,,
6861,SWZ,OSUN,ISOKAN,ALAPOMU I,ALAPOMU 1,TOTAL,,,,,,,
6862,SWZ,OSUN,ISOKAN,ALAPOMU II,ALAPOMU 2,OKE OKO,,,,,,,
6863,SWZ,OSUN,ISOKAN,ASALU (MOGIMOGI),MONGI MONGI(OOSA ADIFA),OKE ALFA,,,,,,,
6864,SWZ,OSUN,ISOKAN,ASALU IKOYI,ABIRI (ASALU IKOYI ),ASEJIRE PHC,,,,,,,
6865,SWZ,OSUN,ISOKAN,AWALA I,AWALA1,AWALA,,,,,,,
6866,SWZ,OSUN,ISOKAN,AWALA II,AWALA 2,AYEPE PHC,,,,,,,
6867,SWZ,OSUN,ISOKAN,AWALA II,AWALA 2,OOSA,,,,,,,
6868,SWZ,OSUN,ISOKAN,IDOGUN,IDOGUN,BASIC HEALTH CENTRE IDOGUN,,,,,,,
6869,SWZ,OSUN,ISOKAN,IDOGUN,IDOGUN,OLOKUTA,,,,,,,
6870,SWZ,OSUN,ISOKAN,OLUKOYI (OJA-OSUN),OLUKOYI OJA OSUN,ADESINA PHC,,,,,,,
6871,SWZ,OSUN,ISOKAN,OOSA ADIFA,OOSA ADIFA,OOSA ADIFA PHC 008,,,,,,,
6872,SWZ,OSUN,ISOKAN,OOSA IKOYI,OLOKE(OOSA IKOYI),IKOYI,,,,,,,
6873,SWZ,OSUN,ISOKAN,ORANRAN,ORANRAN,ORANRAN,,,,,,,
6874,SWZ,OSUN,IWO,GIDIGBO I,GIDIGBO 1,MOSINOLA,,,,,,,
6875,SWZ,OSUN,IWO,GIDIGBO II,GIDIGBO 2,OLOBERE MDGS,,,,,,,
6876,SWZ,OSUN,IWO,GIDIGBO III,GIDIGBO 3,ALAYE,,,,,,,
6877,SWZ,OSUN,IWO,ISALE OBA I,ISALE OBA 1,DAODU AGBA,,,,,,,
6878,SWZ,OSUN,IWO,ISALE OBA II,ISALE OBA 2,ISALE OBA MDGS,,,,,,,
6879,SWZ,OSUN,IWO,ISALE OBA III,ISALE OBA 3,AJANGBALA,,,,,,,
6880,SWZ,OSUN,IWO,ISALE OBA IV,ISALE OBA 4,OBATEDO,,,,,,,
6881,SWZ,OSUN,IWO,MOLETE I,MOLETE 1,MOSERU,,,,,,,
6882,SWZ,OSUN,IWO,MOLETE II,MOLETE 2,YIDI OBA,,,,,,,
6883,SWZ,OSUN,IWO,MOLETE III,MOLETE 3,AGBOOGBO,,,,,,,
6884,SWZ,OSUN,IWO,OKE ADAN I,OKE ADAN 1,AGO OGUNRINDE MDGS,,,,,,,
6885,SWZ,OSUN,IWO,OKE ADAN II,OKE ADAN 2,EESIKI,,,,,,,
6886,SWZ,OSUN,IWO,OKE ADAN III,OKE ADAN 3,FEESU,,,,,,,
6887,SWZ,OSUN,IWO,OKE OBA I,OKE OBA 1,AGBERIRE,,,,,,,
6888,SWZ,OSUN,IWO,OKE OBA II,OKE OBA 2,OGBURO ALGON,,,,,,,
6889,SWZ,OSUN,OBOKUN,ESA-ODO,ESA ODO,ESA ODO PHC,,,,,,,
6890,SWZ,OSUN,OBOKUN,ESA-OKE,ESA OKE,ESA OKE PHC,,,,,,,
6891,SWZ,OSUN,OBOKUN,IBOKUN,IBOKUN,IBOKUN PHC,,,,,,,
6892,SWZ,OSUN,OBOKUN,ILAHUN/IKINYINWA,ILAHUNIKINYINWA,ILAHUN,,,,,,,
6893,SWZ,OSUN,OBOKUN,ILARE,ILARE,ILARE PRIMARY HEALTH CENTRE,,,,,,,
6894,SWZ,OSUN,OBOKUN,ILASE / IDOMINASI,ILASA(ILASE/IDOMINASI),ILASE PHC,,,,,,,
6895,SWZ,OSUN,OBOKUN,IMESI-ILE,IMESI-ILE,IMESI ILE PRIMARY HEALTH CENTRE,,,,,,,
6896,SWZ,OSUN,OBOKUN,IPETU/ADA OWODE,IPETU ILE,IPETU ILE PRIMARY HEALTH CENTRE,,,,,,,
6897,SWZ,OSUN,OBOKUN,OTAN-ILE,OTAN ILE,OTAN ILE PHC,,,,,,,
6898,SWZ,OSUN,ODO OTIN,ASI/ASABA,ASHIASABA,ASABA,,,,,,,
6899,SWZ,OSUN,ODO OTIN,BAALE,BAALE,OKUKU 2,,,,,,,
6900,SWZ,OSUN,ODO OTIN,EKOSIN/IYEKU,EKOSINIYEKU,EKOSIN,,,,,,,
6901,SWZ,OSUN,ODO OTIN,ESA OTUN BAALE ODE,OKE AYAN(EESA OTUN BAALE ODE),INISHA 1 ( ESA OTUN PHC),,,,,,,
6902,SWZ,OSUN,ODO OTIN,FAJI/OPETE,FAAJIOPETE,FAAJI,,,,,,,
6903,SWZ,OSUN,ODO OTIN,IGBAYE,IGBAYE IMULEKE(IGBAYE),IGBAYE,,,,,,,
6904,SWZ,OSUN,ODO OTIN,IJABE/ILA-ODO,IJABEILA ODO,IJABE,,,,,,,
6905,SWZ,OSUN,ODO OTIN,JAGUN/OSI BAALE ODE,JAGUN OSI,JAGUN OSI,,,,,,,
6906,SWZ,OSUN,ODO OTIN,OBA OJOMU,OBA-OJOMU,MDG OKUKU,,,,,,,
6907,SWZ,OSUN,ODO OTIN,OKU/EKUSA,OKUAEKUSA,OKUA,,,,,,,
6908,SWZ,OSUN,ODO OTIN,OLOYAN/ELEMOSO/EESA,OLOYANELEMOSO,OYAN 2(OLOYAN ELEMOSO),,,,,,,
6909,SWZ,OSUN,ODO OTIN,OLUKOTUN,OLUKOTUN,OLUKOTUN,,,,,,,
6910,SWZ,OSUN,ODO OTIN,OLUNISA,OLUNISA,OLUNISA,,,,,,,
6911,SWZ,OSUN,ODO OTIN,OORE/AGBEYE,OREAGBEYE,AGBEYE,,,,,,,
6912,SWZ,OSUN,ODO OTIN,OSOLO/OPARINOLA,OSOLO OPARIN,OYAN 1(OSOLO OPARIN PHC),,,,,,,
6913,SWZ,OSUN,OLA OLUWA,BODE- OSI,BODE OSI,BODE OSI,,,,,,,
6914,SWZ,OSUN,OLA OLUWA,IKIRE ILE /IWARA,IKIREIWARA,ALGON IKIRE ILE,,,,,,,
6915,SWZ,OSUN,OLA OLUWA,OBAMORO /ILE-OGBO,ILE OGOOBAMORO(OBAMORO/ ILE OGO),ILE OGO,,,,,,,
6916,SWZ,OSUN,OLA OLUWA,OGBAAGBA I,OGBAAGBA 1,OGBAAGBA,,,,,,,
6917,SWZ,OSUN,OLA OLUWA,OGBAAGBA II,OGBAAGBA 1I,TOOTO,,,,,,,
6918,SWZ,OSUN,OLA OLUWA,AJAGBA/ IWOOKE,Ajagbaiwo Oke,Ajagba,,,,,,,
6919,SWZ,OSUN,OLA OLUWA,ASA/ AJAGUNLASE,Asaajagunlese,Isale Asa,,,,,,,
6920,SWZ,OSUN,OLA OLUWA,TELEMU,TELEMU,MDG TELEMU,,,,,,,
6921,SWZ,OSUN,OLORUNDA,AGOWANDE,AGOWANDE,OLUDE,,,,,,,
6922,SWZ,OSUN,OLORUNDA,AKOGUN,AKOGUN,ENIKANOYUN,,,,,,,
6923,SWZ,OSUN,OLORUNDA,ATELEWO,ATELEWO,ATELEWO,,,,,,,
6924,SWZ,OSUN,OLORUNDA,AYETORO,OTA EFUN(AYETORO),OTA EFUN,,,,,,,
6925,SWZ,OSUN,OLORUNDA,BALOGUN,ORISUNBARE(BALOGUN),ATIBA,,,,,,,
6926,SWZ,OSUN,OLORUNDA,ILIE,ILIE,ILIE,,,,,,,
6927,SWZ,OSUN,OLORUNDA,OBA OKE,OBA OKE,OBA OKE,,,,,,,
6928,SWZ,OSUN,OLORUNDA,OBA-ILE,OBA ILE,OBA ILE,,,,,,,
6929,SWZ,OSUN,OLORUNDA,OWODE I,OWODE I,FAGBEMI-BIIRO PHC 6,,,,,,,
6930,SWZ,OSUN,OLORUNDA,OWODE II,ORITA SABO(OWODE II),KELEBE,,,,,,,
6931,SWZ,OSUN,OLORUNDA,OWOOPE,ORITA SABO(OWOOPE),SABO,,,,,,,
6932,SWZ,OSUN,ORIADE,APOTI/DAGBAJA,8 (APOTI DAGBAJA),APOTI PHC,,,,,,,
6933,SWZ,OSUN,ORIADE,ERIN-JESA,2. ERIN IJESA,ERIN IJESA PHC,,,,,,,
6934,SWZ,OSUN,ORIADE,ERIN-IJESA II,Erin Ijesa,Erin Ijesa PHC,,,,,,,
6935,SWZ,OSUN,ORIADE,ERINMO/IWARAJA,12.ERINMO/IWARAJA,ERINMO IJESA PHC 12,,,,,,,
6936,SWZ,OSUN,ORIADE,ERIN-OKE,1.ERIN OKE,ERIN OKE PHC,,,,,,,
6937,SWZ,OSUN,ORIADE,IJEBU-IJESA,3 ERIN-IJESA II(IJEBU JESA),IJEBU JESA PHC,,,,,,,
6938,SWZ,OSUN,ORIADE,IJEJA/ILOKO,11(IJEDA/ILOKO),ILOOKO PHC,,,,,,,
6939,SWZ,OSUN,ORIADE,IKEJI ARAKEJI/OWENA,7 IKEJI ARAKEJI/OWENA,IKEJI ARAKEJI PHC 7,,,,,,,
6940,SWZ,OSUN,ORIADE,IPETU-IJESA I,9.IPETU IJESA,IPETU IJESA PHC,,,,,,,
6941,SWZ,OSUN,ORIADE,IPETU-IJESA II,10(IPETU-IJESA II),OBALENDE PHC,,,,,,,
6942,SWZ,OSUN,ORIADE,IRA,6 (IRA),IKEJI ILE PHC,,,,,,,
6943,SWZ,OSUN,ORIADE,IRA,6 IRA,IRA IKEJI PHC,,,,,,,
6944,SWZ,OSUN,ORIADE,IWOYE-IJESA,4 (IWOYE/ERE),ERE IJESA PHC,,,,,,,
6945,SWZ,OSUN,OROLU,OLUFON 'A',OLUFON (OLUFUON A),IKIMO,,,,,,,
6946,SWZ,OSUN,OROLU,OLUFON 'B',OLUFUON 'B,OWOKA,,,,,,,
6947,SWZ,OSUN,OROLU,OLUFON 'B',OLUFUON 'B,OWOKA,,,,,,,
6948,SWZ,OSUN,OROLU,OLUFON 'C',ARAROMI (OLUFUON C),ARAROMI PHC,,,,,,,
6949,SWZ,OSUN,OROLU,OLUFON 'D',BOLORUNDURO(OLUFUON D),BOLORUNDURO,,,,,,,
6950,SWZ,OSUN,OROLU,OLUFON 'E',OOYE(OLUFUON E),OLOGELE,,,,,,,
6951,SWZ,OSUN,OROLU,OLUFON 'F',JALEYEMI (OLUFUON F),JALEYEMI,,,,,,,
6952,SWZ,OSUN,OROLU,OLUFON 'F',OKITIMOLUFON(OLUFUON F),OKITI,,,,,,,
6953,SWZ,OSUN,OROLU,OLUFON 'G',ELESI(OLUFUON G),ELEESI PRIMARY HEALTH CENTRE,,,,,,,
6954,SWZ,OSUN,OROLU,OLUFON 'H',EGAN AAJE(OLUFUON H),EGAN AJE,,,,,,,
6955,SWZ,OSUN,OROLU,OLUFON 'I',OSUN EESA(OLUFUON I),OWODE PHC,,,,,,,
6956,SWZ,OSUN,OSOGBO,ALAGBAA,ALAGBAA,AJALOGE HEALTH CLINIC,,,,,,,
6957,SWZ,OSUN,OSOGBO,ARE AGO,AYEPE(ARE-AGO),OWODE,,,,,,,
6958,SWZ,OSUN,OSOGBO,ATAOJA 'A',ATAOJA A,OKE OSUN,,,,,,,
6959,SWZ,OSUN,OSOGBO,ATAOJA 'B',ATAOJA B,ISALE AGBARA,,,,,,,
6960,SWZ,OSUN,OSOGBO,ATAOJA 'C',ATAOJA C,ODI OLOWO,,,,,,,
6961,SWZ,OSUN,OSOGBO,ATAOJA 'D',ATAOJA D,OGO OLUWA,,,,,,,
6962,SWZ,OSUN,OSOGBO,ATAOJA 'E',ALEKUWODO(ATAOJA),ALEKUWODO,,,,,,,
6963,SWZ,OSUN,OSOGBO,BABA KEKERE,BAB KEKEE,OKE ABESU,,,,,,,
6964,SWZ,OSUN,OSOGBO,EKERIN,EKERIN,IREPODUN PHC,,,,,,,
6965,SWZ,OSUN,OSOGBO,EKETA,AKEPE(EKETA),ILUDUN,,,,,,,
6966,SWZ,OSUN,OSOGBO,JAGUN 'A',JAGUN A,OLUGUNNA,,,,,,,
6967,SWZ,OSUN,OSOGBO,JAGUN 'B',JAGUN 'B',AKEDE IYALOJA PHC,,,,,,,
6968,SWZ,OSUN,OSOGBO,OTUN BALOGUN 'A',GBONMI(OTUN BALOGUN A),OKE BAALE,,,,,,,
6969,SWZ,OSUN,OSOGBO,OTUN JAGUN 'A',JAGUN(OTUN JAGUN A),MUBARAKA,,,,,,,
6970,SWZ,OSUN,OSOGBO,OTUN JAGUN 'B',POPO(OTUN JAGUN B),AJENISUA,,,,,,,
6971,SWZ,OSUN,IFE SOUTH,IKIJA I,IKIJA 1,MOSAFEJO,,,,,,,
6972,SWZ,OSUN,IFE SOUTH,IKIJA I,IKIJA 1,FAYEMI,,,,,,,
6973,SWZ,OSUN,OBOKUN,EESUN / IDOOKO,EESUN/IDI-OKO,IBALA PHC,,,,,,,
6974,SWZ,OSUN,OLA OLUWA,ISERO /IKONIFIN,ILEMOWUASAMU,ASAMU PHC,,,,,,,
6975,SWZ,OSUN,OLA OLUWA,ISERO /IKONIFIN,IKONIFINISERO,IKONNIFI PHC,,,,,,,
6976,SWZ,OYO,AFIJO,AKINMORIN/JOBELE,,AKINMORIN JOBELE PHC,,,,,,,
6977,SWZ,OYO,AFIJO,AWE I,,AWE PHC,,,,,,,
6978,SWZ,OYO,AFIJO,AWE II,,OKEBODA PHC,,,,,,,
6979,SWZ,OYO,AFIJO,FIDITI I,,FIDITI 1 (JAFU),,,,,,,
6980,SWZ,OYO,AFIJO,FIDITI II,,FIDITI PHC,,,,,,,
6981,SWZ,OYO,AFIJO,ILORA I,,OKEDIJI PHC,,,,,,,
6982,SWZ,OYO,AFIJO,ILORA II,,ILORA PHC,,,,,,,
6983,SWZ,OYO,AFIJO,ILORA III,,ASAJU PHC,,,,,,,
6984,SWZ,OYO,AFIJO,IMINI,,IMINI PHC,,,,,,,
6985,SWZ,OYO,AFIJO,IWARE,,IWARE PHC,,,,,,,
6986,SWZ,OYO,AKINYELE,AJIBADE/ALABATA/ELEKU RU,,OY ELEKURU PRIMARY HEALTH CENTRE,,,,,,,
6987,SWZ,OYO,AKINYELE,AKINYELE/ISABIYI/IREPODUN,,OY AKINYELE PRIMARY HEALTH CENTRE,,,,,,,
6988,SWZ,OYO,AKINYELE,ARULOGUN/ENIOSA/AROR O,,OY ARORO PHC,,,,,,,
6989,SWZ,OYO,AKINYELE,IJAYE/OJEDEJI,,OY IJAYE PRIMARY HEALTH CENTRE,,,,,,,
6990,SWZ,OYO,AKINYELE,IKEREKU,,OY IKEREKU WARD,,,,,,,
6991,SWZ,OYO,AKINYELE,IROKO,,OY IROKO PRIMARY HEALTH CENTRE,,,,,,,
6992,SWZ,OYO,AKINYELE,IWOKOTO/TALONTAN/IDI-ORO,,OY IWOKOTO HEALTH CENTRE,,,,,,,
6993,SWZ,OYO,AKINYELE,OJO-EMO/MONIYA,,MONIYA PRIMARY HEALTH CARE CENTRE,,,,,,,
6994,SWZ,OYO,AKINYELE,OJOO/AJIBODE/LANIBA,,OY OJOO PRIMARY HEALTH CENTRE,,,,,,,
6995,SWZ,OYO,AKINYELE,OLANLA/OBODA/LABODE,,OY PADE MATERNITY CENTRE,,,,,,,
6996,SWZ,OYO,AKINYELE,OLODE/AMOSUN/ONIDUNDU,,OY ONIDUDU HEALTH CENTRE,,,,,,,
6997,SWZ,OYO,AKINYELE,OLORISA-OKO/OKEGBEMI/MELE,,OY OLORISA-OKO PRIMARY HEALTH CENTRE,,,,,,,
6998,SWZ,OYO,ATIBA,AGUNPOPO I,,OKE-OLOLA PHC,,,,,,,
6999,SWZ,OYO,ATIBA,AGUNPOPO II,,IJAWAYA HEALTH CLINIC,,,,,,,
7000,SWZ,OYO,ATIBA,AGUNPOPO III,,BOROBORO HEALTH CLINIC,,,,,,,
7001,SWZ,OYO,ATIBA,AREMO,,AREMO HEALTH CLINIC,,,,,,,
7002,SWZ,OYO,ATIBA,ASHIPA I,,OKEOROKI HEALTH CLINIC,,,,,,,
7003,SWZ,OYO,ATIBA,ASHIPA II,,KOSO PHC,,,,,,,
7004,SWZ,OYO,ATIBA,ASHIPA III,,OTEFON HEALTH CLINIC,,,,,,,
7005,SWZ,OYO,ATIBA,BASHORUN,,BASORUN HEALTH CLINIC,,,,,,,
7006,SWZ,OYO,ATIBA,OKE AFIN I,,AAFIN PHC,,,,,,,
7007,SWZ,OYO,ATIBA,OKE AFIN II,,AAFIN HEALTH CLINIC,,,,,,,
7008,SWZ,OYO,ATISBO,AGO-ARE I,,AGOARE PHC,,,,,,,
7009,SWZ,OYO,ATISBO,AGO-ARE II,,AGO ARE MODEL PRIMARY HEALTH CARE,,,,,,,
7010,SWZ,OYO,ATISBO,ALAGA,,ADEOYE PHC,,,,,,,
7011,SWZ,OYO,ATISBO,BASHI,,BAASI PHC,,,,,,,
7012,SWZ,OYO,ATISBO,IRAWO ILE,,IRAWO OWODE PHC,,,,,,,
7013,SWZ,OYO,ATISBO,IRAWO OWODE,,IRAWO OWODE PHC,,,,,,,
7014,SWZ,OYO,ATISBO,OFIKI,,OFIKI PHC,,,,,,,
7015,SWZ,OYO,ATISBO,OWO/AGUNREGE/SABE,,AGUNREGE PHC,,,,,,,
7016,SWZ,OYO,ATISBO,TEDE I,,TEDE PHC,,,,,,,
7017,SWZ,OYO,ATISBO,TEDE II,,TEDE CHC,,,,,,,
7018,SWZ,OYO,EGBEDA,AYEDE/ALUGBO/KOLOKO,,AYEDE H/F,,,,,,,
7019,SWZ,OYO,EGBEDA,EGBEDA,,KAJEREPO PHC,,,,,,,
7020,SWZ,OYO,EGBEDA,ERUMU,,ERUNMU PHC,,,,,,,
7021,SWZ,OYO,EGBEDA,MONATAN,,APETE  PRIMARY HEALTH CENTRE,,,,,,,
7022,SWZ,OYO,EGBEDA,OLODAN/AJIWOGBO,,AJIWOGBO H/C,,,,,,,
7023,SWZ,OYO,EGBEDA,OLODE/ALAKIA,,ALAKIA PHC,,,,,,,
7024,SWZ,OYO,EGBEDA,OLODO/KUMAPAYI I,,KUMAPAYI PHC,,,,,,,
7025,SWZ,OYO,EGBEDA,OLUBADAN WARD,,OREMEJI PHC,,,,,,,
7026,SWZ,OYO,EGBEDA,OSEGERE WARD,,OLUKEYE/ASEJIRE PRIMARY HEALTH CENTRE,,,,,,,
7027,SWZ,OYO,EGBEDA,OWOBAALE/KASUMU,,OWOBALE PHC,,,,,,,
7028,SWZ,OYO,EGBEDA,WAKAJAYE WARD,,WAKAJAYE PRIMARY HEALTH CENTRE,,,,,,,
7029,SWZ,OYO,IBADAN NORTH,AGBOWO,,AGBOWO PHC,,,,,,,
7030,SWZ,OYO,IBADAN NORTH,AGODI,,IDI OGUNGUN,,,,,,,
7031,SWZ,OYO,IBADAN NORTH,AGO-TAPA,,AGO TAPA,,,,,,,
7032,SWZ,OYO,IBADAN NORTH,BASORUN,,BASORUN,,,,,,,
7033,SWZ,OYO,IBADAN NORTH,INALENDE,,AJOSE PHC,,,,,,,
7034,SWZ,OYO,IBADAN NORTH,OKE ARE,,OKE ARE,,,,,,,
7035,SWZ,OYO,IBADAN NORTH,OKE-ITUN,,OKE ITUNU PHC,,,,,,,
7036,SWZ,OYO,IBADAN NORTH,OLD BODIJA,,OBASA PHC,,,,,,,
7037,SWZ,OYO,IBADAN NORTH,SABO,,SABO PHC,,,,,,,
7038,SWZ,OYO,IBADAN NORTH,SAMANDA,,SAMANDA PHC,,,,,,,
7039,SWZ,OYO,IBADAN NORTH,SANGO,,SANGO PHC (AKOREDE),,,,,,,
7040,SWZ,OYO,IBADAN NORTH,YEMETU/OKE APON PHC,,YEMETU/OKE -APON,,,,,,,
7041,SWZ,OYO,IBADAN NORTH EAST,BASORUN,,IWO ROAD PRIMARY HEALTH CENTER,,,,,,,
7042,SWZ,OYO,IBADAN NORTH EAST,IREFIN,,IREFIN BABASALE,,,,,,,
7043,SWZ,OYO,IBADAN NORTH EAST,OKE ADU,,OKE ADU PRIMARY HEALTH CENTER,,,,,,,
7044,SWZ,OYO,IBADAN NORTH EAST,WARD E1,,OĢBORI EFON PRIMARY HEALTH CARE CENTER,,,,,,,
7045,SWZ,OYO,IBADAN NORTH EAST,WARD E1,,ODO-OSUN HEALTH POST,,,,,,,
7046,SWZ,OYO,IBADAN NORTH EAST,WARD E3,,APOLOGIES HEALTH CENTRE,,,,,,,
7047,SWZ,OYO,IBADAN NORTH EAST,WARD E4,,OMOWUMI PHC,,,,,,,
7048,SWZ,OYO,IBADAN NORTH EAST,WARD E6,,OJE ELEWA PHC,,,,,,,
7049,SWZ,OYO,IBADAN NORTH EAST,WARD E6,,ALAFARA PHC,,,,,,,
7050,SWZ,OYO,IBADAN NORTH EAST,WARD E7I,,ATIPE PRIMARY HEALTH CENTER ,,,,,,,
7051,SWZ,OYO,IBADAN NORTH EAST,WARD E8,,ODE AJE HEALTH  CENTER,,,,,,,
7052,SWZ,OYO,IBADAN NORTH EAST,WARD E9I,,AYEKALE PRIMARY  HEALTH CENTRE,,,,,,,
7053,SWZ,OYO,IBADAN NORTH WEST,WARD 10 NW7,,OKESENI H/C,,,,,,,
7054,SWZ,OYO,IBADAN NORTH WEST,WARD 11 NW7,,AYEYE PHC,,,,,,,
7055,SWZ,OYO,IBADAN NORTH WEST,WARD 2 NI(PART2),,ORI-ERU PHC,,,,,,,
7056,SWZ,OYO,IBADAN NORTH WEST,WARD 3 NW1,,OPOYEOSA PHC,,,,,,,
7057,SWZ,OYO,IBADAN NORTH WEST,WARD 4 N1(PART2),,ONIYANRIN CHC,,,,,,,
7058,SWZ,OYO,IBADAN NORTH WEST,WARD 5 NW3(PART1),,OGUNPA PHC,,,,,,,
7059,SWZ,OYO,IBADAN NORTH WEST,WARD 6 NW3 (PART1),,KOSEUNTI PHC,,,,,,,
7060,SWZ,OYO,IBADAN NORTH WEST,WARD 7 NW4,,ELEYELE PHC,,,,,,,
7061,SWZ,OYO,IBADAN NORTH WEST,WARD 8 NW5,,AGBAJE H/C,,,,,,,
7062,SWZ,OYO,IBADAN NORTH WEST,WARD 9 NW6,,ONIREKE PHC,,,,,,,
7063,SWZ,OYO,IBADAN SOUTH EAST,C1,,AGBONGBON PHC,,,,,,,
7064,SWZ,OYO,IBADAN SOUTH EAST,KOBOMOJE,,KOBOMOJE HEALTH CENTRE ,,,,,,,
7065,SWZ,OYO,IBADAN SOUTH EAST,S1,,OMIYALE PHC,,,,,,,
7066,SWZ,OYO,IBADAN SOUTH EAST,S2A,,MAPO PHC,,,,,,,
7067,SWZ,OYO,IBADAN SOUTH EAST,S3,,BOLUWAJI PHC,,,,,,,
7068,SWZ,OYO,IBADAN SOUTH EAST,S4A,,ORANMIYAN PHC,,,,,,,
7069,SWZ,OYO,IBADAN SOUTH EAST,S4B,,EYIN GRAMMER PHC,,,,,,,
7070,SWZ,OYO,IBADAN SOUTH EAST,S5,,ORITAPERIN H/C,,,,,,,
7071,SWZ,OYO,IBADAN SOUTH EAST,S6A,,ELEKURO H/C,,,,,,,
7072,SWZ,OYO,IBADAN SOUTH EAST,S6B,,RAJI AKANDE H/C,,,,,,,
7073,SWZ,OYO,IBADAN SOUTH EAST,S7A,,OWODE PHC,,,,,,,
7074,SWZ,OYO,IBADAN SOUTH EAST,S7B,,ORITA H/C,,,,,,,
7075,SWZ,OYO,IBADAN SOUTH EAST,SB2,,ODINJO PHC,,,,,,,
7076,SWZ,OYO,IBADAN SOUTH WEST,SW1,,AKERE PHC,,,,,,,
7077,SWZ,OYO,IBADAN SOUTH WEST,SW2,,ISALE OSI PHC,,,,,,,
7078,SWZ,OYO,IBADAN SOUTH WEST,SW3,,KOSOSI PHC,,,,,,,
7079,SWZ,OYO,IBADAN SOUTH WEST,SW4,,BODE PHC,,,,,,,
7080,SWZ,OYO,IBADAN SOUTH WEST,SW5,,AKURO PHC,,,,,,,
7081,SWZ,OYO,IBADAN SOUTH WEST,SW6,,FOKO PHC,,,,,,,
7082,SWZ,OYO,IBADAN SOUTH WEST,SW7,,AGBOKOJO PHC,,,,,,,
7083,SWZ,OYO,IBADAN SOUTH WEST,SW9(1),,MOLETE PHC,,,,,,,
7084,SWZ,OYO,IBADAN SOUTH WEST,WARD 10,,SHARP CORNER PHC,,,,,,,
7085,SWZ,OYO,IBADAN SOUTH WEST,WARD 11,,AWODIFE PHC ,,,,,,,
7086,SWZ,OYO,IBADAN SOUTH WEST,WARD 12,,ADIFASE PHC,,,,,,,
7087,SWZ,OYO,IBADAN SOUTH WEST,WARD 8,,OKE-BOLA PHC,,,,,,,
7088,SWZ,OYO,IBARAPA CENTRAL,IBEREKODO/AGOORO,,AKERORO H/C,,,,,,,
7089,SWZ,OYO,IBARAPA CENTRAL,IBEREKODO/PATAOJU,,SEKERE HC,,,,,,,
7090,SWZ,OYO,IBARAPA CENTRAL,IDERE II ONIGBIO,,OY OKE OBA WARD 2,,,,,,,
7091,SWZ,OYO,IBARAPA CENTRAL,IDERE III (KOSO/APA),,TOBALOGBO PHC,,,,,,,
7092,SWZ,OYO,IBARAPA CENTRAL,IDERE MOLETE,,IDERE PHC,,,,,,,
7093,SWZ,OYO,IBARAPA CENTRAL,IDOFIN/SAGAN-UN,,OY IDOFIN WARD 6,,,,,,,
7094,SWZ,OYO,IBARAPA CENTRAL,IGBOLE-PAKO,,OY IGBOLE WARD 7,,,,,,,
7095,SWZ,OYO,IBARAPA CENTRAL,ISALE OBA,,OY ISALE OBA WARD 8,,,,,,,
7096,SWZ,OYO,IBARAPA CENTRAL,OKE- ISERIN 1&11,,KONDO H/C,,,,,,,
7097,SWZ,OYO,IBARAPA CENTRAL,OKE- ODO,,OY OKE ODO WARD 10,,,,,,,
7098,SWZ,OYO,IBARAPA EAST,ERUWA I,,ANKO PHC,,,,,,,
7099,SWZ,OYO,IBARAPA EAST,ERUWA II,,OKE-OLA PHC,,,,,,,
7100,SWZ,OYO,IBARAPA EAST,ERUWA III,,OKE OBA PHC,,,,,,,
7101,SWZ,OYO,IBARAPA EAST,ERUWA IV,,NEW- ERUWA PHC,,,,,,,
7102,SWZ,OYO,IBARAPA EAST,ERUWA V,,OKE-IMALE PHC,,,,,,,
7103,SWZ,OYO,IBARAPA EAST,ERUWA VI,,MAYA PHC,,,,,,,
7104,SWZ,OYO,IBARAPA EAST,LANLATE I,,TEMIDIRE PHC,,,,,,,
7105,SWZ,OYO,IBARAPA EAST,LANLATE II,,OKOLO PHC,,,,,,,
7106,SWZ,OYO,IBARAPA EAST,LANLATE III,,ALAPA PHC,,,,,,,
7107,SWZ,OYO,IBARAPA EAST,LANLATE IV,,OWODE PHC,,,,,,,
7108,SWZ,OYO,IBARAPA NORTH,AYETE I,,KAJOLA PHC,,,,,,,
7109,SWZ,OYO,IBARAPA NORTH,AYETE II,,AYETE PHC,,,,,,,
7110,SWZ,OYO,IBARAPA NORTH,IGANGAN I,,ASUNNARA PHC,,,,,,,
7111,SWZ,OYO,IBARAPA NORTH,IGANGAN II,,IGANGAN 6 BED,,,,,,,
7112,SWZ,OYO,IBARAPA NORTH,IGANGAN III,,OKE-OLA PHC,,,,,,,
7113,SWZ,OYO,IBARAPA NORTH,IGANGAN IV,,IDIOPE MDGS IGANGAN,,,,,,,
7114,SWZ,OYO,IBARAPA NORTH,OFIKI I,,ALABI PHC,,,,,,,
7115,SWZ,OYO,IBARAPA NORTH,OFIKI II,,IDIYAN PHC,,,,,,,
7116,SWZ,OYO,IBARAPA NORTH,TAPA I,,TAPA PHC,,,,,,,
7117,SWZ,OYO,IBARAPA NORTH,TAPA II,,TAPA 6 BED HOSPITAL,,,,,,,
7118,SWZ,OYO,IDO,ABAEMO/ILAJU/ALAKO,,ILAJU H/P,,,,,,,
7119,SWZ,OYO,IDO,AKINWARE/AKANDE,,AKINWARE PHC,,,,,,,
7120,SWZ,OYO,IDO,AKUFO/IDIGBA/ARAROMI,,AKUFO H/C,,,,,,,
7121,SWZ,OYO,IDO,APETE/AYEGUN/AWOTAN,,APETE H/C,,,,,,,
7122,SWZ,OYO,IDO,BATAKE/IDI-IYA,,LADUNNI H/C,,,,,,,
7123,SWZ,OYO,IDO,ERINWUSI/KOGUO,,KOGUO H/P,,,,,,,
7124,SWZ,OYO,IDO,FENWA/OGANLA/ELENUSONSO GBEKUBA ),,ALADA PHC,,,,,,,
7125,SWZ,OYO,IDO,IDO/ONIKEDE/OKUNA-AWO,,IDO PHC,,,,,,,
7126,SWZ,OYO,IDO,OGUNDELE/APATA/SIBA/IDI-AHUN,,ELEBU PHC,,,,,,,
7127,SWZ,OYO,IDO,OMI ADIO/OMI-ONIGBAGBO/BAKATARI,,OMI-ADIO H/C,,,,,,,
7128,SWZ,OYO,IREPO,AGORO,,AJANGBA PHC,,,,,,,
7129,SWZ,OYO,IREPO,AJAGUNNA,,MOLETE/EHINKE PHC,,,,,,,
7130,SWZ,OYO,IREPO,ATIPA,,ATIPA PHC,,,,,,,
7131,SWZ,OYO,IREPO,IBA I,,AGEDE PHC,,,,,,,
7132,SWZ,OYO,IREPO,IBA II,,OLORUNSOGO PHC,,,,,,,
7133,SWZ,OYO,IREPO,IBA III,,KOSO PHC,,,,,,,
7134,SWZ,OYO,IREPO,IBA IV,,MAPO PHC,,,,,,,
7135,SWZ,OYO,IREPO,IBA V,,TEGE/OWODE PHC,,,,,,,
7136,SWZ,OYO,IREPO,IKOLABA,,ADAGBANGBA PHC,,,,,,,
7137,SWZ,OYO,IREPO,LAHA/AJANA,,LAHA/AJANA PHC,,,,,,,
7138,SWZ,OYO,ISEYIN,ADO-AWAYE,,ADO-AWAYE PHC,,,,,,,
7139,SWZ,OYO,ISEYIN,EKUNLE I,,ODE-OBA PHC,,,,,,,
7140,SWZ,OYO,ISEYIN,EKUNLE II,,ABA SERAFU MODEL PHC,,,,,,,
7141,SWZ,OYO,ISEYIN,FARAMORA,,FARAMORA PHC,,,,,,,
7142,SWZ,OYO,ISEYIN,ISALU I,,OPOPOOLORO PHC,,,,,,,
7143,SWZ,OYO,ISEYIN,ISALU II,,ISALU PHC,,,,,,,
7144,SWZ,OYO,ISEYIN,KOSOI,,KOSO PHC,,,,,,,
7145,SWZ,OYO,ISEYIN,KOSOII,,ILADO PHC,,,,,,,
7146,SWZ,OYO,ISEYIN,LADOGAN/OKE EYIN,,OLUGBADE PHC,,,,,,,
7147,SWZ,OYO,ISEYIN,"OKE OLA, OKE OJA",,OKE-OLA PHC,,,,,,,
7148,SWZ,OYO,ISEYIN,OSOOGUN,,BISHOP AJAYI CROWTHER MEMORIAL MATERNITY CENTRE,,,,,,,
7149,SWZ,OYO,ITESIWAJU,BABAODE,,BABAODE PHC,,,,,,,
7150,SWZ,OYO,ITESIWAJU,IGBOJAYE,,IGBOJAYE PHC,,,,,,,
7151,SWZ,OYO,ITESIWAJU,IPAPO,,IPAPO CHC,,,,,,,
7152,SWZ,OYO,ITESIWAJU,KOMU,,KOMU PHC,,,,,,,
7153,SWZ,OYO,ITESIWAJU,OKA-AMU,,OKE AMU CHC,,,,,,,
7154,SWZ,OYO,ITESIWAJU,OKAKA I,,OPOO PHC,,,,,,,
7155,SWZ,OYO,ITESIWAJU,OKAKA II,,OKAKA PHC,,,,,,,
7156,SWZ,OYO,ITESIWAJU,OTU I,,OFU-IBISE PHC,,,,,,,
7157,SWZ,OYO,ITESIWAJU,OTU II,,OUT ILESAN CHC,,,,,,,
7158,SWZ,OYO,ITESIWAJU,OWODE/IPAPO,,TEMIDIRE PHC,,,,,,,
7159,SWZ,OYO,IWAJOWA,AGBAAKIN I,,OFEEGUN PHC,,,,,,,
7160,SWZ,OYO,IWAJOWA,AGBAAKIN II,,PHC IDIKO ILE,,,,,,,
7161,SWZ,OYO,IWAJOWA,IWERE ILE I,,PHC AYEGUN,,,,,,,
7162,SWZ,OYO,IWAJOWA,IWERE ILE II,,PHC IWERE-ILE,,,,,,,
7163,SWZ,OYO,IWAJOWA,IWERE ILE III,,IDIKO-AGO PHC,,,,,,,
7164,SWZ,OYO,IWAJOWA,IWERE ILE IV,,PHC JOLOKO,,,,,,,
7165,SWZ,OYO,IWAJOWA,SABIGANA I,,HEALTH POST AJINATI,,,,,,,
7166,SWZ,OYO,IWAJOWA,SABIGANA II,,PHC ELEKOKAN,,,,,,,
7167,SWZ,OYO,IWAJOWA,SABIGANA III,,HEALTH POST SABIGANNA,,,,,,,
7168,SWZ,OYO,IWAJOWA,SABIGANA IV,,OY HEALTH POST AYEDE,,,,,,,
7169,SWZ,OYO,KAJOLA,AYETORO OKE,,AYETORO OKE PHC,,,,,,,
7170,SWZ,OYO,KAJOLA,ELERO,,ELERO PHC,,,,,,,
7171,SWZ,OYO,KAJOLA,GBELEKALE I&II,,AGBAGI PHC,,,,,,,
7172,SWZ,OYO,KAJOLA,GBONJE/OLELE,,GBONJE PHC,,,,,,,
7173,SWZ,OYO,KAJOLA,IBA-OGAN,,BODE PHC,,,,,,,
7174,SWZ,OYO,KAJOLA,IJO,,IJO PHC,,,,,,,
7175,SWZ,OYO,KAJOLA,ILAJI-OKE/IWERE-OKE,,ILAJI-OKE PHC,,,,,,,
7176,SWZ,OYO,KAJOLA,IMOBA/OKEOGUN,,IMOBA OKEOGUN HEALTH POST,,,,,,,
7177,SWZ,OYO,KAJOLA,ISEMI-ILE/IMIA/ILUA,,ISEMI-ILE PHC,,,,,,,
7178,SWZ,OYO,KAJOLA,ISIA,,ISIA PHC,,,,,,,
7179,SWZ,OYO,KAJOLA,KAJOLA,,KAJOLA PHC,,,,,,,
7180,SWZ,OYO,LAGELU,EJIOKU/IGBON/ARIKU,,EJIOKU PHC,,,,,,,
7181,SWZ,OYO,LAGELU,LALUPON I,,LALUPON PHC,,,,,,,
7182,SWZ,OYO,LAGELU,LALUPON II,,MOLUNKAN H/C,,,,,,,
7183,SWZ,OYO,LAGELU,LALUPON III,,ISOKAN PHC ,,,,,,,
7184,SWZ,OYO,LAGELU,MONATAN/IYANACHURCH,,MONATAN PRIMARY HEALTH CARE CENTRE ,,,,,,,
7185,SWZ,OYO,LAGELU,OFA IGBO,,OFFA IGBO PHC,,,,,,,
7186,SWZ,OYO,LAGELU,OLORUNDA 1,,ALEGONGO PHC ,,,,,,,
7187,SWZ,OYO,LAGELU,OLORUNDA 2,,OLORUNDA PHC,,,,,,,
7188,SWZ,OYO,LAGELU,OLOWODE PHC,,OLOWODE PHC,,,,,,,
7189,SWZ,OYO,LAGELU,ORE 1,,APATERE PRIMARY HEALTH CENTRE,,,,,,,
7190,SWZ,OYO,LAGELU,ORE 2,,LAGUN PHC,,,,,,,
7191,SWZ,OYO,LAGELU,OYEDEJI 2,,OGUNREMI  PRIMARY HEALTH CARE CENTRE,,,,,,,
7192,SWZ,OYO,LAGELU,OYEDEJI 3,,OYEDEJI PHC,,,,,,,
7193,SWZ,OYO,LAGELU,OYEDEJI 4,,KURE PRIMARY HEALTH CARE CENTRE,,,,,,,
7194,SWZ,OYO,OGBOMOSHO NORTH,AAJE/OGUNBADO/OKE AGBEDE,,ITA AJE HEALTH CENTRE,,,,,,,
7195,SWZ,OYO,OGBOMOSHO NORTH,ABOGUNDE,,BAAKI PHC,,,,,,,
7196,SWZ,OYO,OGBOMOSHO NORTH,ISALE AFAN,,IBRAHIM TAIWO PHC,,,,,,,
7197,SWZ,OYO,OGBOMOSHO NORTH,ISALE ALAASA,,OJUDE ALASA HEALTH CENTRE,,,,,,,
7198,SWZ,OYO,OGBOMOSHO NORTH,ISALE ORA/SAJA,,ADUN-IN PHC,,,,,,,
7199,SWZ,OYO,OGBOMOSHO NORTH,JAGUN,,JAGUN PHC,,,,,,,
7200,SWZ,OYO,OGBOMOSHO NORTH,OGUODO/MASIFA,,MASIFA PHC,,,,,,,
7201,SWZ,OYO,OGBOMOSHO NORTH,OKELERIN,,OKELERIN PHC,,,,,,,
7202,SWZ,OYO,OGBOMOSHO NORTH,OSUPA,,OSUPA PHC,,,,,,,
7203,SWZ,OYO,OGBOMOSHO NORTH,SABO/TARA,,TARAA PHC,,,,,,,
7204,SWZ,OYO,OGBOMOSHO SOUTH,AKATA,,AKATA H/P,,,,,,,
7205,SWZ,OYO,OGBOMOSHO SOUTH,ALAPATA,,ALAPATA HEALTH POST,,,,,,,
7206,SWZ,OYO,OGBOMOSHO SOUTH,AROWOMOLE,,AROMOLE MODEL PHC,,,,,,,
7207,SWZ,OYO,OGBOMOSHO SOUTH,IBAPON,,ADEBAYO ALATA PHC,,,,,,,
7208,SWZ,OYO,OGBOMOSHO SOUTH,IJERU I,,IJERU 1 PHC,,,,,,,
7209,SWZ,OYO,OGBOMOSHO SOUTH,IJERU II,,IJERU HEALTH POST,,,,,,,
7210,SWZ,OYO,OGBOMOSHO SOUTH,ILOGBO,,ILOGBO PHC,,,,,,,
7211,SWZ,OYO,OGBOMOSHO SOUTH,ISOKO,,ISOKO HEALTH POST,,,,,,,
7212,SWZ,OYO,OGBOMOSHO SOUTH,LAGBEDU,,LAGBEDU HEALTH POST,,,,,,,
7213,SWZ,OYO,OGBOMOSHO SOUTH,OKE OLA/FARM SETTLEMENT,,OKEOLLA HEALTH POST,,,,,,,
7214,SWZ,OYO,OGO OLUWA,AJAAWA I,,"MODEL PHC, AJAWA",,,,,,,
7215,SWZ,OYO,OGO OLUWA,AJAAWA II,,OJUTAYE PHC,,,,,,,
7216,SWZ,OYO,OGO OLUWA,AYEDE,,AYEDE PHC,,,,,,,
7217,SWZ,OYO,OGO OLUWA,AYETORO,,IROO H/F,,,,,,,
7218,SWZ,OYO,OGO OLUWA,IDEWURE,,IDEWURE H/F,,,,,,,
7219,SWZ,OYO,OGO OLUWA,MOWOLOWO/IWO ATE,,IWO ATE H/F,,,,,,,
7220,SWZ,OYO,OGO OLUWA,ODO – OBA,,ODO-OBA PHC,,,,,,,
7221,SWZ,OYO,OGO OLUWA,OPETE,,ORILEOJE H/F,,,,,,,
7222,SWZ,OYO,OGO OLUWA,OTAMOKUN,,OTAMOKUN H/F,,,,,,,
7223,SWZ,OYO,OLORUNSOGO,ABOKE(ABOYUN OGUN),,OWODE PHC,,,,,,,
7224,SWZ,OYO,OLORUNSOGO,AGBELE,,OLOGBON PHC,,,,,,,
7225,SWZ,OYO,OLORUNSOGO,AGBENI WARD,,OKE LBUKUN  PHC,,,,,,,
7226,SWZ,OYO,OLORUNSOGO,AGORO WARD 5,,ASUNMODE PHC,,,,,,,
7227,SWZ,OYO,OLORUNSOGO,ELERUGBA/EHINKE,,HEALTH IS WEALTH CLINIC,,,,,,,
7228,SWZ,OYO,OLORUNSOGO,IKOLABA/OBADIMO,,IKOLABA PHC,,,,,,,
7229,SWZ,OYO,OLORUNSOGO,ONIGBETI III & IV,,OKE ABE PHC,,,,,,,
7230,SWZ,OYO,OLORUNSOGO,OPA/OGUNNIYI,,TESI GARUBA HEALTH CLINIC,,,,,,,
7231,SWZ,OYO,OLORUNSOGO,SERIKI,,OJU OJA PRIMARY HEALTH CENTRE,,,,,,,
7232,SWZ,OYO,OLORUNSOGO,WARO/APATA ALAJE,,MOTI PRIMARY HEALTH CENTRE,,,,,,,
7233,SWZ,OYO,OLUYOLE,AYEGUN,,AYEGUN PRIMARY HEALTH CENTRE,,,,,,,
7234,SWZ,OYO,OLUYOLE,IDI OSAN/EGBEDA ATUBA,,AYETORO PHC,,,,,,,
7235,SWZ,OYO,OLUYOLE,IDIROKO/IKEREKU,,BARE PRIMARY HEALTH CENTER,,,,,,,
7236,SWZ,OYO,OLUYOLE,MOSLEM/OGBERE,,IFELODUN PHC,,,,,,,
7237,SWZ,OYO,OLUYOLE,ODO ONA NLA,,ODO ONA ELEWE PRIMARY HEALTH CENTRE,,,,,,,
7238,SWZ,OYO,OLUYOLE,OKAHINDE/LATUNDE,,LATUNDE PRIMARY HEALTH CENTRE,,,,,,,
7239,SWZ,OYO,OLUYOLE,OLOMI/OLURINDE,,ADARAMAGBO OLOMI PRIMARY HEALTH CENTRE,,,,,,,
7240,SWZ,OYO,OLUYOLE,OLONDE/ABANLA,,OJA IBADAN PHC,,,,,,,
7241,SWZ,OYO,OLUYOLE,ONIPE,,ONIPE PRIMARY HEALTH CENTRE,,,,,,,
7242,SWZ,OYO,OLUYOLE,ORISUNBARE/OJO EKUN,,IDI AYUNRE PHC,,,,,,,
7243,SWZ,OYO,ONA ARA,AKANRAN/OLORUNDA,,AKANRAN PHC,,,,,,,
7244,SWZ,OYO,ONA ARA,BADEKU,,BADEKU PHC,,,,,,,
7245,SWZ,OYO,ONA ARA,GBADA-EFON,,GBADA PHC,,,,,,,
7246,SWZ,OYO,ONA ARA,ODI ODEYALE/ODI-APERIN,,KAJOLA PHC,,,,,,,
7247,SWZ,OYO,ONA ARA,OGBERE,,GBAREMU PHC,,,,,,,
7248,SWZ,OYO,ONA ARA,OGBERE TIOYA,,AMULOKO PHC,,,,,,,
7249,SWZ,OYO,ONA ARA,OJOKU/AJIA,,AJIA PHC,,,,,,,
7250,SWZ,OYO,ONA ARA,OLODE/GBEDUN/OJEBODE,,GBEDUN PHC,,,,,,,
7251,SWZ,OYO,ONA ARA,OLORUNSOGO,,OLORUNSOGO-BABARERE PHC,,,,,,,
7252,SWZ,OYO,ONA ARA,ONA-ARA,,OKE IMOLE PHC,,,,,,,
7253,SWZ,OYO,ONA ARA,OREMEJI/AGUGU,,SARAT ADESINA PHC,,,,,,,
7254,SWZ,OYO,ORELOPE,AARE,,IYA OWODE PHC,,,,,,,
7255,SWZ,OYO,ORELOPE,BONNI,,BONNI PHC,,,,,,,
7256,SWZ,OYO,ORELOPE,IGBOPE/IYEYE I,,IGBOPE PHC,,,,,,,
7257,SWZ,OYO,ORELOPE,IGBOPE/IYEYE II,,MODEKE PHC,,,,,,,
7258,SWZ,OYO,ORELOPE,IGI – ISUBU,,MAFOWOKU PHC,,,,,,,
7259,SWZ,OYO,ORELOPE,IYAA PHC,,IYAA PHC,,,,,,,
7260,SWZ,OYO,ORELOPE,OKE AFIN ,,KAJOLA PHC ,,,,,,,
7261,SWZ,OYO,ORELOPE,ONIBODE I,,OPOO PHC,,,,,,,
7262,SWZ,OYO,ORELOPE,ONIBODE III,,OLOKO PHC,,,,,,,
7263,SWZ,OYO,ORELOPE,ONIGBOHO/ALOMO/OKERE,,OLOGEDE PHC,,,,,,,
7264,SWZ,OYO,ORI IRE,ORIIRE I,,IKOYI ILE PHC,,,,,,,
7265,SWZ,OYO,ORI IRE,ORIIRE II,,TEWURE PHC,,,,,,,
7266,SWZ,OYO,ORI IRE,ORIIRE III,,ADAFILA PHC,,,,,,,
7267,SWZ,OYO,ORI IRE,ORIIRE III,,ADAFILA PHC,,,,,,,
7268,SWZ,OYO,ORI IRE,ORIIRE IX,,ALAROPO NLA PHC,,,,,,,
7269,SWZ,OYO,ORI IRE,ORIIRE V,,OLOKA PHC,,,,,,,
7270,SWZ,OYO,ORI IRE,ORIIRE VI,,IGBORI PHC,,,,,,,
7271,SWZ,OYO,ORI IRE,ORIIRE VII,,OOLO PHC,,,,,,,
7272,SWZ,OYO,ORI IRE,ORIIRE VIII,,APHRODADA PHC,,,,,,,
7273,SWZ,OYO,ORI IRE,ORIIRE X,,ELESUN PHC,,,,,,,
7274,SWZ,OYO,OYO EAST,AGBOYE/MOLETE,,AGBOYE HEALTH CENTRE,,,,,,,
7275,SWZ,OYO,OYO EAST,AJAGBA,,AJAGBA HEALTH CENTRE,,,,,,,
7276,SWZ,OYO,OYO EAST,ALAODI/MODEKE,,ALAODI-MODAKEKE HEALTH CENTRE,,,,,,,
7277,SWZ,OYO,OYO EAST,APAARA,,AYEDOYIN HEALTH CENTRE,,,,,,,
7278,SWZ,OYO,OYO EAST,APINNI,,ONA-AKA IGBA-OGA HEALTH CENTRE,,,,,,,
7279,SWZ,OYO,OYO EAST,BALOGUN,,ALAWUSA HEALTH CENTRE,,,,,,,
7280,SWZ,OYO,OYO EAST,JABATA,,JABATA HEALTH CENTRE,,,,,,,
7281,SWZ,OYO,OYO EAST,OKE APO,,OKE-APO PRIMARY HEALTH CENTRE,,,,,,,
7282,SWZ,OYO,OYO EAST,OLUAJO,,IDI-IYA HEALTH CENTRE,,,,,,,
7283,SWZ,OYO,OYO EAST,OWODE/ARAROMI,,OBA ADEYEMI PRIMARY HEALTH CARE CENTRE,,,,,,,
7284,SWZ,OYO,OYO WEST,AJOKIDERO/AKEUGBERU,,AJOKIDERO HEALTH POST,,,,,,,
7285,SWZ,OYO,OYO WEST,AKEETAN,,AKEETAN H/C,,,,,,,
7286,SWZ,OYO,OYO WEST,FASOLA/SOKU,,FASOLA PHC,,,,,,,
7287,SWZ,OYO,OYO WEST,ISEKE,,ISEKE PHC,,,,,,,
7288,SWZ,OYO,OYO WEST,ISOKUN I,,ISOKUN H/C,,,,,,,
7289,SWZ,OYO,OYO WEST,ISOKUN II,,LADINDIN H/C,,,,,,,
7290,SWZ,OYO,OYO WEST,IYAJI,,IYAJI H/C,,,,,,,
7291,SWZ,OYO,OYO WEST,OPAPA,,KOLOBO PHC,,,,,,,
7292,SWZ,OYO,OYO WEST,OWODE,,LADIGBOLU H/C,,,,,,,
7293,SWZ,OYO,OYO WEST,PAKOYI/IDODE,,PAKOYI H/C,,,,,,,
7294,SWZ,OYO,SAKI EAST,AGBONLE,,AROLU PHC,,,,,,,
7295,SWZ,OYO,SAKI EAST,AGO-AMODU I,,ALADURA PHC,,,,,,,
7296,SWZ,OYO,SAKI EAST,AGO-AMODU II,,AGO AMODU PHC,,,,,,,
7297,SWZ,OYO,SAKI EAST,OGOBOORO I,,MODEL PHC OGBOORO,,,,,,,
7298,SWZ,OYO,SAKI EAST,OGOBOORO II,,CHC ISALE IGBAGBO PHC,,,,,,,
7299,SWZ,OYO,SAKI EAST,OJE-OWODE II,,OJE OWODE MODEL,,,,,,,
7300,SWZ,OYO,SAKI EAST,OJE-OWODE II,,OJE OWODE PHC,,,,,,,
7301,SWZ,OYO,SAKI EAST,SEPETERI I,,SEPETERI PHC,,,,,,,
7302,SWZ,OYO,SAKI EAST,SEPETERI III,,ARAROMI PHC,,,,,,,
7303,SWZ,OYO,SAKI EAST,SEPETERI IV,,ISALE OLA PHC,,,,,,,
7304,SWZ,OYO,SAKI EAST,SEPETERI IV,,LUKUTU PHC,,,,,,,
7305,SWZ,OYO,SAKI WEST,AGANMU/KOOKO,,OY KOOKO PRIMARY HEALTH CENTRE,,,,,,,
7306,SWZ,OYO,SAKI WEST,AJEGUNLE,,OY AJEGUNLE PRIMARY HEALTH CENTRE,,,,,,,
7307,SWZ,OYO,SAKI WEST,EKOKAN/ILUA,,OY EKO - KAN PRIMARY HEALTH CENTRE,,,,,,,
7308,SWZ,OYO,SAKI WEST,ISALE EFII,,ISALE EFII PHC,,,,,,,
7309,SWZ,OYO,SAKI WEST,IYA,,OY MOKOLA PRIMARY HEALTH CENTRE,,,,,,,
7310,SWZ,OYO,SAKI WEST,OGIDIGBO/KINNIKINNI,,OY OGIDIGBO PRIMARY HEALTH CENTRE,,,,,,,
7311,SWZ,OYO,SAKI WEST,OKE-ORO,,OY ISALE TABA PRIMARY HEALTH CENTRE,,,,,,,
7312,SWZ,OYO,SAKI WEST,OKERE I/ ADABO 1,,ADABO PHC,,,,,,,
7313,SWZ,OYO,SAKI WEST,OTUN/ISIA,,CHALLENGE PHC,,,,,,,
7314,SWZ,OYO,SAKI WEST,SANGO,,SANGO PRIMARY HEALTH CARE CENTRE,,,,,,,
7315,SWZ,OYO,SAKI WEST,SANGOTE/BOODA/ILUA,,OY BAABO PRIMARY HEALTH CENTRE,,,,,,,
7316,SWZ,OYO,SURULERE,AROLU,,OY AROLU PRIMARY HEALTH CENTRE,,,,,,,
7317,SWZ,OYO,SURULERE,BAYA – OJE,,OY BAAYA OJE PRIMARY HEALTH CENTRE,,,,,,,
7318,SWZ,OYO,SURULERE,IGBON/GAMBARI,,OY GAMBARI PRIMARY HEALTH CENTRE,,,,,,,
7319,SWZ,OYO,SURULERE,ILAJUE,,OY LAEGE PRIMARY HEALTH CENTRE,,,,,,,
7320,SWZ,OYO,SURULERE,IREGBA,,OY IREGBA PRIMARY HEALTH CENTRE,,,,,,,
7321,SWZ,OYO,SURULERE,IRESAADU,,OY IRESAADU COMPREHENSIVE HEALTH CENTRE,,,,,,,
7322,SWZ,OYO,SURULERE,IRESAAPA,,OY IRESAAPA PRIMARY HEALTH CENTRE,,,,,,,
7323,SWZ,OYO,SURULERE,IWOFIN,,OY IWOFIN PRIMARY HEALTH CENTRE,,,,,,,
7324,SWZ,OYO,SURULERE,MAYIN,,OY MAYIN PRIMARY HEALTH CENTRE,,,,,,,
7325,SWZ,OYO,SURULERE,OKO,,OY OKO MODEL PRIMARY HEALTH CENTRE,,,,,,,
7326,NCZ,PLATEAU,BARKIN LADI,GASSA/SHO,,PHC SHO,,,,,,,
7327,NCZ,PLATEAU,BARKIN LADI,GINDIN AKWATI,,PHC EXLAND,,,,,,,
7328,NCZ,PLATEAU,BARKIN LADI,HEIPANG,,PHC HEIPANG,,,,,,,
7329,NCZ,PLATEAU,BARKIN LADI,KAKPWIS,,PHC KAPWIS,,,,,,,
7330,NCZ,PLATEAU,BARKIN LADI,KURRA FALLS,,PHC KURRAFALLS,,,,,,,
7331,NCZ,PLATEAU,BARKIN LADI,LOBIRING,,PHC DOROWA BABUJE,,,,,,,
7332,NCZ,PLATEAU,BARKIN LADI,MARIT/MAZAT,,PHC MARIT,,,,,,,
7333,NCZ,PLATEAU,BARKIN LADI,RAFAN,,PHC RAPYAM,,,,,,,
7334,NCZ,PLATEAU,BARKIN LADI,RAKWOK,,SECRETARIAT PHC,,,,,,,
7335,NCZ,PLATEAU,BARKIN LADI,TAFAN,,DOROWA TSOHO PHC,,,,,,,
7336,NCZ,PLATEAU,BARKIN LADI,ZABOT,,PHC FORON,,,,,,,
7337,NCZ,PLATEAU,BASSA,BUHIT,,JEBBU BASSA,,,,,,,
7338,NCZ,PLATEAU,BASSA,BUJI,,TUMU SARARI,,,,,,,
7339,NCZ,PLATEAU,BASSA,GABIA,,KPASHO,,,,,,,
7340,NCZ,PLATEAU,BASSA,GURUM,,MISTA ALI,,,,,,,
7341,NCZ,PLATEAU,BASSA,JENGRE,,JINGRE 2,,,,,,,
7342,NCZ,PLATEAU,BASSA,KADAMO,,AMO KATAKO,,,,,,,
7343,NCZ,PLATEAU,BASSA,KAKKEK,,ZAGUN,,,,,,,
7344,NCZ,PLATEAU,BASSA,KASURU,,KAWAM,,,,,,,
7345,NCZ,PLATEAU,BASSA,KIMAKPA,,DUNDU,,,,,,,
7346,NCZ,PLATEAU,BASSA,KISHIKA,,BINCHIN,,,,,,,
7347,NCZ,PLATEAU,BASSA,MAFARA,,MAFARA 1,,,,,,,
7348,NCZ,PLATEAU,BASSA,RIMI,,RIMI,,,,,,,
7349,NCZ,PLATEAU,BASSA,TA'AGBE,,JEBBU MIANGO,,,,,,,
7350,NCZ,PLATEAU,BASSA,TAHU,,MIANGO KWASHA,,,,,,,
7351,NCZ,PLATEAU,BASSA,ZABOLLO,,ZABOLO,,,,,,,
7352,NCZ,PLATEAU,BASSA,ZOBWO,,TAAGBE,,,,,,,
7353,NCZ,PLATEAU,BOKKOS,BOKKOS,,PHC BOKKOS,,,,,,,
7354,NCZ,PLATEAU,BOKKOS,BUTURA,,PHC MAIKATAKO,,,,,,,
7355,NCZ,PLATEAU,BOKKOS,DAFFO,,PHC DAFFO,,,,,,,
7356,NCZ,PLATEAU,BOKKOS,KAMWAI,,PHC KAMWAI,,,,,,,
7357,NCZ,PLATEAU,BOKKOS,KWATAS,,PHC KWATAS,,,,,,,
7358,NCZ,PLATEAU,BOKKOS,MANGOOL,,PHC MANGOR,,,,,,,
7359,NCZ,PLATEAU,BOKKOS,MANGUNA,,PHC MANGUNA,,,,,,,
7360,NCZ,PLATEAU,BOKKOS,MBAR/MANGAR,,PHC MBAR,,,,,,,
7361,NCZ,PLATEAU,BOKKOS,MUSHERE CENTRAL,,PHC MUSHERE,,,,,,,
7362,NCZ,PLATEAU,BOKKOS,MUSHERE WEST,,PHC KABAN,,,,,,,
7363,NCZ,PLATEAU,BOKKOS,RICHA,,PHC RICHA,,,,,,,
7364,NCZ,PLATEAU,BOKKOS,SHA,,PHC SHA,,,,,,,
7365,NCZ,PLATEAU,BOKKOS,TANGOR,,PHC TANGUR MUM,,,,,,,
7366,NCZ,PLATEAU,BOKKOS,TOFF,,PHC TOFF,,,,,,,
7367,NCZ,PLATEAU,JOS EAST,FEDERE,,PHC FEDERE,,,,,,,
7368,NCZ,PLATEAU,JOS EAST,FOBUR 'A',,PHC SABON FOBUR,,,,,,,
7369,NCZ,PLATEAU,JOS EAST,FOBUR 'B',,KERKER PHC,,,,,,,
7370,NCZ,PLATEAU,JOS EAST,FURSUM,,PHC GORA,,,,,,,
7371,NCZ,PLATEAU,JOS EAST,JARAWAN KOGI,,PHC ANGWARE,,,,,,,
7372,NCZ,PLATEAU,JOS EAST,MAIGEMU,,PHC MAIGEMU,,,,,,,
7373,NCZ,PLATEAU,JOS EAST,MAIJUJU,,PHC MAIJUJU,,,,,,,
7374,NCZ,PLATEAU,JOS EAST,SHERE EAST,,PHC SHERE JANKASA,,,,,,,
7375,NCZ,PLATEAU,JOS EAST,SHERE WEST,,PHC DURBI,,,,,,,
7376,NCZ,PLATEAU,JOS EAST,ZANDI,,PHC ZANDI,,,,,,,
7377,NCZ,PLATEAU,JOS NORTH,ABBA NASHEHU,,PHC ABBA NA SHEHU,,,,,,,
7378,NCZ,PLATEAU,JOS NORTH,ALI KAZAURE,,PHC ALIKAZAURE,,,,,,,
7379,NCZ,PLATEAU,JOS NORTH,GANGARE,,PHC GANGARE,,,,,,,
7380,NCZ,PLATEAU,JOS NORTH,GARBA DAHO,,PHC GARBA DAHO,,,,,,,
7381,NCZ,PLATEAU,JOS NORTH,IBRAHIM KATSINA,,PHC CENTRE DOGON AGOGO,,,,,,,
7382,NCZ,PLATEAU,JOS NORTH,JENTA ADAMU,,PHC CENTRE JENTA ADAMU,,,,,,,
7383,NCZ,PLATEAU,JOS NORTH,JENTA APATA,,PHC JENTA APATA,,,,,,,
7384,NCZ,PLATEAU,JOS NORTH,JOS JARAWA,,PHC JOS JARAWA,,,,,,,
7385,NCZ,PLATEAU,JOS NORTH,NARAGUTA 'A',,PHC NASARAWA,,,,,,,
7386,NCZ,PLATEAU,JOS NORTH,NARAGUTA 'B',,PHC CONGO RUSSIA,,,,,,,
7387,NCZ,PLATEAU,JOS NORTH,SARKIN ARAB,,PHC CENTRE SARKIN ARAB,,,,,,,
7388,NCZ,PLATEAU,JOS NORTH,TAFAWA BALEWA,,PHC CENTRE TOWNSHIP,,,,,,,
7389,NCZ,PLATEAU,JOS NORTH,TUDUN WADA KABONG,,PHC CENTRE TUDUN WADA,,,,,,,
7390,NCZ,PLATEAU,JOS NORTH,VANDERPUYE,,PHC CLINIC VANDERPUYE,,,,,,,
7391,NCZ,PLATEAU,JOS SOUTH,BUKURU,,PHC BUKURU CENTRAL,,,,,,,
7392,NCZ,PLATEAU,JOS SOUTH,DU,,"PHC,DU",,,,,,,
7393,NCZ,PLATEAU,JOS SOUTH,GIRING,,"PHC,GIRING",,,,,,,
7394,NCZ,PLATEAU,JOS SOUTH,GYEL 'A',,"PHC,BUKURU EXPRESS",,,,,,,
7395,NCZ,PLATEAU,JOS SOUTH,GYEL 'B',,PHC NYANGO,,,,,,,
7396,NCZ,PLATEAU,JOS SOUTH,KURU 'A',,PHC DABWAK,,,,,,,
7397,NCZ,PLATEAU,JOS SOUTH,KURU 'B',,PHC GASEN DAHWAK,,,,,,,
7398,NCZ,PLATEAU,JOS SOUTH,SHEN,,PHC SHEN,,,,,,,
7399,NCZ,PLATEAU,JOS SOUTH,TURU,,PHC FARIN LAMBA,,,,,,,
7400,NCZ,PLATEAU,JOS SOUTH,VWANG,,PHC VWANG,,,,,,,
7401,NCZ,PLATEAU,JOS SOUTH,ZAWAN 'A',,PHC ZAWAN,,,,,,,
7402,NCZ,PLATEAU,JOS SOUTH,ZAWAN 'B',,PHC DIYE KYENG,,,,,,,
7403,NCZ,PLATEAU,KANAM,BIRBYANG,,PHC YAMINI,,,,,,,
7404,NCZ,PLATEAU,KANAM,DENGI,,PHC DENGI,,,,,,,
7405,NCZ,PLATEAU,KANAM,DUDGUB,,DUGUB PHC,,,,,,,
7406,NCZ,PLATEAU,KANAM,GABDI,,PHC GAGDI,,,,,,,
7407,NCZ,PLATEAU,KANAM,GARGA,,PHC GARGA,,,,,,,
7408,NCZ,PLATEAU,KANAM,GUMSHER,,PHC GUMSHER,,,,,,,
7409,NCZ,PLATEAU,KANAM,GWAMLAR,,PHCGWAMLAR,,,,,,,
7410,NCZ,PLATEAU,KANAM,JARMAI,,PHC JARMAI,,,,,,,
7411,NCZ,PLATEAU,KANAM,JOM,,PHC JOM,,,,,,,
7412,NCZ,PLATEAU,KANAM,KANAM,,PHC KWALYMA,,,,,,,
7413,NCZ,PLATEAU,KANAM,KANTANA,,PHC KANTANA,,,,,,,
7414,NCZ,PLATEAU,KANAM,KUNKYAM,,PHC TUTUNG,,,,,,,
7415,NCZ,PLATEAU,KANAM,MUNGUTBO,,PHC GARGA KUFAI,,,,,,,
7416,NCZ,PLATEAU,KANAM,NAMARAN,,PHC NAMARAN,,,,,,,
7417,NCZ,PLATEAU,KANKE,AMPER CHIKA A,,AMPER CENTRAL PHC,,,,,,,
7418,NCZ,PLATEAU,KANKE,AMPER CHIKA B,,MIMYAK PHC,,,,,,,
7419,NCZ,PLATEAU,KANKE,AMPER EAST,,PHC KUWANG,,,,,,,
7420,NCZ,PLATEAU,KANKE,AMPER SERI,,BWINPI PHC,,,,,,,
7421,NCZ,PLATEAU,KANKE,DAWAKI,,PHC DAWAKI,,,,,,,
7422,NCZ,PLATEAU,KANKE,GARRAM,,PHC NYAYIT,,,,,,,
7423,NCZ,PLATEAU,KANKE,GYANGYANG,,GARYANG PHC,,,,,,,
7424,NCZ,PLATEAU,KANKE,KABWIR PADA,,PHC KABWIR BASIC,,,,,,,
7425,NCZ,PLATEAU,KANKE,LANGSHI,,PHC LANGSHI,,,,,,,
7426,NCZ,PLATEAU,KANKE,NEMEL,,PHC LERPYE,,,,,,,
7427,NCZ,PLATEAU,LANGTANG NORTH,FUNYALANG,,PHC FUNYALLANG,,,,,,,
7428,NCZ,PLATEAU,LANGTANG NORTH,JAT,,PHC LOHMAK,,,,,,,
7429,NCZ,PLATEAU,LANGTANG NORTH,KELLER,,PHC YAKOT,,,,,,,
7430,NCZ,PLATEAU,LANGTANG NORTH,KUFFEN,,PHC ZANGZAT,,,,,,,
7431,NCZ,PLATEAU,LANGTANG NORTH,KWALLAK,,PHC KWALLAK,,,,,,,
7432,NCZ,PLATEAU,LANGTANG NORTH,KWANPE,,PHC KWANPE,,,,,,,
7433,NCZ,PLATEAU,LANGTANG NORTH,LIPCHOK,,PHC LOHMAK,,,,,,,
7434,NCZ,PLATEAU,LANGTANG NORTH,MBAN/ZAMKO,,PHC PANZAM,,,,,,,
7435,NCZ,PLATEAU,LANGTANG NORTH,NYER,,PHC NYER,,,,,,,
7436,NCZ,PLATEAU,LANGTANG NORTH,PAJAT,,PHC WALLANG,,,,,,,
7437,NCZ,PLATEAU,LANGTANG NORTH,PIL-GANI,,PHC PIL GANI,,,,,,,
7438,NCZ,PLATEAU,LANGTANG NORTH,PISHE/YASHI,,PHC YASHI,,,,,,,
7439,NCZ,PLATEAU,LANGTANG NORTH,REAK,,PHC DADUR,,,,,,,
7440,NCZ,PLATEAU,LANGTANG NORTH,WAROK,,PHC GAZUM,,,,,,,
7441,NCZ,PLATEAU,LANGTANG SOUTH,DADIN KOWA,,PHC DADINKOWA,,,,,,,
7442,NCZ,PLATEAU,LANGTANG SOUTH,FAJUL,,PHC TAKCHANG,,,,,,,
7443,NCZ,PLATEAU,LANGTANG SOUTH,GAMAKIA,,PHC GAMAKAI,,,,,,,
7444,NCZ,PLATEAU,LANGTANG SOUTH,LASHEL,,PHC LASHEL,,,,,,,
7445,NCZ,PLATEAU,LANGTANG SOUTH,MABUDI,,PHC MABUDI,,,,,,,
7446,NCZ,PLATEAU,LANGTANG SOUTH,MAGAMA,,PHC MAGAMA,,,,,,,
7447,NCZ,PLATEAU,LANGTANG SOUTH,SABON GIDA,,PHC SABONGIDA,,,,,,,
7448,NCZ,PLATEAU,LANGTANG SOUTH,TALWANG,,PHC TALGWANG,,,,,,,
7449,NCZ,PLATEAU,LANGTANG SOUTH,TIMBOL,,PHC TIMBOL,,,,,,,
7450,NCZ,PLATEAU,LANGTANG SOUTH,TURAKI,,PHC TURAKI,,,,,,,
7451,NCZ,PLATEAU,MANGU,AMPANG WEST,,PHC AMPANG,,,,,,,
7452,NCZ,PLATEAU,MANGU,CHANSO,,PHC CHANSO,,,,,,,
7453,NCZ,PLATEAU,MANGU,GINDIRI I,,PHC GINDIRI 1,,,,,,,
7454,NCZ,PLATEAU,MANGU,GINDIRI II,,PHC GINDIRI 2,,,,,,,
7455,NCZ,PLATEAU,MANGU,JANNARET,,PHC JANARET,,,,,,,
7456,NCZ,PLATEAU,MANGU,JIPAL/CHAKFEM,,PHC JIPAL,,,,,,,
7457,NCZ,PLATEAU,MANGU,KADUNU,,PHC KADUNUN,,,,,,,
7458,NCZ,PLATEAU,MANGU,KERANG,,PHC KERANG,,,,,,,
7459,NCZ,PLATEAU,MANGU,KOMBUN,,PHC KOMBUN,,,,,,,
7460,NCZ,PLATEAU,MANGU,LANGAI,,PHC LANGAI,,,,,,,
7461,NCZ,PLATEAU,MANGU,MANGU HALLE,,PHC HALLE,,,,,,,
7462,NCZ,PLATEAU,MANGU,MANGU I,,PHC MANGU 1,,,,,,,
7463,NCZ,PLATEAU,MANGU,MANGU II,,PHC MANGU 2,,,,,,,
7464,NCZ,PLATEAU,MANGU,MANGUN,,PHC MANGUN,,,,,,,
7465,NCZ,PLATEAU,MANGU,PANYAM,,PHC PANYAM NORTH,,,,,,,
7466,NCZ,PLATEAU,MANGU,PUSHIT,,PHC PUSHIT,,,,,,,
7467,NCZ,PLATEAU,MIKANG,BALTEP,,BALTEP PRIMARY HEALTH CLINIC,,,,,,,
7468,NCZ,PLATEAU,MIKANG,GARKAWA CENTRAL,,GARKAWA I PHC,,,,,,,
7469,NCZ,PLATEAU,MIKANG,GARKAWA NORTH,,GARKAWA II PHC,,,,,,,
7470,NCZ,PLATEAU,MIKANG,GARKAWA NORTHEAST,,GADYOUM PHC,,,,,,,
7471,NCZ,PLATEAU,MIKANG,KOENOEM 'A',,LIFIDI PRIMARY HEALTH CARE CENT,,,,,,,
7472,NCZ,PLATEAU,MIKANG,KOENOEM 'B',,LAMER PRIMARY HEALTH CLINIC,,,,,,,
7473,NCZ,PLATEAU,MIKANG,LAJIN,,LALIN PRIMARY HEATH CARE CENTER,,,,,,,
7474,NCZ,PLATEAU,MIKANG,PIAPUNG 'A',,GANGGOEVOEL PRIMARY HEALTH CLIN,,,,,,,
7475,NCZ,PLATEAU,MIKANG,PIAPUNG 'B',,PIAPUNG PRIMARY HEALTH CARE CL,,,,,,,
7476,NCZ,PLATEAU,MIKANG,TUNKUS,,TUNKUS PRIMARY HEALTH CARE CEN,,,,,,,
7477,NCZ,PLATEAU,PANKSHIN,DOK-PAI,,PHC DOPKPAI,,,,,,,
7478,NCZ,PLATEAU,PANKSHIN,FIER,,PHC TAKKAS,,,,,,,
7479,NCZ,PLATEAU,PANKSHIN,FIER CHIP,,PHC KWALLA CHIP,,,,,,,
7480,NCZ,PLATEAU,PANKSHIN,JIBLIK,,PHC ABWOR DYIS,,,,,,,
7481,NCZ,PLATEAU,PANKSHIN,KADUNG,,PHC KUMBUL,,,,,,,
7482,NCZ,PLATEAU,PANKSHIN,KANGSHU,,PHC TINJIM,,,,,,,
7483,NCZ,PLATEAU,PANKSHIN,LANKAN,,PHC LANKAN,,,,,,,
7484,NCZ,PLATEAU,PANKSHIN,PANKSHIN BELNING,,PHC KOR,,,,,,,
7485,NCZ,PLATEAU,PANKSHIN,PANKSHIN CENTRAL,,PHC TOWN CLINIC,,,,,,,
7486,NCZ,PLATEAU,PANKSHIN,PANKSHIN CHIGWONG,,PHC CHIGWONG,,,,,,,
7487,NCZ,PLATEAU,PANKSHIN,TAL,,PHC LANZOK,,,,,,,
7488,NCZ,PLATEAU,PANKSHIN,WOKKOS,,PHC WOKKOS,,,,,,,
7489,NCZ,PLATEAU,QUAN PAN,BWALL,,PHC BWALL,,,,,,,
7490,NCZ,PLATEAU,QUAN PAN,DOEMAK GOECHIM,,PHC NTENG,,,,,,,
7491,NCZ,PLATEAU,QUAN PAN,DOEMAK KOPLONG,,PHC DOEMAK I,,,,,,,
7492,NCZ,PLATEAU,QUAN PAN,DOKAN KASUWA,,PHC DOKAN KASUWA,,,,,,,
7493,NCZ,PLATEAU,QUAN PAN,KURGWI,,PHC KURGWI,,,,,,,
7494,NCZ,PLATEAU,QUAN PAN,KWA,,PHC KWA,,,,,,,
7495,NCZ,PLATEAU,QUAN PAN,KWALLA MOEDA,,PHC MARABAN DEMSHIN,,,,,,,
7496,NCZ,PLATEAU,QUAN PAN,KWALLA YITLAAR,,PHC YITLAAR,,,,,,,
7497,NCZ,PLATEAU,QUAN PAN,KWANDE,,PHC KWANDE,,,,,,,
7498,NCZ,PLATEAU,QUAN PAN,KWANG,,PHC KWANG II,,,,,,,
7499,NCZ,PLATEAU,QUAN PAN,NAMU,,PHC NAMU,,,,,,,
7500,NCZ,PLATEAU,RIYOM,ATTAKAR,,PHC GOTORO,,,,,,,
7501,NCZ,PLATEAU,RIYOM,BUM,,PHC BUM,,,,,,,
7502,NCZ,PLATEAU,RIYOM,DANTO,,PHC KORONGFANG,,,,,,,
7503,NCZ,PLATEAU,RIYOM,JOL/KWI,,PHC JOL,,,,,,,
7504,NCZ,PLATEAU,RIYOM,RA-HOSS,,PHC RAHOSS,,,,,,,
7505,NCZ,PLATEAU,RIYOM,RIM,,PHC RIM,,,,,,,
7506,NCZ,PLATEAU,RIYOM,RIYOM,,PHC RIYOM,,,,,,,
7507,NCZ,PLATEAU,RIYOM,SHARUBUTU,,PHC MHC BACHI,,,,,,,
7508,NCZ,PLATEAU,RIYOM,SOPP,,PHC SOPP,,,,,,,
7509,NCZ,PLATEAU,RIYOM,TA-HOSS,,PHC TAHOSS,,,,,,,
7510,NCZ,PLATEAU,SHENDAM,DERTENG,,GIDAN GALADIMA PRIMARY HEALTH CENTRE,,,,,,,
7511,NCZ,PLATEAU,SHENDAM,KARONG,,KALONG MPHC,,,,,,,
7512,NCZ,PLATEAU,SHENDAM,KURUNGBOU 'A',,PHC KAWO,,,,,,,
7513,NCZ,PLATEAU,SHENDAM,KURUNGBOU 'B',,YAMMINI PRIMARY HEALTH CENTRE,,,,,,,
7514,NCZ,PLATEAU,SHENDAM,MOEKAT,,PHC MOEKAT,,,,,,,
7515,NCZ,PLATEAU,SHENDAM,PANGSHOM,,PHC GIDAN ADAMU,,,,,,,
7516,NCZ,PLATEAU,SHENDAM,POESHIP,,PHC POESHIP,,,,,,,
7517,NCZ,PLATEAU,SHENDAM,SHENDAM CENTRAL 'A',,SHENDAM A PRIMARY HEALTH CENTRE,,,,,,,
7518,NCZ,PLATEAU,SHENDAM,SHENDAM CENTRAL 'B',,DOKAN TOFA PHC ,,,,,,,
7519,NCZ,PLATEAU,SHENDAM,SHIMANKAR,,SHIMANKAR PHC,,,,,,,
7520,NCZ,PLATEAU,SHENDAM,YELWA,,YELWA EAST PHC,,,,,,,
7521,NCZ,PLATEAU,WASE,BASHAR,,MPHC BASHAR,,,,,,,
7522,NCZ,PLATEAU,WASE,DANBIRAM,,PHC WASE TOWN,,,,,,,
7523,NCZ,PLATEAU,WASE,GUDUS,,PHC GUDUS,,,,,,,
7524,NCZ,PLATEAU,WASE,KADARKO,,PHC KADARKO,,,,,,,
7525,NCZ,PLATEAU,WASE,KUMBONG,,PHC KUMBWANG,,,,,,,
7526,NCZ,PLATEAU,WASE,KUMBUR,,PHC KUMBUR,,,,,,,
7527,NCZ,PLATEAU,WASE,KUYAMBANA,,VTC WASE,,,,,,,
7528,NCZ,PLATEAU,WASE,MAVO,,PHC MAVO,,,,,,,
7529,NCZ,PLATEAU,WASE,NYALUM/KAMPANI,,PHC NYALUN,,,,,,,
7530,NCZ,PLATEAU,WASE,SALUWE,,PHC SALUWE,,,,,,,
7531,NCZ,PLATEAU,WASE,WASE TOFA,,PHC WASE TOFA,,,,,,,
7532,NCZ,PLATEAU,WASE,YOLA-WAKAI,,PHC YOLA WAKAT,,,,,,,
7533,SSZ,RIVERS,ABUA / ODUAL,ABUA 1,1,OGBEMA,,,,,,,
7534,SSZ,RIVERS,ABUA / ODUAL,ABUA 11,2,ARUKWO,,,,,,,
7535,SSZ,RIVERS,ABUA / ODUAL,ABUA IV,4,AYAMA,,,,,,,
7536,SSZ,RIVERS,ABUA / ODUAL,ANYU,13,ANYU,,,,,,,
7537,SSZ,RIVERS,ABUA / ODUAL,EMAGO-KUGBO,11,EMAGO,,,,,,,
7538,SSZ,RIVERS,ABUA / ODUAL,EMELEGO,10,EMELEGO,,,,,,,
7539,SSZ,RIVERS,ABUA / ODUAL,EMUGHAN 1,5,OKOBOH,,,,,,,
7540,SSZ,RIVERS,ABUA / ODUAL,EMUGHAN 11,6,AMINIOWERE,,,,,,,
7541,SSZ,RIVERS,ABUA / ODUAL,OKPEDEN,8,AGADA1,,,,,,,
7542,SSZ,RIVERS,ABUA / ODUAL,OTAPHA,7,OTAPHA,,,,,,,
7543,SSZ,RIVERS,AHOADA EAST,AHOADA III,3,AHOADA MODEL PRIMARY HEALTH CARE CENTRE,,,,,,,
7544,SSZ,RIVERS,AHOADA EAST,AKOH I,11,ODIEMERENYI PRIMARY HEALTH CARE CENTRE,,,,,,,
7545,SSZ,RIVERS,AHOADA EAST,AKOH II,12,IHUGBOGO MODEL PRIMARY HEALTH CARE CENTRE,,,,,,,
7546,SSZ,RIVERS,AHOADA EAST,AKOH II,13,IHUAJA PRIMARY HEALTH CARE CENTER,,,,,,,
7547,SSZ,RIVERS,AHOADA EAST,UPATA IV,8,PRIMARY HEALTH CARE CENTRE ODIABIDI,,,,,,,
7548,SSZ,RIVERS,AHOADA EAST,UPATA IV,6,OCHIGBA PRIMARY HEALTH CARE CENTRE,,,,,,,
7549,SSZ,RIVERS,AHOADA EAST,UPATA V,7,ULA-APATA,,,,,,,
7550,SSZ,RIVERS,AHOADA EAST,UPATA VI,10,NYSC COMMUNITY BASED HEALTH CENTRE,,,,,,,
7551,SSZ,RIVERS,AHOADA EAST,UPATA VI,5,EDEOHA PRIMARY HEALTH CARE CENTRE,,,,,,,
7552,SSZ,RIVERS,AHOADA WEST,EDIRO 1,1,AKINIMA,,,,,,,
7553,SSZ,RIVERS,AHOADA WEST,EDIRO 11,2,MBIAMA,,,,,,,
7554,SSZ,RIVERS,AHOADA WEST,IGBUDUNA 1,5,OKOGBE,,,,,,,
7555,SSZ,RIVERS,AHOADA WEST,IGBUDUNA 111,7,EMEZGI 1,,,,,,,
7556,SSZ,RIVERS,AHOADA WEST,IGBUDUNA IV,8,UPATABO,,,,,,,
7557,SSZ,RIVERS,AHOADA WEST,JOINKRAMA,3,ODAWU,,,,,,,
7558,SSZ,RIVERS,AHOADA WEST,OKORKI,4,OKARKI,,,,,,,
7559,SSZ,RIVERS,AHOADA WEST,UBIE 11,10,UBETA,,,,,,,
7560,SSZ,RIVERS,AHOADA WEST,UBIE 111,11,ODIOKU,,,,,,,
7561,SSZ,RIVERS,AKUKU TORU,ALISE GROUP,17,ABISSA,,,,,,,
7562,SSZ,RIVERS,AKUKU TORU,KULA 1,15,KULA,,,,,,,
7563,SSZ,RIVERS,AKUKU TORU,MANUEL 1,1,ABONNEMA,,,,,,,
7564,SSZ,RIVERS,AKUKU TORU,OBONOMA,14,OBONOMA,,,,,,,
7565,SSZ,RIVERS,ANDONI,AGWUT-OBOLO,AGWUT-OBOLO,OYOROKOTO PHC,,,,,,,
7566,SSZ,RIVERS,ANDONI,ASARAMA,ASARAMA,ASARAMA PHC,,,,,,,
7567,SSZ,RIVERS,ANDONI,ATABA 1,ATABA 1,ATABA MPHCC,,,,,,,
7568,SSZ,RIVERS,ANDONI,EKEDE,EKEDE,EKEDE PHC,,,,,,,
7569,SSZ,RIVERS,ANDONI,IKURU TOWN,IKURU,IKURU MPHC,,,,,,,
7570,SSZ,RIVERS,ANDONI,NGO TOWN,NGO TOWN,TOWN_NGO PHC,,,,,,,
7571,SSZ,RIVERS,ANDONI,SAMANGA,8,IBOTIREMPHC,,,,,,,
7572,SSZ,RIVERS,ANDONI,UNYEADA 1,UNYEADA 1,UNYEADA MPHCC,,,,,,,
7573,SSZ,RIVERS,ANDONI,UNYEADA 11,EGBORMUNG,ISIODUM PHC,,,,,,,
7574,SSZ,RIVERS,ANDONI,UNYENGALA,UNYENGALA,EGWEDE PHC,,,,,,,
7575,SSZ,RIVERS,ASARI TORU,BUGUMA EAST,2,BUGUMA,,,,,,,
7576,SSZ,RIVERS,ASARI TORU,ISIA GROUP 1,11,ABALAMA,,,,,,,
7577,SSZ,RIVERS,ASARI TORU,ISIA GROUP 11,12,IDO,,,,,,,
7578,SSZ,RIVERS,ASARI TORU,WEST CENTRAL GROUP,13,MINAMA(NEW),,,,,,,
7579,SSZ,RIVERS,BONNY,ABALAMABIE,2,BONNY MODEL PRIMARY HEALTH CENTRE,,,,,,,
7580,SSZ,RIVERS,BONNY,COURT/ADA ALLISON,3,BONNY,,,,,,,
7581,SSZ,RIVERS,BONNY,DAN JUMBO/BERESIRI,8,"GREENS,GREENS-IWOAMA",,,,,,,
7582,SSZ,RIVERS,BONNY,DEMA ABBEY,6,DEMAABBEY,,,,,,,
7583,SSZ,RIVERS,BONNY,DEMA ABBEY,6,ABALAMABIE PHC BONNY,,,,,,,
7584,SSZ,RIVERS,BONNY,NANABIE,9,HALLIDAY,,,,,,,
7585,SSZ,RIVERS,BONNY,OLOMA/AYAMINIMA,5,BURUKIRI,,,,,,,
7586,SSZ,RIVERS,BONNY,OLOMA/AYAMINIMA,5,FINIMA PHC BONNY,,,,,,,
7587,SSZ,RIVERS,BONNY,PETERSIDE,11,PETERSIDE,,,,,,,
7588,SSZ,RIVERS,DEGEMA,BAKANA V,5,BAKANA,,,,,,,
7589,SSZ,RIVERS,DEGEMA,BILLE,16,BILLE,,,,,,,
7590,SSZ,RIVERS,DEGEMA,BUKUMA,15,BUKUMA,,,,,,,
7591,SSZ,RIVERS,DEGEMA,DEGEMA I,11,DEGEMA,,,,,,,
7592,SSZ,RIVERS,DEGEMA,DEGEMA III,13,USOKUN,,,,,,,
7593,SSZ,RIVERS,DEGEMA,OBUAMA,14,OBUAMA,,,,,,,
7594,SSZ,RIVERS,DEGEMA,TOMBIA IV,10,TOMBIA,,,,,,,
7595,SSZ,RIVERS,ELEME,AGBONCHIA,8,AGBONCHIA,,,,,,,
7596,SSZ,RIVERS,ELEME,AKPAJO,9,AKPAJO,,,,,,,
7597,SSZ,RIVERS,ELEME,ALODE,2,ALODE,,,,,,,
7598,SSZ,RIVERS,ELEME,ETEO,6,ETEO,,,,,,,
7599,SSZ,RIVERS,ELEME,OGALE,3,OGALEPHC,,,,,,,
7600,SSZ,RIVERS,ELEME,ONNE,7,ONNE,,,,,,,
7601,SSZ,RIVERS,EMOHUA,EGBEDA,EGBEDA WARD 11,EGBEDA MODEL PRIMARY HEALTH CENTRE,,,,,,,
7602,SSZ,RIVERS,EMOHUA,EMOHUA 1,EMOHUA 1,MPHC ODUOHA,,,,,,,
7603,SSZ,RIVERS,EMOHUA,IBAA,IBAA,MPHC IBAA,,,,,,,
7604,SSZ,RIVERS,EMOHUA,ODEGU 1,ODEGU 1,RUMUJI COMPREHENSIVE HEALTH CENTER,,,,,,,
7605,SSZ,RIVERS,EMOHUA,ODEGU 11,14,RUMUEWHOR,,,,,,,
7606,SSZ,RIVERS,EMOHUA,OGBAKIRI 1,OGBAKIRI 1,OGBAKIRI PHC,,,,,,,
7607,SSZ,RIVERS,EMOHUA,OGBAKIRI 11,OGBAKIRI 11,MPHC OGBAKIRI 2,,,,,,,
7608,SSZ,RIVERS,EMOHUA,OMUDIOGA/AKPABU/ITU,OMUDIOGA/AKPABU/ITU,OMUDIGHA COMPREHENSIVE HEALTH CENTER,,,,,,,
7609,SSZ,RIVERS,EMOHUA,RUNDELE,NDELE,MPHC NDELE,,,,,,,
7610,SSZ,RIVERS,EMOHUA,UBIMINI,UBIMINI,MPHC UBIMINI,,,,,,,
7611,SSZ,RIVERS,ETCHE,AFARA,1,AFARA,,,,,,,
7612,SSZ,RIVERS,ETCHE,AKWA/ODOGWA,15,AKWA,,,,,,,
7613,SSZ,RIVERS,ETCHE,EGWI/OPIRO,6,EGWI,,,,,,,
7614,SSZ,RIVERS,ETCHE,IGBO 1,3,CHOKOTA,,,,,,,
7615,SSZ,RIVERS,ETCHE,NDASHI,17,NDASHI,,,,,,,
7616,SSZ,RIVERS,ETCHE,NIHI,7,NIHI,,,,,,,
7617,SSZ,RIVERS,ETCHE,OBIBI/AKWUKABI,9,UMUOGEREM,,,,,,,
7618,SSZ,RIVERS,ETCHE,OBITE,10,OBITE,,,,,,,
7619,SSZ,RIVERS,ETCHE,ODUFOR,8,ODUFOR,,,,,,,
7620,SSZ,RIVERS,ETCHE,OKEHI,11,OKEHI,,,,,,,
7621,SSZ,RIVERS,ETCHE,OZUZU,12,OZUZU,,,,,,,
7622,SSZ,RIVERS,ETCHE,ULAKWO,13,ULAKWO,,,,,,,
7623,SSZ,RIVERS,GOKANA,B-DERE,1,BODO HEALTH POST,,,,,,,
7624,SSZ,RIVERS,GOKANA,BERA,4,"MODEL PRIMARY HEALTH CENTER, B-DERE",,,,,,,
7625,SSZ,RIVERS,GOKANA,BIARA 1,6,K-DERE COMPREHENSIVE HEALTH CENTER,,,,,,,
7626,SSZ,RIVERS,GOKANA,BODO 1,7,BOMU MODEL PRIMARY HEALTH CENTRE,,,,,,,
7627,SSZ,RIVERS,GOKANA,BOMU 1,9,MPHC KPOR,,,,,,,
7628,SSZ,RIVERS,GOKANA,DEYOR/DEEN/NWI BIARA,10,MOGHO HEALTH POST,,,,,,,
7629,SSZ,RIVERS,GOKANA,K-DERE 1,11,NWEOL MODEL PRIMARY HEALTH CENTRE,,,,,,,
7630,SSZ,RIVERS,GOKANA,KPOR/LEWE/GBE,12,BIARA COMPREHENSIVE HEALTH CENTRE,,,,,,,
7631,SSZ,RIVERS,GOKANA,MOGHO,13,DEKEN COMPREHENSIVE HEALTH CENTER,,,,,,,
7632,SSZ,RIVERS,GOKANA,NWE-OL/GIO/BAR,15,YEGHE MPHC,,,,,,,
7633,SSZ,RIVERS,GOKANA,YEGHE 1,16,BERA HEALTH POST,,,,,,,
7634,SSZ,RIVERS,IKWERRE,ALUU,ALUU,MODEL PHC ALUU,,,,,,,
7635,SSZ,RIVERS,IKWERRE,APANANI,6,APANI,,,,,,,
7636,SSZ,RIVERS,IKWERRE,ELELE 1,ELELE 1,ELELE 1,,,,,,,
7637,SSZ,RIVERS,IKWERRE,IGWURUTA,IGWURUTA,MODEL PHC IGWURUTA,,,,,,,
7638,SSZ,RIVERS,IKWERRE,ISIOKPO 1,ADANTA WARD,ADANTA PHC,,,,,,,
7639,SSZ,RIVERS,IKWERRE,OMADEME/IPO,OMADEME/IPO,MPHC IPO,,,,,,,
7640,SSZ,RIVERS,IKWERRE,OMAGWA,OMAGWA,OMAGWA HEALTH CENTRE,,,,,,,
7641,SSZ,RIVERS,IKWERRE,OMERELLI,OMERELLU,OMERELU,,,,,,,
7642,SSZ,RIVERS,IKWERRE,OMUANWA,OMUANWA,OMUANWA HEALTH CENTRE,,,,,,,
7643,SSZ,RIVERS,IKWERRE,OZUAHA,OZUAHA,MODEL PHC OZUAHA,,,,,,,
7644,SSZ,RIVERS,IKWERRE,UBIMA,UBIMA,MODEL PHC UBIMA,,,,,,,
7645,SSZ,RIVERS,KHANA,BAEN/KPEAN/DUBURO,18,KPEAN,,,,,,,
7646,SSZ,RIVERS,KHANA,BANE,10,BANE,,,,,,,
7647,SSZ,RIVERS,KHANA,BANGHA,7,LUUMENE,,,,,,,
7648,SSZ,RIVERS,KHANA,BEERI,9,BEERI,,,,,,,
7649,SSZ,RIVERS,KHANA,BORI,1,BORI,,,,,,,
7650,SSZ,RIVERS,KHANA,KAANI,6,KAANI2,,,,,,,
7651,SSZ,RIVERS,KHANA,KONO/KWAWA,11,KWAWA,,,,,,,
7652,SSZ,RIVERS,KHANA,KPEA/LORRE/LUEBE,19,LUEBE,,,,,,,
7653,SSZ,RIVERS,KHANA,OKWALI,5,OKWALE,,,,,,,
7654,SSZ,RIVERS,KHANA,OPUOKO/KALAOKO,16,OPUOKO,,,,,,,
7655,SSZ,RIVERS,KHANA,TAABAA,8,TAABAA,,,,,,,
7656,SSZ,RIVERS,KHANA,UEGWERE,14,UEGWEREBO-UE,,,,,,,
7657,SSZ,RIVERS,KHANA,WIIYAAKARA,12,WIIYAAKARA,,,,,,,
7658,SSZ,RIVERS,OBIO AKPOR,CHOBA,15,RUMUEKINI,,,,,,,
7659,SSZ,RIVERS,OBIO AKPOR,ELELENWO,5,ELELENWO FSP,,,,,,,
7660,SSZ,RIVERS,OBIO AKPOR,ORO-IGWE,1,ELIOZU,,,,,,,
7661,SSZ,RIVERS,OBIO AKPOR,OZUOBA/OGBOGORO,16,OZUOBA,,,,,,,
7662,SSZ,RIVERS,OBIO AKPOR,RUDOKWU,14,ENEKA,,,,,,,
7663,SSZ,RIVERS,OBIO AKPOR,RUMUEME(7A),9,RUMUEPIRIKOM,,,,,,,
7664,SSZ,RIVERS,OBIO AKPOR,RUMUEME(7B),10,MGBUOSIMINI,,,,,,,
7665,SSZ,RIVERS,OBIO AKPOR,RUMUEME(7C),11,RUMUEME,,,,,,,
7666,SSZ,RIVERS,OBIO AKPOR,RUMUIGBO,12,RUMUIGBO,,,,,,,
7667,SSZ,RIVERS,OBIO AKPOR,RUMUODARA,2,IRIEBE,,,,,,,
7668,SSZ,RIVERS,OBIO AKPOR,RUMUODUMAYA,4,RUMUODUMAYA,,,,,,,
7669,SSZ,RIVERS,OBIO AKPOR,RUMUOKWU(2B),3,RUMUOKWURUSHI,,,,,,,
7670,SSZ,RIVERS,OBIO AKPOR,RUMUOKWUTA,13,RUMUOKWUTA,,,,,,,
7671,SSZ,RIVERS,OBIO AKPOR,RUMUOLUMENI,17,RUMUOLUMENI,,,,,,,
7672,SSZ,RIVERS,OBIO AKPOR,RUMUOMASI,8,OBIO COTTAGE HOSPITAL,,,,,,,
7673,SSZ,RIVERS,OBIO AKPOR,WOJI,6,WOJI,,,,,,,
7674,SSZ,RIVERS,OGU /BOLO,BOLO IV,10,BOLO,,,,,,,
7675,SSZ,RIVERS,OGU /BOLO,OGU 111,3,CHUKU-AMA,,,,,,,
7676,SSZ,RIVERS,OGU /BOLO,OGU IV,4,OGU,,,,,,,
7677,SSZ,RIVERS,OGU /BOLO,OGU VI,6,OPUOMA,,,,,,,
7678,SSZ,RIVERS,OGU /BOLO,WAKAMA,11,WAKAMA,,,,,,,
7679,SSZ,RIVERS,OKRIKA,KALIO,KALIO,PHC KALIO AMA,,,,,,,
7680,SSZ,RIVERS,OKRIKA,OGAN,8,OGAN-AMA,,,,,,,
7681,SSZ,RIVERS,OKRIKA,OGOLOMA 1,10,OGOLOMA,,,,,,,
7682,SSZ,RIVERS,OKRIKA,OKRIKA 11,2,AYUNGIBIRI,,,,,,,
7683,SSZ,RIVERS,OKRIKA,OKRIKA 1V,4,ISLAND MATERNITY FIBRESIMA,,,,,,,
7684,SSZ,RIVERS,OKRIKA,OKRIKA V,5,OKOCHIRI,,,,,,,
7685,SSZ,RIVERS,OKRIKA,OKRIKA V1,6,OGBOGBO,,,,,,,
7686,SSZ,RIVERS,OKRIKA,OKRIKA V11,7,IBAKA,,,,,,,
7687,SSZ,RIVERS,OMUMA,EBIRI-DIKEOMUO,1,1_EBERIHC,,,,,,,
7688,SSZ,RIVERS,OMUMA,OBIBI/AJULOKE,10,UMUAJLOKE COMPREHENSIVE HEALTH CENTER,,,,,,,
7689,SSZ,RIVERS,OMUMA,OBIOHIA COMM.,3,OBIOHIA,,,,,,,
7690,SSZ,RIVERS,OMUMA,OFEH COMM.,4,OHIM OYORO PRIMARY HEALTH CARE CENTER,,,,,,,
7691,SSZ,RIVERS,OMUMA,OHIMOGHO COMM.,5,OYORO MODEL PRIMARY HEALTH CARE CENTER,,,,,,,
7692,SSZ,RIVERS,OMUMA,OYORO COMM.,6,OFEH PRIMARY HEALTH CARE CENTER,,,,,,,
7693,SSZ,RIVERS,OMUMA,UMUAJULOKE,7,UMUOGBA PRIMARY HEALTH CENTER,,,,,,,
7694,SSZ,RIVERS,OMUMA,UMUOGHA 1,9,UMUOKWA PRIMARY HEALTH CARE CENTER,,,,,,,
7695,SSZ,RIVERS,ONELGA,EGBEMA 1,11,OBRIKOM,,,,,,,
7696,SSZ,RIVERS,ONELGA,EGBEMA 11,2,2_AGGAH,,,,,,,
7697,SSZ,RIVERS,ONELGA,EGI 1,8,EREMA,,,,,,,
7698,SSZ,RIVERS,ONELGA,EGI 11,10,OBITE,,,,,,,
7699,SSZ,RIVERS,ONELGA,EGI UMUOBOR,9,NDONI,,,,,,,
7700,SSZ,RIVERS,ONELGA,EGI UMUOBOR,12,RIVERS_ONELGA_12_OBUBURU__,,,,,,,
7701,SSZ,RIVERS,ONELGA,IGBURU,7,ELIETA,,,,,,,
7702,SSZ,RIVERS,ONELGA,NDONI 1,13,OKPOSI,,,,,,,
7703,SSZ,RIVERS,ONELGA,NDONI 111,15,OKWUZI,,,,,,,
7704,SSZ,RIVERS,ONELGA,NDONI 111,5,MPHC (MODEL PHC),,,,,,,
7705,SSZ,RIVERS,ONELGA,OMOKU 1(OBOSI),17,OMOKU,,,,,,,
7706,SSZ,RIVERS,OPOBO NKORO,JAJA,7,OPOBO,,,,,,,
7707,SSZ,RIVERS,OPOBO NKORO,KALAIBIAMA 1,0,KALAIBIAMA MPHC,,,,,,,
7708,SSZ,RIVERS,OPOBO NKORO,KALAIBIAMA 11,2,EPELLEMA HEALTH POST,,,,,,,
7709,SSZ,RIVERS,OPOBO NKORO,NKORO 1,9,NKORO MPHC,,,,,,,
7710,SSZ,RIVERS,OPOBO NKORO,QUEENS TOWN,8,MPHC QUEENSTOWN,,,,,,,
7711,SSZ,RIVERS,OYIGBO,OBEAKPU,4,UMUAGBAI MODEL PRIMARY HEALTH CENTRE,,,,,,,
7712,SSZ,RIVERS,OYIGBO,OBEAMA,2,OBEAKPU MODEL PRIMARY HEALTH CENTRE,,,,,,,
7713,SSZ,RIVERS,OYIGBO,OBETE,6,OBETE MODEL PRIMARY HEALTH CENTRE,,,,,,,
7714,SSZ,RIVERS,OYIGBO,OYIGBO WEST,7,MIRINWANYI MODEL PRIMARY HEALTH CENTRE,,,,,,,
7715,SSZ,RIVERS,OYIGBO,UMUAGBAI,8,OYIGBO COMPREHENSIVE HEALTH CENTER,,,,,,,
7716,SSZ,RIVERS,OYIGBO,UMUSOYA/KOM-KOM,10,UMUSIA MODEL PRIMARY HEALTH CENTRE,,,,,,,
7717,SSZ,RIVERS,PORT HARCOURT,ABULOMA/AMADI-AMA,20,OZUBOKO,,,,,,,
7718,SSZ,RIVERS,PORT HARCOURT,ELEKAHIA,19,ELEKAHIA,,,,,,,
7719,SSZ,RIVERS,PORT HARCOURT,MGBUNDUKWU 1,13,MGBUNDUKWU,,,,,,,
7720,SSZ,RIVERS,PORT HARCOURT,NKPOLU-OROWORUKWO 1,10,NKPOLU TOWN HALL HEALTH POST,,,,,,,
7721,SSZ,RIVERS,PORT HARCOURT,OGBUNABALI,2,OROGBUM,,,,,,,
7722,SSZ,RIVERS,PORT HARCOURT,OROABALI,4,SICKBAY,,,,,,,
7723,SSZ,RIVERS,PORT HARCOURT,OROABALI,6,EVERYWOMANCENTER,,,,,,,
7724,SSZ,RIVERS,PORT HARCOURT,P/HARCOURT TOWN 111,7,CHURCHILLROAD,,,,,,,
7725,SSZ,RIVERS,TAI,BAN-OGOI,BAN-OGOI,BAN OGOI PHC,,,,,,,
7726,SSZ,RIVERS,TAI,BARAYIRA/BARA SIME,BARAYIRA/BARA SIME,MODEL PHC BARA ALE,,,,,,,
7727,SSZ,RIVERS,TAI,BOTEM,BOTEM,BOTEM MODEL PRIMARY HEALTH CARE CENTRE,,,,,,,
7728,SSZ,RIVERS,TAI,BUNU/BARA/KANI,BUNU/BARA/KANI,MODEL PHC BUNU,,,,,,,
7729,SSZ,RIVERS,TAI,GIO/KPORGHOR/GBAM,GIO/GBAM/KPORGHOR,GBAM PRIMARY HEALTH CARE CENTRE,,,,,,,
7730,SSZ,RIVERS,TAI,KIRA/BOROBARA,KIRA/BOROBARA,BOROBARA_KIRA PHC,,,,,,,
7731,SSZ,RIVERS,TAI,KOROKORO/LEKEN,KOROKORO/UEKEN,MODEL PRIMARY HEALTH CARE CENTRE KOROKORO,,,,,,,
7732,SSZ,RIVERS,TAI,KOROMA/HORO,KOROMA/HORO,MODEL PHC KOROMA,,,,,,,
7733,SSZ,RIVERS,TAI,KPITE,KPITE,MODEL PHC KPITE,,,,,,,
7734,SSZ,RIVERS,TAI,NONWA,NONWA,MODEL PHC NONWA,,,,,,,
7735,NWZ,SOKOTO,BINJI,BINJI,,BINJI HEALTH CLINIC,,,,,,,
7736,NWZ,SOKOTO,BINJI,BUNKARI,,BUNKARI PHC,,,,,,,
7737,NWZ,SOKOTO,BINJI,GAWAZAI,,GAWAZZAI HEALTH POST,,,,,,,
7738,NWZ,SOKOTO,BINJI,INNAME,,INNAME HEALTH CLINIC,,,,,,,
7739,NWZ,SOKOTO,BINJI,JAMALI,,JAMALI HEALTH CLINIC,,,,,,,
7740,NWZ,SOKOTO,BINJI,MAIKULLI,,MAIKULKI HEALTH CLINIC,,,,,,,
7741,NWZ,SOKOTO,BINJI,SAMAMA,,SAMAMA HEALTH CLINIC,,,,,,,
7742,NWZ,SOKOTO,BINJI,SORO GABAS,,SORON GABAS HEALTH POST,,,,,,,
7743,NWZ,SOKOTO,BINJI,SORO YAMMA,,KALGO HEALTH CLINIC,,,,,,,
7744,NWZ,SOKOTO,BINJI,TUDUN KOSE,,TUDUN KOSE HEALTH POST,,,,,,,
7745,NWZ,SOKOTO,BODINGA,BADAU/DARHELA,,BADAU HEALTH CLINIC,,,,,,,
7746,NWZ,SOKOTO,BODINGA,BAGARAWA,,BAGARAWA PHC,,,,,,,
7747,NWZ,SOKOTO,BODINGA,BANGI/ DABAGA,,DABAGA HEALTH CLINIC,,,,,,,
7748,NWZ,SOKOTO,BODINGA,BODINGA/TAUNA,,BODINGA TOWN HEALTH POST,,,,,,,
7749,NWZ,SOKOTO,BODINGA,DANCHADI,,DANCHADI PHC,,,,,,,
7750,NWZ,SOKOTO,BODINGA,DINGYADI/BADAWA,,DINGYADI PHC,,,,,,,
7751,NWZ,SOKOTO,BODINGA,KWACCIYAR LALLE,,ZANGALAWA HEALTH CLINIC,,,,,,,
7752,NWZ,SOKOTO,BODINGA,MAZANGARI/J/K.MIYO,,JIRGA HEALTH POST.,,,,,,,
7753,NWZ,SOKOTO,BODINGA,MAZANGARI/J/K.MIYO,,KIMBA HEALTH CLINIC,,,,,,,
7754,NWZ,SOKOTO,BODINGA,SIFAWA/LUKKUYAWA,,SIFAWA HEALTH CLINIC,,,,,,,
7755,NWZ,SOKOTO,BODINGA,TAKATUKU/MADORAU,,MODORAWA HEALTH CLINIC,,,,,,,
7756,NWZ,SOKOTO,BODINGA,TULLUWA/KULAFASA,,TULLUWA HEALTH CLINIC,,,,,,,
7757,NWZ,SOKOTO,DANGE SHUNI,BODAI/ JURGA,,BODAI SAJO HEALTH CLINIC,,,,,,,
7758,NWZ,SOKOTO,DANGE SHUNI,DANGE,,M P H C DANGE ,,,,,,,
7759,NWZ,SOKOTO,DANGE SHUNI,FAJALDU,,FAJALDU HEALTH CLINIC,,,,,,,
7760,NWZ,SOKOTO,DANGE SHUNI,GHERE/GAJARA,,DABAGIN ARDO HEALTH POST,,,,,,,
7761,NWZ,SOKOTO,DANGE SHUNI,RIKINA,,RIKINA HEALTH CLINIC,,,,,,,
7762,NWZ,SOKOTO,DANGE SHUNI,RUGGAR GIDADO,,BANGENANGE HEALTH POST,,,,,,,
7763,NWZ,SOKOTO,DANGE SHUNI,RUGU/G/MANDE/AMNW,,RUDU HEALTH CLINIC,,,,,,,
7764,NWZ,SOKOTO,DANGE SHUNI,SHUNI,,SHUNI UPGRADED HEALTH POST,,,,,,,
7765,NWZ,SOKOTO,DANGE SHUNI,TSAFANADE,,TSAFANADE HEALTH CLINIC,,,,,,,
7766,NWZ,SOKOTO,DANGE SHUNI,TUNTUBE/TSEHE,,KWANNAWA HEALTH CLINIC,,,,,,,
7767,NWZ,SOKOTO,DANGE SHUNI,WABABA/ SALAU,,WABABE HEALTH POST,,,,,,,
7768,NWZ,SOKOTO,GADA,DUKAMAJE/ILAH,,DUKAMAJE PHC,,,,,,,
7769,NWZ,SOKOTO,GADA,GADA,,GIDAN MADUGU HEALTH POST,,,,,,,
7770,NWZ,SOKOTO,GADA,GILBADI,,GILBADI HEALTH CLINIC,,,,,,,
7771,NWZ,SOKOTO,GADA,KADADINBUDA,,KADADI BUDA PHC,,,,,,,
7772,NWZ,SOKOTO,GADA,KADASSAKA,,KADASSAKA PRIMARY HEALTH CENTRE,,,,,,,
7773,NWZ,SOKOTO,GADA,KADDI,,KADDI HEALTH POST,,,,,,,
7774,NWZ,SOKOTO,GADA,KAFFE,,KAFFE HEALTH CLINIC,,,,,,,
7775,NWZ,SOKOTO,GADA,KIRI,,KIRI PRIMARY HEALTH CENTRE,,,,,,,
7776,NWZ,SOKOTO,GADA,KWARMA,,SAFIYAL H. CLINIC,,,,,,,
7777,NWZ,SOKOTO,GADA,KYADAWA/HOLAI,,WAURU HEALTH CLINIC,,,,,,,
7778,NWZ,SOKOTO,GADA,TSITSE,,GIDAN HASHIMU HEALTH POST,,,,,,,
7779,NWZ,SOKOTO,GORONYO,BINJINGO,,BIRJINGO PHC,,,,,,,
7780,NWZ,SOKOTO,GORONYO,BOYEKAI,,BOYEKAI HEALTH POST ,,,,,,,
7781,NWZ,SOKOTO,GORONYO,GIYAWA,,GIYAWA HEALTH CLINIC,,,,,,,
7782,NWZ,SOKOTO,GORONYO,GORONYO,,ILLELAR HUDA HEALTH CLINIC,,,,,,,
7783,NWZ,SOKOTO,GORONYO,KAGARA,,KAGARA HEALTH POST,,,,,,,
7784,NWZ,SOKOTO,GORONYO,KOJIYO,,BARE HEALTH CLINIC,,,,,,,
7785,NWZ,SOKOTO,GORONYO,KWAKWAZO,,TANTARKWAI HEALTH CLINIC,,,,,,,
7786,NWZ,SOKOTO,GORONYO,RIMAWA,,RIMAWA PHC,,,,,,,
7787,NWZ,SOKOTO,GORONYO,S.GARIN DOLE/D.TASAKAU,,SABON GARIN DOLE PHC,,,,,,,
7788,NWZ,SOKOTO,GORONYO,SHINAKA,,SHINAKA HEALTH CLINIC,,,,,,,
7789,NWZ,SOKOTO,GORONYO,TAKAKUME,,GORAU HEALTH POST ,,,,,,,
7790,NWZ,SOKOTO,GUDU,AWULKITI,,BAREBARI PHC,,,,,,,
7791,NWZ,SOKOTO,GUDU,BACHAKA,,SALAWA BASIC HEALTH CENTRE,,,,,,,
7792,NWZ,SOKOTO,GUDU,BACHAKA,,BACHAKA PHC,,,,,,,
7793,NWZ,SOKOTO,GUDU,BALLE,,RAFIN KUBU HEALTH CLINIC,,,,,,,
7794,NWZ,SOKOTO,GUDU,CHALAS/MAKUYA,,MAKUYA BASIC HEALTH CENTRE,,,,,,,
7795,NWZ,SOKOTO,GUDU,GWAZANGE/BOTO,,YAKA HEALTH CLINIC,,,,,,,
7796,NWZ,SOKOTO,GUDU,KARDULA,,KURDULLA PHC,,,,,,,
7797,NWZ,SOKOTO,GUDU,KARDULA,,DARUSA MUSA BASIC HEALTH CENTRE,,,,,,,
7798,NWZ,SOKOTO,GUDU,KARFEN CHANA,,BUNGEL BASIC HEALTH CENTRE,,,,,,,
7799,NWZ,SOKOTO,GUDU,KARFEN CHANA,,ILLELA HEALTH CLINIC,,,,,,,
7800,NWZ,SOKOTO,GUDU,KARFEN SARKI,,KARFEN SARKI PHC,,,,,,,
7801,NWZ,SOKOTO,GUDU,MARAKEN BORI,,MARAKE HEALTH CLINIC,,,,,,,
7802,NWZ,SOKOTO,GUDU,TUDUN DOYA,,TULLUN DOYA HEALTH POST,,,,,,,
7803,NWZ,SOKOTO,GWADABAWA,ASARA AREWA,,ASARA PRIMARY HEALTH CLINIC,,,,,,,
7804,NWZ,SOKOTO,GWADABAWA,ASARA KUDU,,MAMMANSUKA PHC,,,,,,,
7805,NWZ,SOKOTO,GWADABAWA,ATAKWANYO,,ATAKWANYO HEALTH CLINIC,,,,,,,
7806,NWZ,SOKOTO,GWADABAWA,CHIMMOLA KUDU,,TAMBAGARKA PRIMARY HEALTH CENTRE,,,,,,,
7807,NWZ,SOKOTO,GWADABAWA,CHIMMOLA/AREWA,,CHIMMOLA HEALTH POST,,,,,,,
7808,NWZ,SOKOTO,GWADABAWA,GIDAN KAYA,,GIDAN KAYA HEALTH POST,,,,,,,
7809,NWZ,SOKOTO,GWADABAWA,GIGANE,,MELI HEALTH POST,,,,,,,
7810,NWZ,SOKOTO,GWADABAWA,GWADABAWA,,CHANCHA HEALTH CLINIC,,,,,,,
7811,NWZ,SOKOTO,GWADABAWA,HUCHI,,HUCHI HEALTH CLINIC,,,,,,,
7812,NWZ,SOKOTO,GWADABAWA,MAMMANDE,,MAMMANDE HEALTH POST,,,,,,,
7813,NWZ,SOKOTO,GWADABAWA,SALAME,,SALAME HEALTH CLINIC,,,,,,,
7814,NWZ,SOKOTO,ILLELA,ARABA,,ARABA HEALTH CLINIC,,,,,,,
7815,NWZ,SOKOTO,ILLELA,DANBA,,DAMBA HEALTH CLINIC,,,,,,,
7816,NWZ,SOKOTO,ILLELA,DARNA SABON GARI,,DARNA SABON GARI HEALTH POST,,,,,,,
7817,NWZ,SOKOTO,ILLELA,DARNA TSOLAWO,,DARNA TSOLAWO HEALTH CLINIC,,,,,,,
7818,NWZ,SOKOTO,ILLELA,GARU,,TSANGALAMDAM HEALTH CLINIC,,,,,,,
7819,NWZ,SOKOTO,ILLELA,GIDAN HAMMA,,GIDAN HAMMA HEALTH CLINIC,,,,,,,
7820,NWZ,SOKOTO,ILLELA,GIDAN KATTA,,GIDAN KATTA HEALTH CLINIC,,,,,,,
7821,NWZ,SOKOTO,ILLELA,ILLELA,,TUDUN GUDALE HPOST,,,,,,,
7822,NWZ,SOKOTO,ILLELA,KALMALO,,KALMALO HEALTH CLINIC,,,,,,,
7823,NWZ,SOKOTO,ILLELA,RUGGAR GATI,,RUGAR GATTI HEALTH CLINIC,,,,,,,
7824,NWZ,SOKOTO,ILLELA,TOZAI,,TOZAI HEALTH CLINIC,,,,,,,
7825,NWZ,SOKOTO,ISA,BARGAJA,,DANZANKE HEALTH CLINIC,,,,,,,
7826,NWZ,SOKOTO,ISA,GEBE 'A',,GEBE HEALTH CLINIC,,,,,,,
7827,NWZ,SOKOTO,ISA,GEBE 'B',,SURUDDUBU HEALTH POST,,,,,,,
7828,NWZ,SOKOTO,ISA,ISA NORTH,,TUDUN WADA HEALTH CLINIC,,,,,,,
7829,NWZ,SOKOTO,ISA,ISA SOUTH,,KURAR MOTA HEALTH POST,,,,,,,
7830,NWZ,SOKOTO,ISA,TIDIBALE,,CHOHI HEALTH CLINIC,,,,,,,
7831,NWZ,SOKOTO,ISA,TOZAI,,SATIRU HEALTH CLINIC,,,,,,,
7832,NWZ,SOKOTO,ISA,TSABREN S. DARAI,,ADARAWA HEALTH CLINIC,,,,,,,
7833,NWZ,SOKOTO,ISA,TURBA,,GUMA HEALTH CLINIC,,,,,,,
7834,NWZ,SOKOTO,ISA,YANFAKO,,TAFKIN FILI HEALTH CLINIC,,,,,,,
7835,NWZ,SOKOTO,KEBBE,FAKKU,,FAKKU HEALTH CLINIC,,,,,,,
7836,NWZ,SOKOTO,KEBBE,GIRKAU,,GIRKAU HEALTH CLINIC,,,,,,,
7837,NWZ,SOKOTO,KEBBE,KEBBE EAST,,DUKARA HEALTH CLINIC,,,,,,,
7838,NWZ,SOKOTO,KEBBE,KEBBE WEST,,UMBUTU HEALTH CLINIC,,,,,,,
7839,NWZ,SOKOTO,KEBBE,KUCHI,,KUCHI PHC,,,,,,,
7840,NWZ,SOKOTO,KEBBE,MARGAI 'A',,MARGAI HEALTH CLINIC,,,,,,,
7841,NWZ,SOKOTO,KEBBE,MARGAI 'B',,KARMA HEALTH CLINIC,,,,,,,
7842,NWZ,SOKOTO,KEBBE,NASA GUDU,,NASAGUDU HEALTH CLINIC,,,,,,,
7843,NWZ,SOKOTO,KEBBE,SANGI,,SANGI HEALTH CLINIC,,,,,,,
7844,NWZ,SOKOTO,KEBBE,UNGUSHI,,UNGUSHI HEALTH CLINIC,,,,,,,
7845,NWZ,SOKOTO,KWARE,BANKANO/RUGGAR KADE,,KASGADA PRIMARY HEALTH CENTRE,,,,,,,
7846,NWZ,SOKOTO,KWARE,BASANSA,,BASANSAN PRIMARY HEALTH CENTRE,,,,,,,
7847,NWZ,SOKOTO,KWARE,DURBAWA,,DURBAWA PRIMARY HEALTH CENTRE,,,,,,,
7848,NWZ,SOKOTO,KWARE,G/MODIBBO G/AKWARA,,UMMARUMA PRIMARY HEALTH CENTRE,,,,,,,
7849,NWZ,SOKOTO,KWARE,GIDAN RUGGA,,MORE HEALTH POST,,,,,,,
7850,NWZ,SOKOTO,KWARE,HAMA'ALI/MARABAWA,,HAMMA ALI PRIMARY HEALTH CENTRE,,,,,,,
7851,NWZ,SOKOTO,KWARE,KABANGA,,KABANGA HEALTH POST,,,,,,,
7852,NWZ,SOKOTO,KWARE,KWARE,,KWARE PHC,,,,,,,
7853,NWZ,SOKOTO,KWARE,S/BIRNI/G.KARMA,,BALKORE MODEL PRIMARY HEALTH CENTRE,,,,,,,
7854,NWZ,SOKOTO,KWARE,TSAKI/WALAKA'E,,ZAMAU PRIMARY HEALTH CENTRE,,,,,,,
7855,NWZ,SOKOTO,KWARE,TUNGA/MALLAMAWA,,GIDAN BASAKKARE PRIMARY HEALTH CENTRE,,,,,,,
7856,NWZ,SOKOTO,RABAH,GANDI 'A',,GANDI PHC,,,,,,,
7857,NWZ,SOKOTO,RABAH,GANDI 'B',,ALIKIRU HEALTH CLINIC,,,,,,,
7858,NWZ,SOKOTO,RABAH,GAWAKUKE TOFA,,AWAKUKE PRIMARY HEALTH CENTRE,,,,,,,
7859,NWZ,SOKOTO,RABAH,GWADDODI G.BUWAI,,ANGAMBA HEALTH CLINIC,,,,,,,
7860,NWZ,SOKOTO,RABAH,KURYA,,RAFKWANNI HEALTH POST,,,,,,,
7861,NWZ,SOKOTO,RABAH,RABAH,,TABANNI HEALTH CLINIC,,,,,,,
7862,NWZ,SOKOTO,RABAH,RARA,,RARAH PRIMARY HEALTH CENTRE,,,,,,,
7863,NWZ,SOKOTO,RABAH,RIJI/MAIKUJERA,,RIJI HEALTH POST,,,,,,,
7864,NWZ,SOKOTO,RABAH,TSAMIYA,,TSAMIYA HEALTH CLINIC,,,,,,,
7865,NWZ,SOKOTO,RABAH,TURSA,,SABARU HEALTH POST,,,,,,,
7866,NWZ,SOKOTO,RABAH,YARKASUWA,,YARTSAKKUWA HEALTH CLINIC,,,,,,,
7867,NWZ,SOKOTO,SABON BIRNI,GATAWA,,GATAWA PRI. HEALTH CENTRE,,,,,,,
7868,NWZ,SOKOTO,SABON BIRNI,KALGO,,KALGO PHC,,,,,,,
7869,NWZ,SOKOTO,SABON BIRNI,KURAWA,,KURAWA PRIMARY HEALTH CENTRE,,,,,,,
7870,NWZ,SOKOTO,SABON BIRNI,LAJINGE,,DANTUDU HEALTH CLINIC,,,,,,,
7871,NWZ,SOKOTO,SABON BIRNI,MAKUWANA,,YARBULUTU HEALTH POST,,,,,,,
7872,NWZ,SOKOTO,SABON BIRNI,SABON BIRNI EAST,,TAKATSABA HEALTH POST,,,,,,,
7873,NWZ,SOKOTO,SABON BIRNI,SABON BIRNI WEST,,JANGWARZO PHC,,,,,,,
7874,NWZ,SOKOTO,SABON BIRNI,TARA,,TARA HEALTH CLINIC,,,,,,,
7875,NWZ,SOKOTO,SABON BIRNI,TSAMAYE,,TSAMAYE HEALTH POST,,,,,,,
7876,NWZ,SOKOTO,SABON BIRNI,UNGUWAL LALLE,,UNGUWAR LALLE HEALTH POST,,,,,,,
7877,NWZ,SOKOTO,SHAGARI,DANDIN MAHE,,DANDIN MAHE PRIMARY HEALTH CARE,,,,,,,
7878,NWZ,SOKOTO,SHAGARI,GANGAM,,GANGAM HEALTH CLINIC,,,,,,,
7879,NWZ,SOKOTO,SHAGARI,HORO BIRNI,,MODEL PRIMARY HEALTH CARE HORO BIRNI,,,,,,,
7880,NWZ,SOKOTO,SHAGARI,JAREDI,,JAREDI HEALTH CLINIC,,,,,,,
7881,NWZ,SOKOTO,SHAGARI,KAJIJI,,KAJIJI HEALTH POST,,,,,,,
7882,NWZ,SOKOTO,SHAGARI,KAMBAMA,,KAMBAMA HEALTH POST,,,,,,,
7883,NWZ,SOKOTO,SHAGARI,LAMBARA,,LAMBARA HEALTH CLINIC,,,,,,,
7884,NWZ,SOKOTO,SHAGARI,MANDERA,,MANDERA HEALTH CLINIC,,,,,,,
7885,NWZ,SOKOTO,SHAGARI,SANYINNAWAL,,SANYINNAWAL HEALTH CLINIC,,,,,,,
7886,NWZ,SOKOTO,SILAME,GANDE EAST,,GANDE PRIMARY HEALTH CENTRE,,,,,,,
7887,NWZ,SOKOTO,SILAME,GANDE WEST,,GAUKAI HEALTH POST,,,,,,,
7888,NWZ,SOKOTO,SILAME,KATAMI NORTH,,TUNGA ATTO HEALTH CLINIC,,,,,,,
7889,NWZ,SOKOTO,SILAME,KATAMI SOUTH,,KATAMI HEALTH CLINIC,,,,,,,
7890,NWZ,SOKOTO,SILAME,KUBODU NORTH,,KUBODU HEALTH CLINIC,,,,,,,
7891,NWZ,SOKOTO,SILAME,KUBODU SOUTH,,GABBUWAR TUDU HEALTH CLINIC,,,,,,,
7892,NWZ,SOKOTO,SILAME,LABANI,,BETARE HEALTH CLINIC,,,,,,,
7893,NWZ,SOKOTO,SILAME,MARAFA EAST,,DANJAWA HEALTH CLINIC,,,,,,,
7894,NWZ,SOKOTO,SILAME,MARAFA WEST,,MAJE HEALTH POST,,,,,,,
7895,NWZ,SOKOTO,SILAME,SILAME,,SILAME PHC,,,,,,,
7896,NWZ,SOKOTO,SOKOTO NORTH,MAGAJIN GARI 'A',,HELELE HEALTH CLINIC,,,,,,,
7897,NWZ,SOKOTO,SOKOTO NORTH,MAGAJIN GARI 'B',,ASSADA HEALTH CLINIC,,,,,,,
7898,NWZ,SOKOTO,SOKOTO NORTH,MAGAJIN RAFI 'A',,ALKAMAWA HEALTH CLINIC,,,,,,,
7899,NWZ,SOKOTO,SOKOTO NORTH,MAGAJIN RAFI 'B',,PHC RAMEN IGE,,,,,,,
7900,NWZ,SOKOTO,SOKOTO NORTH,S/ADAR G.IGWAI,,RUNJIN SAMBO HEALTH CLINIC,,,,,,,
7901,NWZ,SOKOTO,SOKOTO NORTH,S/ADAR GANDU,,KOFAR KADE PHC,,,,,,,
7902,NWZ,SOKOTO,SOKOTO NORTH,SARKIN MUSULMI 'A',,KWANDAWA PHC,,,,,,,
7903,NWZ,SOKOTO,SOKOTO NORTH,SARKIN MUSULMI 'B',,RINI TAWAYE HEALTH CLINIC,,,,,,,
7904,NWZ,SOKOTO,SOKOTO NORTH,WAZIRI 'A',,RUMBUKAWA HEALTH CLINIC,,,,,,,
7905,NWZ,SOKOTO,SOKOTO NORTH,WAZIRI 'B',,BAZZA PHC,,,,,,,
7906,NWZ,SOKOTO,SOKOTO NORTH,WAZIRI 'C',,KOFAR RINI PRIMARY HEALTH CARE CENTER,,,,,,,
7907,NWZ,SOKOTO,SOKOTO SOUTH,GAGI 'B',,MABERA MUJAYA HEALTH POST,,,,,,,
7908,NWZ,SOKOTO,SOKOTO SOUTH,GAGI 'C',,MABERA HEALTH CLINIC,,,,,,,
7909,NWZ,SOKOTO,SOKOTO SOUTH,RIJIYAR DOROWA 'B',,SHIEK GUMMI HEALTH CLINIC,,,,,,,
7910,NWZ,SOKOTO,SOKOTO SOUTH,SARKIN ADAR KWANNI,,ALIYU JODI HEALTH CLINIC,,,,,,,
7911,NWZ,SOKOTO,SOKOTO SOUTH,SARKIN ADAR KWANNI,,KWANNI PRIMARY HEALTH CLINIC,,,,,,,
7912,NWZ,SOKOTO,SOKOTO SOUTH,SARKIN ZAMFAR 'A',,GAGI HEALTH CLINIC,,,,,,,
7913,NWZ,SOKOTO,SOKOTO SOUTH,SARKIN ZAMFAR 'A',,TURAKI HEALTH CLINIC,,,,,,,
7914,NWZ,SOKOTO,SOKOTO SOUTH,SARKIN ZAMFAR 'B',,YAR AKIJA HEALTH CLINIC,,,,,,,
7915,NWZ,SOKOTO,SOKOTO SOUTH,TUDUN WADA 'A',,TUDUN WADA HEALTH CLINIC,,,,,,,
7916,NWZ,SOKOTO,SOKOTO SOUTH,TUDUN WADA 'B',,MINANATA HEALTH CLINIC,,,,,,,
7917,NWZ,SOKOTO,TAMBUWAL,BAGIDA/LUKKINGO,,MARADU HEALTH CLINIC,,,,,,,
7918,NWZ,SOKOTO,TAMBUWAL,BAGIDA/LUKKINGO,,DAM MADI HEALTH POST,,,,,,,
7919,NWZ,SOKOTO,TAMBUWAL,BAKAYA S/BIRNI,,MADACCI HEALTH POST,,,,,,,
7920,NWZ,SOKOTO,TAMBUWAL,BARKEJI/NABAGUDA,,NABAGUDA HEALTH CLINIC,,,,,,,
7921,NWZ,SOKOTO,TAMBUWAL,BASHIRE/MAIKADA,,PHC BASHIRE,,,,,,,
7922,NWZ,SOKOTO,TAMBUWAL,DOGON DAJI/SALAH,,BANCHO HEALTH CLINIC,,,,,,,
7923,NWZ,SOKOTO,TAMBUWAL,FAGA/ALASAN,,ALASSAN PHC,,,,,,,
7924,NWZ,SOKOTO,TAMBUWAL,JABO/KAGARA,,JABO PHC,,,,,,,
7925,NWZ,SOKOTO,TAMBUWAL,ROMO SARKI,,ROMON SARKI HEALTH CLINIC,,,,,,,
7926,NWZ,SOKOTO,TAMBUWAL,SAIDA/GOSHE,,BUWADE HEALTH CLINIC,,,,,,,
7927,NWZ,SOKOTO,TAMBUWAL,SANYINNA,,SANYINNA PHC,,,,,,,
7928,NWZ,SOKOTO,TAMBUWAL,TAMBUWAL/SHINFIRI,,SHINFIRI HEALTH CLINIC,,,,,,,
7929,NWZ,SOKOTO,TANGAZA,GIDAN MADI,,GIDAN MADI HEALTH CLINIC,,,,,,,
7930,NWZ,SOKOTO,TANGAZA,KALANJENI,,KAURA HEALTH CLINIC,,,,,,,
7931,NWZ,SOKOTO,TANGAZA,KWACCE HURU,,KWANNAWA HEALTH CLINIC,,,,,,,
7932,NWZ,SOKOTO,TANGAZA,MAGONHO,,MOGONHO HEALTH CLINIC,,,,,,,
7933,NWZ,SOKOTO,TANGAZA,RAKA,,RAKA HEALTH CLINIC,,,,,,,
7934,NWZ,SOKOTO,TANGAZA,RUWA WURI,,RUWA WURI PHC,,,,,,,
7935,NWZ,SOKOTO,TANGAZA,SAKKWAI,,SAKWAI HEALTH CLINIC,,,,,,,
7936,NWZ,SOKOTO,TANGAZA,SALEWA,,BAUNI HEALTH CLINIC,,,,,,,
7937,NWZ,SOKOTO,TANGAZA,SUTTI/KWARAKA,,CHINGORA HEALTH CLINIC,,,,,,,
7938,NWZ,SOKOTO,TANGAZA,TANGAZA,,GURDAM HEALTH CLINIC,,,,,,,
7939,NWZ,SOKOTO,TURETA,BARAYAR GIWA,,DANGULBI HEALTH CLINIC,,,,,,,
7940,NWZ,SOKOTO,TURETA,DUMA,,DUMA HEALTH CLINIC,,,,,,,
7941,NWZ,SOKOTO,TURETA,FURA GIRKE,,FURA GIRKE HEALTH CLINIC,,,,,,,
7942,NWZ,SOKOTO,TURETA,GIDAN KARE/B/MASA,,GIDAN KARE HEALTH CLINIC,,,,,,,
7943,NWZ,SOKOTO,TURETA,KURUWA,,KURUWA HEALTH POST,,,,,,,
7944,NWZ,SOKOTO,TURETA,KWARARE,,KWARARE HEALTH CLINIC,,,,,,,
7945,NWZ,SOKOTO,TURETA,LAMBAR TURETA,,LAMBAR TURETA PHC,,,,,,,
7946,NWZ,SOKOTO,TURETA,LOFA,,LOFA HEALTH CLINIC,,,,,,,
7947,NWZ,SOKOTO,TURETA,TSAMIYA,,TSAMIYA PHC,,,,,,,
7948,NWZ,SOKOTO,TURETA,TURETA GARI,,RAFIN BUDE HEALTH CLINIC,,,,,,,
7949,NWZ,SOKOTO,WAMAKKO,ARKILLA,,GUIWA PRIMARY HEALTH CENTRE,,,,,,,
7950,NWZ,SOKOTO,WAMAKKO,BADO/KASARAWA,,KASARAWA PRIMARY HEALTH CENTRE,,,,,,,
7951,NWZ,SOKOTO,WAMAKKO,DUNDAYE/GUN BORAW,,YARLABE PRIMARY HEALTH CENTRE,,,,,,,
7952,NWZ,SOKOTO,WAMAKKO,G.BUBUB/G.YARO,,GIDAN BUBU PRIMARY HEALTH CENTRE,,,,,,,
7953,NWZ,SOKOTO,WAMAKKO,G.HAMIDU/G.KAYA,,GIDAN HAME PRIMARY HEALTH CENTRE,,,,,,,
7954,NWZ,SOKOTO,WAMAKKO,GUMBI/WAJEKE,,GUMBI PRIMARY HEALTH CENTRE,,,,,,,
7955,NWZ,SOKOTO,WAMAKKO,GWAMATSE,,SAMALO HEALTH POST,,,,,,,
7956,NWZ,SOKOTO,WAMAKKO,K.KINBA/GEDAWA,,GEDAWA HEALTH POST,,,,,,,
7957,NWZ,SOKOTO,WAMAKKO,KALAMBAINA/GIRABSI,,BAKIN KUSU HEALTH CLINIC,,,,,,,
7958,NWZ,SOKOTO,WAMAKKO,KAMMATA,,YARUME PRIMARY HEALTH CENTRE,,,,,,,
7959,NWZ,SOKOTO,WAMAKKO,WAMAKKO,,WAMAKKO PRIMARY HEALTH CENTRE,,,,,,,
7960,NWZ,SOKOTO,WURNO,ACHIDA,,ACHIDA P. HEALTH CLINIC,,,,,,,
7961,NWZ,SOKOTO,WURNO,ALKAMMU/GYELGYEL,,KANDAM HEALTH POST,,,,,,,
7962,NWZ,SOKOTO,WURNO,CHACHO/MARNONA,,SABON GARIN LIMAN HEALTH POST,,,,,,,
7963,NWZ,SOKOTO,WURNO,DIMBISO,,DIMBISO HEALTH POST,,,,,,,
7964,NWZ,SOKOTO,WURNO,DINAWA,,DINAWA HEALTH CLINIC,,,,,,,
7965,NWZ,SOKOTO,WURNO,KWARGABA,,LUGU HEALTH POST,,,,,,,
7966,NWZ,SOKOTO,WURNO,KWASARE/SISAWA,,KWASARE HEALTH POST,,,,,,,
7967,NWZ,SOKOTO,WURNO,LAHODU/G.BANGO,,LAHUDO HEALTH POST,,,,,,,
7968,NWZ,SOKOTO,WURNO,MAGARYA,,MAGARYA HEALTH POST,,,,,,,
7969,NWZ,SOKOTO,WURNO,MARAFA,,WURNO TOWNSHIP HEALTH POST,,,,,,,
7970,NWZ,SOKOTO,WURNO,TUNGA WARD,,TUNGA PHC,,,,,,,
7971,NWZ,SOKOTO,YABO,BAKALE,,BAKALE HEALTH CLINIC,,,,,,,
7972,NWZ,SOKOTO,YABO,BINGAJE,,BENGAJE HEALTH CLINIC,,,,,,,
7973,NWZ,SOKOTO,YABO,BINJI (MUZA),,BINJIN MUZA PHC,,,,,,,
7974,NWZ,SOKOTO,YABO,BIRNIN RUWA,,BININ RUWA HEALTH CLINIC,,,,,,,
7975,NWZ,SOKOTO,YABO,DAGAWA,,DAGAWA PRIMARY HEALTH CENTER,,,,,,,
7976,NWZ,SOKOTO,YABO,FAKKA,,FAKKA HEALTH CLINIC,,,,,,,
7977,NWZ,SOKOTO,YABO,KILGORI,,KILGORI PHC,,,,,,,
7978,NWZ,SOKOTO,YABO,TORANKAWA,,TORANKAWA HEALTH CLINIC,,,,,,,
7979,NWZ,SOKOTO,YABO,YABO 'A',,WOMEN & CHILDREN HEALTH CLINIC,,,,,,,
7980,NWZ,SOKOTO,YABO,YABO 'B',,PHC KAURA,,,,,,,
7981,NEZ,TARABA,ARDO KOLA,ALIM GORA,,ALINGORA PHC,,,,,,,
7982,NEZ,TARABA,ARDO KOLA,ARDO KOLA,,ARDO KOLA PHC,,,,,,,
7983,NEZ,TARABA,ARDO KOLA,IWARE,,IWARE PHC,,,,,,,
7984,NEZ,TARABA,ARDO KOLA,JAURO YINU,,KOFAI PHC,,,,,,,
7985,NEZ,TARABA,ARDO KOLA,LAMIDO BORNO,,LAMIDO BORNO PHC,,,,,,,
7986,NEZ,TARABA,ARDO KOLA,MAYO RANEWO,,MAYO RENEWO PHC,,,,,,,
7987,NEZ,TARABA,ARDO KOLA,SARKIN DUTSE,,MALLUM PHC,,,,,,,
7988,NEZ,TARABA,ARDO KOLA,SUNKANI,,BAKIN DUTSE,,,,,,,
7989,NEZ,TARABA,ARDO KOLA,TAU,,TAU PHC,,,,,,,
7990,NEZ,TARABA,ARDO KOLA,ZONGON KOMBI,,ZANGON KOMBI PHC,,,,,,,
7991,NEZ,TARABA,BALI,BADAKOSHI,,MAYO KAM PHC,,,,,,,
7992,NEZ,TARABA,BALI,BALI 'A',,GAZABU PHC,,,,,,,
7993,NEZ,TARABA,BALI,BALI 'B',,BALI TOWN HC,,,,,,,
7994,NEZ,TARABA,BALI,GANDOIE,,DAKKA PHCC,,,,,,,
7995,NEZ,TARABA,BALI,GANLARI,,JAURO IBRAHIM PHCC,,,,,,,
7996,NEZ,TARABA,BALI,GANMATA,,PAMANGA PHC,,,,,,,
7997,NEZ,TARABA,BALI,GANTI BA,,DEUKUSUM PHC,,,,,,,
7998,NEZ,TARABA,BALI,KAIGAMA,,GARBA CHEDE PHC,,,,,,,
7999,NEZ,TARABA,BALI,MAIHUIA,,MAI HULA PHCC,,,,,,,
8000,NEZ,TARABA,BALI,SUNTAI,,SUNTAI PHCC,,,,,,,
8001,NEZ,TARABA,BALI,TAKALAFIYA,,TAKA LAFIYA PHC,,,,,,,
8002,NEZ,TARABA,DONGA,AKATE,,AKATE PHC,,,,,,,
8003,NEZ,TARABA,DONGA,ASIBITI,,ANANUM PHCC,,,,,,,
8004,NEZ,TARABA,DONGA,FADA,,GIDAN-MAIMAGANI PHCC,,,,,,,
8005,NEZ,TARABA,DONGA,FIINDA-DUTSE/KUMBO,,KUMBO PHCC,,,,,,,
8006,NEZ,TARABA,DONGA,FIJAMA/GAYAMA,,GAYAMA PHCC,,,,,,,
8007,NEZ,TARABA,DONGA,GYATTA-AURE,,GYATA AURE HEALTH CENTRE,,,,,,,
8008,NEZ,TARABA,DONGA,KADARKO,,KADARKO PHCC,,,,,,,
8009,NEZ,TARABA,DONGA,MARARRABA,,MARARABA PHC,,,,,,,
8010,NEZ,TARABA,DONGA,NYITA,,NYITA HC,,,,,,,
8011,NEZ,TARABA,DONGA,SUNTAI,,SUNTAI PHCC,,,,,,,
8012,NEZ,TARABA,GASHAKA,GALUMJINA,,GAMEN PHC,,,,,,,
8013,NEZ,TARABA,GASHAKA,GANGUMI,,GANGUMI PHCC,,,,,,,
8014,NEZ,TARABA,GASHAKA,GARBABI,,GARBABI PHC,,,,,,,
8015,NEZ,TARABA,GASHAKA,GASHAKA,,GASHAKA PHCC,,,,,,,
8016,NEZ,TARABA,GASHAKA,GAYAM,,GAYAM PHC,,,,,,,
8017,NEZ,TARABA,GASHAKA,JAMTARI,,JAMTARI PHC,,,,,,,
8018,NEZ,TARABA,GASHAKA,MAIIDANA,,BAM PHC,,,,,,,
8019,NEZ,TARABA,GASHAKA,MAYO SELBE,,PHCC MAYO SELBE,,,,,,,
8020,NEZ,TARABA,GASHAKA,SERTI 'A',,HAMMANGABDO PHCC,,,,,,,
8021,NEZ,TARABA,GASHAKA,SERTI 'B',,ALFA PHC,,,,,,,
8022,NEZ,TARABA,GASSOL,GASSOL,,GASSOL PHCC,,,,,,,
8023,NEZ,TARABA,GASSOL,GUNDUNMA,,GUNDUMA PHCC,,,,,,,
8024,NEZ,TARABA,GASSOL,MUTUM BIYU II,,"MUTUM BIYU PHCC

",,,,,,,
8025,NEZ,TARABA,GASSOL,MUTUM-BIYU 'I',,KWATAN NANIDO PHC,,,,,,,
8026,NEZ,TARABA,GASSOL,NAMNAI,,NAMNAI PHC,,,,,,,
8027,NEZ,TARABA,GASSOL,SABON -GIDA,,DAN'ANACHA PHCC,,,,,,,
8028,NEZ,TARABA,GASSOL,SARKIN-SHIRA,,JAURO MANU PHCC,,,,,,,
8029,NEZ,TARABA,GASSOL,SENDIRDE,,SENDIRDE PHCC,,,,,,,
8030,NEZ,TARABA,GASSOL,TUTARE,,TUTARE PHCC,,,,,,,
8031,NEZ,TARABA,GASSOL,WUROJAM,,SANSANI PHC,,,,,,,
8032,NEZ,TARABA,GASSOL,WURYO,,TELLA PHCC,,,,,,,
8033,NEZ,TARABA,GASSOL,YERIMA,,YERIMA PHCC,,,,,,,
8034,NEZ,TARABA,IBI,DAMPAR I,,DAMPAR PHC,,,,,,,
8035,NEZ,TARABA,IBI,DAMPAR II,,MAVO PHCC,,,,,,,
8036,NEZ,TARABA,IBI,DAMPAR III,,MAJI BIYU PHC,,,,,,,
8037,NEZ,TARABA,IBI,NWONYO I,,IBI TOWNSHIP PHC,,,,,,,
8038,NEZ,TARABA,IBI,NWONYO II,,UNGUWAN KABAWA PHC IBI,,,,,,,
8039,NEZ,TARABA,IBI,RIMI-UKU I,,UNGUWAN DAMPAR PHC IBI,,,,,,,
8040,NEZ,TARABA,IBI,RIMI-UKUII,,GINDIN WAYA PHC,,,,,,,
8041,NEZ,TARABA,IBI,SARKIN-KUDU III,,DOOSHIMA-2 PHCC,,,,,,,
8042,NEZ,TARABA,IBI,SERKIN-KUDU I,,PHC SARKIN KUDU,,,,,,,
8043,NEZ,TARABA,IBI,SERKIN-KUDU II,,ALGON CLINIC SARKIN-KUDU II,,,,,,,
8044,NEZ,TARABA,JALINGO,BABARE YELWA,,YELWA PHCC,,,,,,,
8045,NEZ,TARABA,JALINGO,BARADE,,NEW BARADE HC,,,,,,,
8046,NEZ,TARABA,JALINGO,K/SHABE,,WURO SEMBE 1 PHC,,,,,,,
8047,NEZ,TARABA,JALINGO,KONA,,KONA PHCC,,,,,,,
8048,NEZ,TARABA,JALINGO,MAJIDADI,,MAFINDI PHC,,,,,,,
8049,NEZ,TARABA,JALINGO,MAYO GWOI,,MAYO GWOI PHC,,,,,,,
8050,NEZ,TARABA,JALINGO,S/DAWAKI,,JALINGO TOWN PHC,,,,,,,
8051,NEZ,TARABA,JALINGO,SINTALI,,HON IMAM PHC,,,,,,,
8052,NEZ,TARABA,JALINGO,TURAKI A,,TURAKI A PHC,,,,,,,
8053,NEZ,TARABA,JALINGO,TURAKI B,,SABON GARI PRAMARY HEALTH CARE CENTRE,,,,,,,
8054,NEZ,TARABA,KARIM LAMIDO,AMAR,,AMAR PHC,,,,,,,
8055,NEZ,TARABA,KARIM LAMIDO,ANDAMI,,ANDAMIN PHCC,,,,,,,
8056,NEZ,TARABA,KARIM LAMIDO,BACHAMA,,SABON-LAYI PHCC,,,,,,,
8057,NEZ,TARABA,KARIM LAMIDO,BIKWIN,,GWOMU DISPENSARY,,,,,,,
8058,NEZ,TARABA,KARIM LAMIDO,DAROFAI,,ZAILANI DISPENSARY,,,,,,,
8059,NEZ,TARABA,KARIM LAMIDO,DIDANGU,,DIDANGO PHC,,,,,,,
8060,NEZ,TARABA,KARIM LAMIDO,JEN ARDIDO,,JEN PHC,,,,,,,
8061,NEZ,TARABA,KARIM LAMIDO,JEN KAIGANA,,BAMBUKA PHC,,,,,,,
8062,NEZ,TARABA,KARIM LAMIDO,KARIM 'A',,KARIM PHCC,,,,,,,
8063,NEZ,TARABA,KARIM LAMIDO,KARIM'B',,KODAI PHCC,,,,,,,
8064,NEZ,TARABA,KARIM LAMIDO,KWANCHI,,MUTUN DAYA DISPENSARY,,,,,,,
8065,NEZ,TARABA,KURMI,ABONG,,ABONG PHC,,,,,,,
8066,NEZ,TARABA,KURMI,AKWENETO/BOKO,,"SABON GIDAN AKWANWE HEALTH 
CENTER",,,,,,,
8067,NEZ,TARABA,KURMI,ASHUKU/ENEME,,ASHUKU PHC,,,,,,,
8068,NEZ,TARABA,KURMI,BASSA,,PHC BASSA,,,,,,,
8069,NEZ,TARABA,KURMI,BENTE /GALEA,,BENTE PHCC,,,,,,,
8070,NEZ,TARABA,KURMI,BISSAULA,,GATARI PHCC,,,,,,,
8071,NEZ,TARABA,KURMI,DIDAN,,DIDAN PHCC,,,,,,,
8072,NEZ,TARABA,KURMI,NDAFORO /GWANDA,,NDAFARO PHC,,,,,,,
8073,NEZ,TARABA,KURMI,NJUANDE,,ASHA PHCC,,,,,,,
8074,NEZ,TARABA,KURMI,NYIDO /TOSSO,,NYIDDO TOSSO PHCC,,,,,,,
8075,NEZ,TARABA,LAU,ABBARE I,,ABBARE PHCC,,,,,,,
8076,NEZ,TARABA,LAU,DONADDA,,DONADDA PHCC,,,,,,,
8077,NEZ,TARABA,LAU,GARIN DOGO,,GARIN DOGO PHC,,,,,,,
8078,NEZ,TARABA,LAU,GARIN MAGAJI,,GARIN MAGAJI PHCC,,,,,,,
8079,NEZ,TARABA,LAU,JIM LARI,,JIMLARI HEALTH CENTRE,,,,,,,
8080,NEZ,TARABA,LAU,KUNINI,,"COMPREHENSIVE HEALTH CENTRE 
KUNINI",,,,,,,
8081,NEZ,TARABA,LAU,LAU I,,LAU PHCC,,,,,,,
8082,NEZ,TARABA,LAU,LAU II,,BANDAWA VINNA PHC,,,,,,,
8083,NEZ,TARABA,LAU,MAYO LOPE,,MAYOLOPE PHCC,,,,,,,
8084,NEZ,TARABA,LAU,YITTI,,YITTI PHCC,,,,,,,
8085,NEZ,TARABA,SARDAUNA,GEMBU 'A',,NGIAH DISPENSARY,,,,,,,
8086,NEZ,TARABA,SARDAUNA,GEMBU 'B',,LEME FUAH HEALTH FACILITY,,,,,,,
8087,NEZ,TARABA,SARDAUNA,KABRI,,KABRI SONG BARKI DISPENSARY,,,,,,,
8088,NEZ,TARABA,SARDAUNA,KAKARA,,KAKARA MATERNITY CLINIC MDG,,,,,,,
8089,NEZ,TARABA,SARDAUNA,MAGU,,ZONGO AJAH DISPENSARY,,,,,,,
8090,NEZ,TARABA,SARDAUNA,MAYO NDAGA,,MAYO NDAGA MATERNITY,,,,,,,
8091,NEZ,TARABA,SARDAUNA,MBAMNGA,,MBAMNGA MATERNITY CLINIC,,,,,,,
8092,NEZ,TARABA,SARDAUNA,NDUMYAJI,,NDUM YAJI DISPENSARY,,,,,,,
8093,NEZ,TARABA,SARDAUNA,NGUROJE,,NGUROJE MODEL DISPENSARY,,,,,,,
8094,NEZ,TARABA,SARDAUNA,TITONG,,NGUBIN BASIC HC,,,,,,,
8095,NEZ,TARABA,SARDAUNA,WARWAR,,VAKUDE HEALTH FACILITY,,,,,,,
8096,NEZ,TARABA,TAKUM,BETE,,BETE PHC,,,,,,,
8097,NEZ,TARABA,TAKUM,CHANCHANJI,,CHANCHANJI PHC,,,,,,,
8098,NEZ,TARABA,TAKUM,DUTSE,,DUTSE PHC,,,,,,,
8099,NEZ,TARABA,TAKUM,FETE,,TAMPA PHC,,,,,,,
8100,NEZ,TARABA,TAKUM,GAHWETUN,,NBAKPA PHCC,,,,,,,
8101,NEZ,TARABA,TAKUM,KASHIMBILA,,KASHIMBILA PHC,,,,,,,
8102,NEZ,TARABA,TAKUM,MANYA,,MANYA PHC,,,,,,,
8103,NEZ,TARABA,TAKUM,ROGO,,HIGH MAMMY PHC,,,,,,,
8104,NEZ,TARABA,TAKUM,SHIBONG,,BARIKI LISSA PHC,,,,,,,
8105,NEZ,TARABA,TAKUM,TIKARI,,GEN TY DANJUMA PHC,,,,,,,
8106,NEZ,TARABA,TAKUM,YUKUBEN,,"SABON GIDA MATERNAL CHILD
HEALTH CENTRE",,,,,,,
8107,NEZ,TARABA,USSA,FIKYU,,FIKYU-NYIM PHCC,,,,,,,
8108,NEZ,TARABA,USSA,JENUWA GIDA,,JENUWA-GIDA PHCC,,,,,,,
8109,NEZ,TARABA,USSA,JENUWA KOGI,,JENUWA-KOGI PHCC,,,,,,,
8110,NEZ,TARABA,USSA,KPAMBO,,KPAMBO R ABOUT PHC,,,,,,,
8111,NEZ,TARABA,USSA,KPAMBO PURI,,KPAMBO-PURI PHCC,,,,,,,
8112,NEZ,TARABA,USSA,KWAMBAI,,KWANBAI PHCC,,,,,,,
8113,NEZ,TARABA,USSA,KWESATI,,KWESATI PHCC,,,,,,,
8114,NEZ,TARABA,USSA,LISSAM I,,COSTINE PHC,,,,,,,
8115,NEZ,TARABA,USSA,LISSAM II,,LISSAM 11 PHC,,,,,,,
8116,NEZ,TARABA,USSA,LUMBU,,"LUMBU RIKWENRIKA MATERNAL
CHILD HEALTH HC",,,,,,,
8117,NEZ,TARABA,USSA,RUFU,,RUFU PHCC,,,,,,,
8118,NEZ,TARABA,WUKARI,AKWANA,,ARUFU PHCC,,,,,,,
8119,NEZ,TARABA,WUKARI,AVYI,,PWADZU HC,,,,,,,
8120,NEZ,TARABA,WUKARI,BANTAJE,,BANTAJE BASIC HEALTH CENTRE,,,,,,,
8121,NEZ,TARABA,WUKARI,CHONKU,,BYEGYA PHCC,,,,,,,
8122,NEZ,TARABA,WUKARI,HOSPITAL,,WAPANGHAKU PHC,,,,,,,
8123,NEZ,TARABA,WUKARI,JIBU,,BYEPYI HC,,,,,,,
8124,NEZ,TARABA,WUKARI,KENTE,,KENTE PHCC,,,,,,,
8125,NEZ,TARABA,WUKARI,PUJE,,"MATERNAL AND CHILD HEALTH
WUKARI",,,,,,,
8126,NEZ,TARABA,WUKARI,RAFIN KADA,,RAFIN KADA PHC,,,,,,,
8127,NEZ,TARABA,WUKARI,TSOKUNDI,,TSOKUNDI MODEL HC,,,,,,,
8128,NEZ,TARABA,YORRO,BIKASSA I,,KASSA PHCC,,,,,,,
8129,NEZ,TARABA,YORRO,BIKASSA II,,DANKUM PHCC,,,,,,,
8130,NEZ,TARABA,YORRO,NYAJA I,,NYAJA PHC,,,,,,,
8131,NEZ,TARABA,YORRO,NYAJA II,,KAJONG PHCC,,,,,,,
8132,NEZ,TARABA,YORRO,PANTI SAWA I,,PANTISAWA PHC,,,,,,,
8133,NEZ,TARABA,YORRO,PANTI SAWA II,,LAPO PHCC,,,,,,,
8134,NEZ,TARABA,YORRO,PUPULE I,,PUPULE PHCC,,,,,,,
8135,NEZ,TARABA,YORRO,PUPULE II,,MIKA PHCC,,,,,,,
8136,NEZ,TARABA,YORRO,PUPULE III,,MANANG LAKAARE PHCC,,,,,,,
8137,NEZ,TARABA,YORRO,SUMBU I,,LANKAVIRI PHCC,,,,,,,
8138,NEZ,TARABA,YORRO,SUMBU II,,GONGONG MALIKI PHCC,,,,,,,
8139,NEZ,TARABA,ZING,BITAKO,,BITAKO YALI PHC,,,,,,,
8140,NEZ,TARABA,ZING,BUBONG,,NBOSUNG PHCC,,,,,,,
8141,NEZ,TARABA,ZING,DINDING,,DINDING PHC,,,,,,,
8142,NEZ,TARABA,ZING,LAMMA,,LAMMA PHCC,,,,,,,
8143,NEZ,TARABA,ZING,MONKIN 'A',,MONKIN MATERNAL AND CHILD HC,,,,,,,
8144,NEZ,TARABA,ZING,MONKIN 'B',,KOSENSI PHCC,,,,,,,
8145,NEZ,TARABA,ZING,YAKOKO,,YAKOKO PHC,,,,,,,
8146,NEZ,TARABA,ZING,ZING A1,,ZING TOWNSHIP PHC,,,,,,,
8147,NEZ,TARABA,ZING,ZING AII,,KAKULU PHCC,,,,,,,
8148,NEZ,TARABA,ZING,ZING 'B',,TAGALAN PHCC,,,,,,,
8149,NEZ,YOBE,BADE,DAGONA,DAGONA,DAGONA PHCC,,,,,,,
8150,NEZ,YOBE,BADE,GWIO-KURA,GWIO KURA,GWIO KURA PHCC,,,,,,,
8151,NEZ,YOBE,BADE,KATURU,KATUZU,KATUZU PHCC,,,,,,,
8152,NEZ,YOBE,BADE,LAWAN AUDU/ALUWAU,SABON GARI,GARIN LAMIDO PHCC,,,,,,,
8153,NEZ,YOBE,BADE,LAWAN FANNAMI,LAWAN FANNAMI,BABUJE PHCC,,,,,,,
8154,NEZ,YOBE,BADE,LAWAN MUSA,LAWAN MUSA,LAWAN MUSA PHCC,,,,,,,
8155,NEZ,YOBE,BADE,SARKIN HAUSAWA,SARKIN HAUSAWA,SARKIN HAUSAWA PHCC,,,,,,,
8156,NEZ,YOBE,BADE,SUGOM|/TAGALI,SUGUM TAGALI,SUGUM PHCC,,,,,,,
8157,NEZ,YOBE,BADE,USUR/DAWAYO,DAWAYO,DAWAYO PHCC,,,,,,,
8158,NEZ,YOBE,BADE,ZANGON M/ UMAR ,ZANGO,PHC ZANGO,,,,,,,
8159,NEZ,YOBE,BURSARI,BAYAMAMARI,BAYAMARI,BAYAMARI PHCC,,,,,,,
8160,NEZ,YOBE,BURSARI,DAPCHI,DAPCHI,IG PHCC,,,,,,,
8161,NEZ,YOBE,BURSARI,GARUNDOLE /JAWA,JAWA/GARUNDOLE,JAWA PHCC,,,,,,,
8162,NEZ,YOBE,BURSARI,GUBA / DAPSO,GUBA,GUBA PHCC,,,,,,,
8163,NEZ,YOBE,BURSARI,GUTI / METALARI,GUJIMETALARI,AJIRI PHCC,,,,,,,
8164,NEZ,YOBE,BURSARI,KURNAWA,Kurnawa,Kurnawa PHCC,,,,,,,
8165,NEZ,YOBE,BURSARI,MASABA,Masaba,Masaba PHCC,,,,,,,
8166,NEZ,YOBE,BURSARI,KALIYARI,KALIYARI,KALIYARI PHCC,,,,,,,
8167,NEZ,YOBE,DAMATURU,BINDIGARI/FAWARI,BINDIGARI/PAWARI,FORESTRY PHCC,,,,,,,
8168,NEZ,YOBE,DAMATURU,DAMAKASU,DAMAKASU,DAMAKASU PHCC,,,,,,,
8169,NEZ,YOBE,DAMATURU,DAMATURU CENTRE,DAMATURU/CENTRAL,MAIRI PHCC,,,,,,,
8170,NEZ,YOBE,DAMATURU,GAMBIR/ MADURI,GAMBIR/MODURI,GAMBIR PHCC,,,,,,,
8171,NEZ,YOBE,DAMATURU,KALALLAWA/GABAI,KALALLAWA/GABAI,GABAI PHCC,,,,,,,
8172,NEZ,YOBE,DAMATURU,KUKARETA/WARSALA,KUKARETA/WARSALA,KUKARETA PHCC,,,,,,,
8173,NEZ,YOBE,DAMATURU,SASAWA/KABARU,SASAWA/KABARU,Sasawa PHCC,,,,,,,
8174,NEZ,YOBE,DAMATURU,MAISANDARI W.IBR.EST,MAISANDARI/WAZIRI/IBRAHIM,MAISANDARI PHCC,,,,,,,
8175,NEZ,YOBE,DAMATURU,MURFAKALAM,MURFA/KALAM,MURFA PHCC,,,,,,,
8176,NEZ,YOBE,DAMATURU,NAYINAWA,NAYINAWA,NAYINAWA PHCC,,,,,,,
8177,NEZ,YOBE,DAMATURU,NJIWAJI/GWANGE,NJIWAJI/GWANGE,GWANGE PHCC,,,,,,,
8178,NEZ,YOBE,FIKA,DAYA / CHANA,GARU,KUKAR GADU PHCC,,,,,,,
8179,NEZ,YOBE,FIKA,FIKA/ANZE,FIKA/ANZE,FIKA PHCC,,,,,,,
8180,NEZ,YOBE,FIKA,GAKADAISHEMBIRE,GADAKA/SHAMBERE,GADAKA PHCC,,,,,,,
8181,NEZ,YOBE,FIKA,GUDI/DOZI/GODOWOLI,GUDI/DOZI,GODOWOLI PHCC,,,,,,,
8182,NEZ,YOBE,FIKA,JANGA/BOZA,JANGA,GASHAKA PHCC,,,,,,,
8183,NEZ,YOBE,FIKA,MVBI / FUSAMI,MUBI FUSAMI,MUBI FUSAMI PHCC,,,,,,,
8184,NEZ,YOBE,FIKA,NGALDA/DUMBULWA,NGALDA/DUMBULUWA,DUMBULWA PHCC,,,,,,,
8185,NEZ,YOBE,FIKA,SHOYE/GARINABA,SHOYE,GARIN ABA PHCC,,,,,,,
8186,NEZ,YOBE,FIKA,TURMI/MALURI,TURMI/MALURI,MALURI PHCC,,,,,,,
8187,NEZ,YOBE,FIKA,ZANGAYA/MAZAWUN,ZANGAYA MAZAWUN,GARIN ARI PHCC,,,,,,,
8188,NEZ,YOBE,FUNE,ABAKIRE/NGELSHENGELE,NGELZARMA ‘B’,NGELSHENGELE PHCC,,,,,,,
8189,NEZ,YOBE,FUNE,ALAGARNO,ALAGARNO,ALAGARNO PHCC,,,,,,,
8190,NEZ,YOBE,FUNE,BORNOKIJI/BEBBENDE,JAJERE ‘B’,BORNO KICHI PHCC,,,,,,,
8191,NEZ,YOBE,FUNE,DAMAGUM TOWN,DAMAGUM ‘A’,DAMAGUM PHCC,,,,,,,
8192,NEZ,YOBE,FUNE,DAURA/BULANYIWA,DAURA ‘A’,DAURA PHCC,,,,,,,
8193,NEZ,YOBE,FUNE,DOGONKUKA/GISHISWARI,DAURA 'B',DOGON KIKA 'A' PHC,,,,,,,
8194,NEZ,YOBE,FUNE,FUNE/NGEZARMA,NGELARMA ‘A’,NGELZARMA PHCC,,,,,,,
8195,NEZ,YOBE,FUNE,GABATASHA/AIGADA,DAMAGUM ‘B’,AIGADA PHCC,,,,,,,
8196,NEZ,YOBE,FUNE,JAJERE/BANALEWA,JAJERE ‘A’,JAJERE PHCC,,,,,,,
8197,NEZ,YOBE,FUNE,KAYERI,KAYERI,KAYERI PHCC,,,,,,,
8198,NEZ,YOBE,FUNE,KOLERE/KAFAJE,KOLLERE/KAFAJE,KOLLERE PHCC,,,,,,,
8199,NEZ,YOBE,FUNE,MARMARI/GUDUGURKA,MARI-MARI/GUDUGURKA,DUFUNA/MARMARI/PHCC,,,,,,,
8200,NEZ,YOBE,FUNE,MASHIO,MASHIO,MASHIO PHCC,,,,,,,
8201,NEZ,YOBE,GEIDAM,DAMAKARWA/KUSUR,KUSUR,KUSUR,,,,,,,
8202,NEZ,YOBE,GEIDAM,GUMSA,GUMSA,GUMSA PHCC,,,,,,,
8203,NEZ,YOBE,GEIDAM,ASHEIKIRI,ASHEIKIRI,Asheikiri PHCC,,,,,,,
8204,NEZ,YOBE,GEIDAM,BALLE/GALLABA,Balle,Balle PHCC,,,,,,,
8205,NEZ,YOBE,GEIDAM,DEGINA/FUKURTI,Ma'ana,Ma'ana phcc,,,,,,,
8206,NEZ,YOBE,GEIDAM,FUTCHIMIRAM,Futchimiram,Futchimiram PHCC,,,,,,,
8207,NEZ,YOBE,GEIDAM,HAUSARI,HAUSARI,Lowcost PHCC,,,,,,,
8208,NEZ,YOBE,GEIDAM,ZURGU/BORKO,Zurgu ,Zurgu PHCC,,,,,,,
8209,NEZ,YOBE,GEIDAM,KAWURI,JORORO,DARWO PHCC,,,,,,,
8210,NEZ,YOBE,GEIDAM,MA'ANNA/DAGAMBI,0,GONIRI KUKAWA HEALTH CLINIC,,,,,,,
8211,NEZ,YOBE,GEIDAM,SHAME KURA/DILAWA,KOLORI,KUKA INDI PHCC,,,,,,,
8212,NEZ,YOBE,GUJBA,BUNIGARI LAWANTI,BUNI GARI,BUNI GARI PHCC,,,,,,,
8213,NEZ,YOBE,GUJBA,BUNIYADI NORTH/SOUTH,BUNI YADI,BUNI YADI PHCC,,,,,,,
8214,NEZ,YOBE,GUJBA,DADINGEL,DADINGEL,DADINGEL PHCC,,,,,,,
8215,NEZ,YOBE,GUJBA,GNURBUWA,NGURBUWA,NGURBUWA PHCC,,,,,,,
8216,NEZ,YOBE,GUJBA,GONIRI,GONIRI,GONIRI PHCC,,,,,,,
8217,NEZ,YOBE,GUJBA,GOTALA/GOTUMBA,GOTALA,GOTALA PHCC,,,,,,,
8218,NEZ,YOBE,GUJBA,GUJBA,GUJBA,KATARKO PHCC,,,,,,,
8219,NEZ,YOBE,GUJBA,GUJBA,GUJBA,GUJBA PHCC,,,,,,,
8220,NEZ,YOBE,GUJBA,MALLAM DUNARI,MALLAM DUNARI,Mallam PHCC,,,,,,,
8221,NEZ,YOBE,GUJBA,MUTAI,MUTAI,MUTAI PHCC,,,,,,,
8222,NEZ,YOBE,GUJBA,WAGIR,WAGIR,WAGIR PHCC,,,,,,,
8223,NEZ,YOBE,GULANI,BARA,BARA,BARA PHCC,,,,,,,
8224,NEZ,YOBE,GULANI,BORNOKIJI/TETEBA,TETTEBA,TETTEBA PHCC,,,,,,,
8225,NEZ,YOBE,GULANI,BULARAFA,BULARAFA,BULARAFA PHCC,,,,,,,
8226,NEZ,YOBE,GULANI,BUMSA,BUMSA,BUMSA PHCC,,,,,,,
8227,NEZ,YOBE,GULANI,DOKSHI,DOKSHI,DOKSHI PHCC,,,,,,,
8228,NEZ,YOBE,GULANI,GABAI,GABAI,GABAI PHCC,,,,,,,
8229,NEZ,YOBE,GULANI,GAGURE,GAGURE,GAGURE PHCC,,,,,,,
8230,NEZ,YOBE,GULANI,GARIN-TUWO,GARIN TUWO,GARIN TUWO PHCC,,,,,,,
8231,NEZ,YOBE,GULANI,GULANI,GULANI,GULANI PHCC,,,,,,,
8232,NEZ,YOBE,GULANI,KUSHIMAGA,KUSHIMAGA,KUSHIMAGA PHCC,,,,,,,
8233,NEZ,YOBE,GULANI,NJIBULWA,NJIBULWA,NJIBULWA PHCC,,,,,,,
8234,NEZ,YOBE,GULANI,RUHU,RUHU,RUHU PHCC,,,,,,,
8235,NEZ,YOBE,JAKUSKO,BUDUWA/SAMINAKA,BUDUWA/SAMINAKA,BUDUWA PHCC,,,,,,,
8236,NEZ,YOBE,JAKUSKO,DUMBARI,DUMBARI,DUMBARI PHCC,,,,,,,
8237,NEZ,YOBE,JAKUSKO,GIOGID/BAYAM,GIRGIR/BAYAM,GIRGIR PHCC,,,,,,,
8238,NEZ,YOBE,JAKUSKO,GORGORAM,GOGARAM,GOGARAM PHCC,,,,,,,
8239,NEZ,YOBE,JAKUSKO,JABA,JABA,JABA PHCC,,,,,,,
8240,NEZ,YOBE,JAKUSKO,JAKUSKO,JAKUSKO,JAKUSKO PHCC,,,,,,,
8241,NEZ,YOBE,JAKUSKO,JAWUR/KATAMMA,JAWUR/KATAMMA,GASAMU PHCC,,,,,,,
8242,NEZ,YOBE,JAKUSKO,LAFIYA LOILOI,LAFIYA LOILOI,LAFIYA PHCC,,,,,,,
8243,NEZ,YOBE,JAKUSKO,MUGURAM,MUGURAM,MUGURAM PHCC,,,,,,,
8244,NEZ,YOBE,JAKUSKO,ZABUDUM/DACHIA,ZABUDUM/DACHIA,AMSHI PHCC,,,,,,,
8245,NEZ,YOBE,KARASUWA,BUKARTI,BILAL JAWA,BUKARTI PHCC,,,,,,,
8246,NEZ,YOBE,KARASUWA,GARIN GAWO,GARIN GAWO,GARIN GAWO PHCC,,,,,,,
8247,NEZ,YOBE,KARASUWA,GASMA,GASMA,GASMA PHCC,,,,,,,
8248,NEZ,YOBE,KARASUWA,JAJIMAJI,JAJI MAJI,JAJI MAJI PHCC,,,,,,,
8249,NEZ,YOBE,KARASUWA,KARASUWA GALU,KARASUWA GALU,KARASUWA GALU PHCC,,,,,,,
8250,NEZ,YOBE,KARASUWA,WACHAKAL,WACHAKAL,WACHAKAL PHCC,,,,,,,
8251,NEZ,YOBE,KARASUWA,WARO,WARO,WARO PHCC,,,,,,,
8252,NEZ,YOBE,MACHINA,BOGO,BOGO,BOGO PHCC,,,,,,,
8253,NEZ,YOBE,MACHINA,DAMAI,DAMAI,DAMAI PHCC,,,,,,,
8254,NEZ,YOBE,MACHINA,DOLE,DOLE,DOLE PHCC,,,,,,,
8255,NEZ,YOBE,MACHINA,FALIMARAM,FALIMARAM,FALIMARAM PHCC,,,,,,,
8256,NEZ,YOBE,MACHINA,KOMIKOMMA,KONKOMMA,KONKOMMA PHCC,,,,,,,
8257,NEZ,YOBE,MACHINA,KUKA YASKU,KUKAYASKU,KUKAYASKU PHCC,,,,,,,
8258,NEZ,YOBE,MACHINA,LAMISU,LAMISU,LAMISU PHCC,,,,,,,
8259,NEZ,YOBE,MACHINA,MACHINA,MACHINA,MACHINA PHCC,,,,,,,
8260,NEZ,YOBE,MACHINA,MASKAWDARE,MASKANDARE,MASKANDARE PHCC,,,,,,,
8261,NEZ,YOBE,MACHINA,TAGANAMA,TAGANAMA,TAGANAMA PHCC,,,,,,,
8262,NEZ,YOBE,NANGERE,CHILLARIYE,CHILLARIYE,CHILLARIYE PHCC,,,,,,,
8263,NEZ,YOBE,NANGERE,DADI/CHUKWURUWA,CHUKURIWA,CHUKURIWA PHCC,,,,,,,
8264,NEZ,YOBE,NANGERE,DAEIGAU,DAZIGAU,DAZIGAU PHCC,,,,,,,
8265,NEZ,YOBE,NANGERE,DAWASA/GBABA,DAWASA/G.BABA,DAWASA PHCC,,,,,,,
8266,NEZ,YOBE,NANGERE,DEGUBI,DEGUBI,DEGUBI PHCC,,,,,,,
8267,NEZ,YOBE,NANGERE,KUKURI/CHIROMARI,KUKURI/CHIROMARI,KUKURI PHCC,,,,,,,
8268,NEZ,YOBE,NANGERE,LANGAWA,DARIN/LANGAWA,DAGARE PHCC,,,,,,,
8269,NEZ,YOBE,NANGERE,NANGERE,NANAGERE,SABON GARI PHCC,,,,,,,
8270,NEZ,YOBE,NANGERE,PAKARAU,DUDDAYE/FAKARAU,DUDDAYE PHCC,,,,,,,
8271,NEZ,YOBE,NANGERE,TIKAU,TIKAU,TIKAU PHCC,,,,,,,
8272,NEZ,YOBE,NANGERE,WATINANI,WATINANI,WATINANI PHCC,,,,,,,
8273,NEZ,YOBE,NGURU,BULABULIN,BULABULIN,BULABULIN PHCC,,,,,,,
8274,NEZ,YOBE,NGURU,BULAGUWA,BALANGUWA,BALANGUWA PHCC,,,,,,,
8275,NEZ,YOBE,NGURU,DABULE,DABULE,DABULE PHCC,,,,,,,
8276,NEZ,YOBE,NGURU,DUMSA/DOGON KUKA,DUMSAI,DUMSAI PHCC,,,,,,,
8277,NEZ,YOBE,NGURU,GARBI BOMBORI,NGARBI,BOMBORI PHCC,,,,,,,
8278,NEZ,YOBE,NGURU,HAUSARI,HAUSARI,HAUSARI PHCC,,,,,,,
8279,NEZ,YOBE,NGURU,KANURI,SG KANURI,BUBARI PHCC,,,,,,,
8280,NEZ,YOBE,NGURU,MAJAKURA,MAJAKURA,MAJAKURA PHCC,,,,,,,
8281,NEZ,YOBE,NGURU,MIRBA KABIR ISAGIR,AFUNORI,AFUN0RI PHCC,,,,,,,
8282,NEZ,YOBE,NGURU,NGILEWA,T/NGURU,NGILEWA PHCC,,,,,,,
8283,NEZ,YOBE,POTISKUM,BARE-BARI BANYA,BARE-BARI,MAZAGANE PHCC,,,,,,,
8284,NEZ,YOBE,POTISKUM,"BOLEWA ""A""",BOLEWA ‘A’,POTISKUM PHCC,,,,,,,
8285,NEZ,YOBE,POTISKUM,"BOLEWA ""B""",BOLEWA ‘B’,DOGON ZARE PHCC,,,,,,,
8286,NEZ,YOBE,POTISKUM,DANCHUWABUKA,DANCHUWA,DANCHUWA PHCC,,,,,,,
8287,NEZ,YOBE,POTISKUM,DOGO NINI,DOGO NINI,TUDUN WADA PHCC,,,,,,,
8288,NEZ,YOBE,POTISKUM,DOGO TEBO,DOGO TEBO,DOGO TEBO PHCC,,,,,,,
8289,NEZ,YOBE,POTISKUM,HAUSAWA M.SALE,HAUSAWA ASIBITI,HAUSAWA ASIBITI PHCC,,,,,,,
8290,NEZ,YOBE,POTISKUM,MAMUDO,MAMUDO,MAMUDO PHCC,,,,,,,
8291,NEZ,YOBE,POTISKUM,NGOJI AKARABA,NGOJIN ALARABA,BADEJO PHCC,,,,,,,
8292,NEZ,YOBE,POTISKUM,YARIMARAM,YARIMARAM,BULABULIN PHCC,,,,,,,
8293,NEZ,YOBE,TARMUWA,BABBANGIDA,BABBANGIDA,BABBANGIDA PHCC,,,,,,,
8294,NEZ,YOBE,TARMUWA,BARKAMI BULTURI,GODURAM,GODURAM PHCC,,,,,,,
8295,NEZ,YOBE,TARMUWA,BIRIRI/CHUROKUSKO,BIRIRI,CHIROKUSKO PHCC,,,,,,,
8296,NEZ,YOBE,TARMUWA,JUMBAM,JUMBAM,JUMBAM PHCC,,,,,,,
8297,NEZ,YOBE,TARMUWA,KOKA/SUNGUL,SUNGUL/KOKA,KOKA PHCC,,,,,,,
8298,NEZ,YOBE,TARMUWA,KORIYEL,KORIYEL,KORIYEL PHCC,,,,,,,
8299,NEZ,YOBE,TARMUWA,LANTAIWA,LANTEWA,LANTEWA PHCC,,,,,,,
8300,NEZ,YOBE,TARMUWA,MAFA,MAFA,MAFA PHCC,,,,,,,8464
8301,NEZ,YOBE,TARMUWA,MANDAADAA,MANDADA'A,MANDADA'A PHCC,,,,,,,8352
8302,NEZ,YOBE,TARMUWA,SHEKAU,SHEKAU,SHEKAU PHCC,,,,,,,112
8303,NEZ,YOBE,YUNUSARI,DARA/TOSHIA,TOSHIA,TOSHIA PHCC,,,,,,,
8304,NEZ,YOBE,YUNUSARI,DILALA / KALGI,DILALA/KALGI,KALGI PHCC,,,,,,,
8305,NEZ,YOBE,YUNUSARI,MAIRARI,MAIRARI,MAIRARI PHCC,,,,,,,
8306,NEZ,YOBE,YUNUSARI,MOROGUN/KUJARI,MOZOGUN,KUJARI PHCC,,,,,,,
8307,NEZ,YOBE,YUNUSARI,MOROGUN/KUJARI,MOZAGUN/KUJARI,Mozogun PHCC,,,,,,,
8308,NEZ,YOBE,YUNUSARI,BULTUWA/MAR/YARO,BULTUWA,Garin Gada PHCC,,,,,,,
8309,NEZ,YOBE,YUNUSARI,DEGALTURA/NGAZAI,Bultuwa/Mar/Ya,Degaltura PHCC,,,,,,,
8310,NEZ,YOBE,YUNUSARI,DEKWA,Dekwa,Dekwa PHCC,,,,,,,
8311,NEZ,YOBE,YUNUSARI,NGIRABO,YUNUSARI,YUNUSARI PHCC,,,,,,,
8312,NEZ,YOBE,YUNUSARI,WADI/KAFIYA,KAFIYA,KAFIYA PHCC,,,,,,,
8313,NEZ,YOBE,YUNUSARI,ZAJIBIRIRI/DAMBRI/ZAY,ZAJIBIRIRI,ZAJIBIRIRI PHCC,,,,,,,
8314,NEZ,YOBE,YUSUFARI,GUMSHI CENT.,GUMSHI,GUMSHI,,,,,,,
8315,NEZ,YOBE,YUSUFARI,GUYA CENT.,GUYA,GUYA,,,,,,,
8316,NEZ,YOBE,YUSUFARI,JEBUWA CENT.,JEBUWA,JEBUWA,,,,,,,
8317,NEZ,YOBE,YUSUFARI,KAJIMARAM SUMB.,SUMBAR,KAJIMARAM,,,,,,,
8318,NEZ,YOBE,YUSUFARI,KASKATULOTULO,TULOTULO,TULOTULO,,,,,,,
8319,NEZ,YOBE,YUSUFARI,KUMAGANAM,KUMAGANNAM,KUMAGANNAM,,,,,,,
8320,NEZ,YOBE,YUSUFARI,MAIMALARI(ALANSIRI),MAIMALARI,MAIMALARI,,,,,,,
8321,NEZ,YOBE,YUSUFARI,MAIYORI CENT.,MAYORI,MAYORI,,,,,,,
8322,NEZ,YOBE,YUSUFARI,MDIMASARI CENT.,BULATURA,BULATURA,,,,,,,
8323,NEZ,YOBE,YUSUFARI,YUSUFORI CENT.,YUSUFARI,YUSUFARI,,,,,,,
8324,NWZ,ZAMFARA,ANKA,BAGEGA,,PHC UNG BAWA,,,,,,,
8325,NWZ,ZAMFARA,ANKA,BARAYAR ZAKI,,PHC RAFIN GERO,,,,,,,
8326,NWZ,ZAMFARA,ANKA,DANGALADIMA,,WCWC,,,,,,,
8327,NWZ,ZAMFARA,ANKA,GALADIMA,,GALADIMAWA HEALTH POST,,,,,,,
8328,NWZ,ZAMFARA,ANKA,MAGAJI,,MAGAJI PHCC,,,,,,,
8329,NWZ,ZAMFARA,ANKA,MATSERI,,GIMA PHC,,,,,,,
8330,NWZ,ZAMFARA,ANKA,SABON BIRNI,,SABON BIRNI,,,,,,,
8331,NWZ,ZAMFARA,ANKA,WARAMU,,PHC WARAMU,,,,,,,
8332,NWZ,ZAMFARA,ANKA,WUYA,,PHC WUYA,,,,,,,
8333,NWZ,ZAMFARA,ANKA,YAR SABAWA,,PHC YARSABAYA,,,,,,,
8334,NWZ,ZAMFARA,BAKURA,BAKURA,,OLPC,,,,,,,
8335,NWZ,ZAMFARA,BAKURA,BIRNIN TUDU,,BIRININ TUDU DISP,,,,,,,
8336,NWZ,ZAMFARA,BAKURA,DAKKO,,ASIBITIN DAKKO,,,,,,,
8337,NWZ,ZAMFARA,BAKURA,DAMRI,,ASIBITI,,,,,,,
8338,NWZ,ZAMFARA,BAKURA,DANKADU,,DAMBO PHC,,,,,,,
8339,NWZ,ZAMFARA,BAKURA,DANMANO,,DANMANAU DISP,,,,,,,
8340,NWZ,ZAMFARA,BAKURA,NASARAWA,,NASARAWA PHC,,,,,,,
8341,NWZ,ZAMFARA,BAKURA,RINI,,RINI PHC,,,,,,,
8342,NWZ,ZAMFARA,BAKURA,YARGEDA,,YARGEDA DISP,,,,,,,
8343,NWZ,ZAMFARA,BAKURA,YARKUFOJI,,YARKOFOJI PHC,,,,,,,
8344,NWZ,ZAMFARA,BIRNIN MAGAJI,BIRNIN MAGAJI,,WCWC PHC,,,,,,,
8345,NWZ,ZAMFARA,BIRNIN MAGAJI,DANFAMI SABON BIRNIN,,NPHC SABON BIRNI,,,,,,,
8346,NWZ,ZAMFARA,BIRNIN MAGAJI,GORA,,PHC BAFAI GORA,,,,,,,
8347,NWZ,ZAMFARA,BIRNIN MAGAJI,GUSAMI GARI,,PHC GUSAMI,,,,,,,
8348,NWZ,ZAMFARA,BIRNIN MAGAJI,GUSAMI HAYI,,PHC  MAIKURU,,,,,,,
8349,NWZ,ZAMFARA,BIRNIN MAGAJI,KIYAWA,,BHC NASARAWQ MAILAYI,,,,,,,
8350,NWZ,ZAMFARA,BIRNIN MAGAJI,MODOMAWA EAST,,MPHC BILLASHE,,,,,,,
8351,NWZ,ZAMFARA,BIRNIN MAGAJI,MODOMAWA WEST,,PHC MODOMAWA,,,,,,,
8352,NWZ,ZAMFARA,BIRNIN MAGAJI,NASARAWA GODAL WEST,,N GODEL PHC,,,,,,,
8353,NWZ,ZAMFARA,BUKKUYUM,ADBKA,,ADABKA PHC,,,,,,,
8354,NWZ,ZAMFARA,BUKKUYUM,BUKKUYUM,,OLPC,,,,,,,
8355,NWZ,ZAMFARA,BUKKUYUM,GWASHI,,PHC GWASHI ,,,,,,,
8356,NWZ,ZAMFARA,BUKKUYUM,KYARAM,,GADA ZAIMA PHC,,,,,,,
8357,NWZ,ZAMFARA,BUKKUYUM,MASAMA,,MASAMA PHC,,,,,,,
8358,NWZ,ZAMFARA,BUKKUYUM,NASARAWA,,NASARAWA PHC,,,,,,,
8359,NWZ,ZAMFARA,BUKKUYUM,RUWAN JEMA,,RUWAR JEMA PHC,,,,,,,
8360,NWZ,ZAMFARA,BUKKUYUM,YASHI,,YASHI PHC,,,,,,,
8361,NWZ,ZAMFARA,BUKKUYUM,ZARUMMAI,,ZARUMMAI PHC,,,,,,,
8362,NWZ,ZAMFARA,BUKKUYUM,ZAUMA,,ZAUMA PHC,,,,,,,
8363,NWZ,ZAMFARA,BUNGUDU,BINGI NORTH,,KEKUN WAJE PHC,,,,,,,
8364,NWZ,ZAMFARA,BUNGUDU,BINGI SOUTH,,KURAR MOTA PHC,,,,,,,
8365,NWZ,ZAMFARA,BUNGUDU,BUNGUDU,,WCWC,,,,,,,
8366,NWZ,ZAMFARA,BUNGUDU,FURFURI / KWAIKWAI,,FURFURI PHC,,,,,,,
8367,NWZ,ZAMFARA,BUNGUDU,GADA / KARAKKAI,,GADA PHC,,,,,,,
8368,NWZ,ZAMFARA,BUNGUDU,KWATARKWASHI,,KWATARKWASHI PHC,,,,,,,
8369,NWZ,ZAMFARA,BUNGUDU,NAHUCHE,,NAHUCHE PHC,,,,,,,
8370,NWZ,ZAMFARA,BUNGUDU,RAWAYYA / BELA,,BELA HC,,,,,,,
8371,NWZ,ZAMFARA,BUNGUDU,SANKALAWA,,SANKALAWA HC,,,,,,,
8372,NWZ,ZAMFARA,GUMMI,BARDOKI,,GWALLI DISP,,,,,,,
8373,NWZ,ZAMFARA,GUMMI,BIRNIN MAGAJI,,KWAMMMAKA,,,,,,,
8374,NWZ,ZAMFARA,GUMMI,BIRNIN TUDU,,LESHI DISP,,,,,,,
8375,NWZ,ZAMFARA,GUMMI,FALALE,,IYAKA DISP,,,,,,,
8376,NWZ,ZAMFARA,GUMMI,FELFEDU,,0,,,,,,,
8377,NWZ,ZAMFARA,GUMMI,GAYARI,,GAYARI PHC,,,,,,,
8378,NWZ,ZAMFARA,GUMMI,GYALANGE,,GABTU PHC,,,,,,,
8379,NWZ,ZAMFARA,GUMMI,ILLELAR AWWAL,,KURFA DISP,,,,,,,
8380,NWZ,ZAMFARA,GUMMI,MAGAJIN GARI,,TOWN DISP,,,,,,,
8381,NWZ,ZAMFARA,GUMMI,SHIYAR RAFI,,LEMA BABBA PHC,,,,,,,
8382,NWZ,ZAMFARA,GUMMI,UBAN DAWAKI,,GIDAN KADE PHC,,,,,,,
8383,NWZ,ZAMFARA,GUSAU,GALADIMA,,WCWC KWATA,,,,,,,
8384,NWZ,ZAMFARA,GUSAU,MADA,,MADA PHC,,,,,,,
8385,NWZ,ZAMFARA,GUSAU,MADAWAKI,,GADA BIYU PHC,,,,,,,
8386,NWZ,ZAMFARA,GUSAU,MAYANA,,SHAGARI PHC,,,,,,,
8387,NWZ,ZAMFARA,GUSAU,RIJIYA,,PHC RIJIYA,,,,,,,
8388,NWZ,ZAMFARA,GUSAU,SABON GARI,,SABON GARI PHC CENTRE,,,,,,,
8389,NWZ,ZAMFARA,GUSAU,TUDUN WADA,,WCWC TUNDUN WADA,,,,,,,
8390,NWZ,ZAMFARA,GUSAU,WANKE,,WANKE PHC,,,,,,,
8391,NWZ,ZAMFARA,KAURA NAMODA,BANGA,,PHC BANGA,,,,,,,
8392,NWZ,ZAMFARA,KAURA NAMODA,DAN ISAH,,PHC DAN ISA,,,,,,,
8393,NWZ,ZAMFARA,KAURA NAMODA,GABAKE,,GABAKE PHC,,,,,,,
8394,NWZ,ZAMFARA,KAURA NAMODA,GALADIMA / DANGALADIMA,,MAGIZAWA PHC,,,,,,,
8395,NWZ,ZAMFARA,KAURA NAMODA,KAGARA,,PHC FALAU,,,,,,,
8396,NWZ,ZAMFARA,KAURA NAMODA,KUNGURKI,,MDG PHC,,,,,,,
8397,NWZ,ZAMFARA,KAURA NAMODA,KURYAR MADARO,,KURYA PHC,,,,,,,
8398,NWZ,ZAMFARA,KAURA NAMODA,KYAMBARAWA,,KASUWAR DAJI PHC,,,,,,,
8399,NWZ,ZAMFARA,KAURA NAMODA,S / BAURA/S. MARAFA,,KURAWCWC PHC,,,,,,,
8400,NWZ,ZAMFARA,KAURA NAMODA,SAKAJIKI,,SAKAJIKI PHC,,,,,,,
8401,NWZ,ZAMFARA,KAURA NAMODA,YANKABA,,YANKABA PHC,,,,,,,
8402,NWZ,ZAMFARA,MARADUN,BIRNIN KAYA/DOSARA,,DOSARA PHC,,,,,,,
8403,NWZ,ZAMFARA,MARADUN,DAMAGA/GAMA GIWA,,DAMAGA PHC,,,,,,,
8404,NWZ,ZAMFARA,MARADUN,FARU/MAGAMI,,PHC MAGAMI,,,,,,,
8405,NWZ,ZAMFARA,MARADUN,GIDAN GORA,,PHCC GIDAN GOGA,,,,,,,
8406,NWZ,ZAMFARA,MARADUN,GORA,,GORA HEALTH POST,,,,,,,
8407,NWZ,ZAMFARA,MARADUN,JAN BAKO,,JANBAKO PHC,,,,,,,
8408,NWZ,ZAMFARA,MARADUN,KAYA,,KAYA PHC,,,,,,,
8409,NWZ,ZAMFARA,MARADUN,MARADUN NORTH,,PHC GIDAN DAWA,,,,,,,
8410,NWZ,ZAMFARA,MARADUN,MARADUN SOUTH,,OLPC,,,,,,,
8411,NWZ,ZAMFARA,MARADUN,TSIBIRI,,PHC TSIBIRI,,,,,,,
8412,NWZ,ZAMFARA,MARU,BINDIN,,BINDIN BHC,,,,,,,
8413,NWZ,ZAMFARA,MARU,BINGI,,PRIMARY HEALTH CARE BINGI ,,,,,,,
8414,NWZ,ZAMFARA,MARU,DANKULBI,,DANGULBI PHC,,,,,,,
8415,NWZ,ZAMFARA,MARU,DANKURMI,,PHC DANKURMI,,,,,,,
8416,NWZ,ZAMFARA,MARU,DANSADAU,,PHC DANSADAU,,,,,,,
8417,NWZ,ZAMFARA,MARU,KANOMA,,KANOMA PHC,,,,,,,
8418,NWZ,ZAMFARA,MARU,KUYAMBANA,,PHC DANDALLAH,,,,,,,
8419,NWZ,ZAMFARA,MARU,MARU,,MARU MCH,,,,,,,
8420,NWZ,ZAMFARA,MARU,MAYANCI,,MAYANCHI BHC,,,,,,,
8421,NWZ,ZAMFARA,MARU,RUWAN DORUWA,,RUWAN DORUWA PHC,,,,,,,
8422,NWZ,ZAMFARA,SHINKAFI,BADARAWA,,BADARAWA PHC,,,,,,,
8423,NWZ,ZAMFARA,SHINKAFI,CHIKI,,BIRNIN YERO PHC,,,,,,,
8424,NWZ,ZAMFARA,SHINKAFI,GALADI,,GALADI PHC,,,,,,,
8425,NWZ,ZAMFARA,SHINKAFI,JANGERU,,JANGERU PHC,,,,,,,
8426,NWZ,ZAMFARA,SHINKAFI,KATURU,,KATURU PHC,,,,,,,
8427,NWZ,ZAMFARA,SHINKAFI,KURYA,,KURYA PHC,,,,,,,
8428,NWZ,ZAMFARA,SHINKAFI,KWARE,,KWARE PHC,,,,,,,
8429,NWZ,ZAMFARA,SHINKAFI,SHANAWA,,PHC SHANAWA,,,,,,,
8430,NWZ,ZAMFARA,SHINKAFI,SHINKAFI NORTH,,WCWC,,,,,,,
8431,NWZ,ZAMFARA,SHINKAFI,SHINKAFI SOUTH,,OLPC,,,,,,,
8432,NWZ,ZAMFARA,TALATA MAFARA,GARBADU,,GARBADU PHC,,,,,,,
8433,NWZ,ZAMFARA,TALATA MAFARA,GWARAM,,GWARAM PHC,,,,,,,
8434,NWZ,ZAMFARA,TALATA MAFARA,JANGEBE,,JANGEBE PHC,,,,,,,
8435,NWZ,ZAMFARA,TALATA MAFARA,KAGARA,,KAGARA HEALTH POST,,,,,,,
8436,NWZ,ZAMFARA,TALATA MAFARA,MORAI,,MORAI PHC,,,,,,,
8437,NWZ,ZAMFARA,TALATA MAFARA,RUWAN BORE,,PHC RUWAN BORE,,,,,,,
8438,NWZ,ZAMFARA,TALATA MAFARA,RUWAN GIZO,,RUWAN GIZO PHC,,,,,,,
8439,NWZ,ZAMFARA,TALATA MAFARA,SAUNA/RUWAN GORA,,SAUNA PHC,,,,,,,
8440,NWZ,ZAMFARA,TALATA MAFARA,SH/KAYATE MATUSGI,,MATUSGI PHC,,,,,,,
8441,NWZ,ZAMFARA,TALATA MAFARA,SHIYA GALADIMA,,ORPHAN AND LESS PREVILEDGE CLIN,,,,,,,
8442,NWZ,ZAMFARA,TALATA MAFARA,TAKE - TSABA/MAKERA,,PHC MATUSGI,,,,,,,
8443,NWZ,ZAMFARA,TSAFE,BILBIS,,BILBIS PHC,,,,,,,
8444,NWZ,ZAMFARA,TSAFE,CHEDIYA,,CHEDIYA PHC,,,,,,,
8445,NWZ,ZAMFARA,TSAFE,DANJIGBA K. KALGO,,DANJIBGA PHC,,,,,,,
8446,NWZ,ZAMFARA,TSAFE,DAUKI,,DAUKI PHC,,,,,,,
8447,NWZ,ZAMFARA,TSAFE,KETA/KIZARA,,KETA PHC,,,,,,,
8448,NWZ,ZAMFARA,TSAFE,KWAREN GANUWA,,KWAREN GANUWA DISP,,,,,,,
8449,NWZ,ZAMFARA,TSAFE,TSAFE CENTRAL,,BABBAN KYAUYE PHC,,,,,,,
8450,NWZ,ZAMFARA,TSAFE,YANDOTON DAJI,,YANDOTON DAJI PHC,,,,,,,
8451,NWZ,ZAMFARA,TSAFE,YANKUZO 'A',,YANKUZO A PHC,,,,,,,
8452,NWZ,ZAMFARA,TSAFE,YANKUZO 'B',,HAYIN ALHAJI PHC,,,,,,,
8453,NWZ,ZAMFARA,TSAFE,YANWAREN DAJI,,YANWARE PHC,,,,,,,
8454,NWZ,ZAMFARA,ZURMI,BOKO,,PHC BOKO,,,,,,,
8455,NWZ,ZAMFARA,ZURMI,DAURAN / BIRNIN TSABA,,PHC DAURAN,,,,,,,
8456,NWZ,ZAMFARA,ZURMI,DOLE,,DOLE BHC,,,,,,,
8457,NWZ,ZAMFARA,ZURMI,GALADIMA / YAN RUWA,,PHC MORIKI,,,,,,,
8458,NWZ,ZAMFARA,ZURMI,KANWA,,KANWA PHC,,,,,,,
8459,NWZ,ZAMFARA,ZURMI,KUTURU/MAYASA,,MAYASA MPHC,,,,,,,
8460,NWZ,ZAMFARA,ZURMI,KWASHABAWA,,PHC KWASHABAWA,,,,,,,
8461,NWZ,ZAMFARA,ZURMI,MASHEMA,,PHC MASHEMA,,,,,,,
8462,NWZ,ZAMFARA,ZURMI,RUKUDAWA,,TSANU PHC,,,,,,,
8463,NWZ,ZAMFARA,ZURMI,YANBUKI/DUTSI,,YANBUKI HC,,,,,,,
8464,NWZ,ZAMFARA,ZURMI,ZURMI,,ZURMI PHC,,,,,,,
